worker_id,year,month,platform,monthly_income,workdays,n_platforms_active,is_holiday_season,pattern,job,work_type
1,2024,6,대리주부,1382000,15,3,0,regular,care_cleaning,primary
1,2024,7,대리주부,1807000,17,3,0,regular,care_cleaning,primary
1,2024,8,대리주부,1403000,15,3,0,regular,care_cleaning,primary
1,2024,9,대리주부,1761000,17,3,1,regular,care_cleaning,primary
1,2024,10,대리주부,1636000,19,3,0,regular,care_cleaning,primary
1,2024,11,대리주부,1546000,18,3,0,regular,care_cleaning,primary
1,2024,12,대리주부,1727000,19,3,1,regular,care_cleaning,primary
1,2025,1,대리주부,1313000,13,3,1,regular,care_cleaning,primary
1,2025,2,대리주부,1741000,18,3,1,regular,care_cleaning,primary
1,2025,3,대리주부,1797000,20,3,0,regular,care_cleaning,primary
1,2025,4,대리주부,1854000,19,3,0,regular,care_cleaning,primary
1,2025,5,대리주부,2106000,21,3,0,regular,care_cleaning,primary
1,2025,6,대리주부,1689000,18,3,0,regular,care_cleaning,primary
1,2025,7,대리주부,1777000,18,3,0,regular,care_cleaning,primary
1,2025,8,대리주부,1750000,21,3,0,regular,care_cleaning,primary
1,2025,9,대리주부,1677000,17,3,1,regular,care_cleaning,primary
1,2025,10,대리주부,1856000,22,3,0,regular,care_cleaning,primary
1,2025,11,대리주부,1498000,18,3,0,regular,care_cleaning,primary
1,2025,12,대리주부,2272000,21,3,1,regular,care_cleaning,primary
1,2026,1,대리주부,1564000,17,3,1,regular,care_cleaning,primary
1,2026,2,대리주부,1752000,23,3,1,regular,care_cleaning,primary
1,2026,3,대리주부,1793000,22,3,0,regular,care_cleaning,primary
1,2026,4,대리주부,1461000,16,3,0,regular,care_cleaning,primary
1,2026,5,대리주부,1679000,22,3,0,regular,care_cleaning,primary
2,2024,6,요기요,1705000,16,2,0,regular,delivery_transport,primary
2,2024,7,요기요,2116000,24,2,0,regular,delivery_transport,primary
2,2024,8,요기요,2008000,19,2,0,regular,delivery_transport,primary
2,2024,9,요기요,2009000,19,2,1,regular,delivery_transport,primary
2,2024,10,요기요,1434000,14,2,0,regular,delivery_transport,primary
2,2024,11,요기요,2490000,23,2,0,regular,delivery_transport,primary
2,2024,12,요기요,2021000,22,2,1,regular,delivery_transport,primary
2,2025,1,요기요,2116000,24,2,1,regular,delivery_transport,primary
2,2025,2,요기요,1629000,15,2,1,regular,delivery_transport,primary
2,2025,3,요기요,1734000,20,2,0,regular,delivery_transport,primary
2,2025,4,요기요,1711000,18,2,0,regular,delivery_transport,primary
2,2025,5,요기요,2013000,24,2,0,regular,delivery_transport,primary
2,2025,6,요기요,1521000,19,2,0,regular,delivery_transport,primary
2,2025,7,요기요,2710000,29,2,0,regular,delivery_transport,primary
2,2025,8,요기요,2244000,21,2,0,regular,delivery_transport,primary
2,2025,9,요기요,2034000,22,2,1,regular,delivery_transport,primary
2,2025,10,요기요,2792000,29,2,0,regular,delivery_transport,primary
2,2025,11,요기요,1991000,19,2,0,regular,delivery_transport,primary
2,2025,12,요기요,2802000,26,2,1,regular,delivery_transport,primary
2,2026,1,요기요,2068000,22,2,1,regular,delivery_transport,primary
2,2026,2,요기요,1931000,20,2,1,regular,delivery_transport,primary
2,2026,3,요기요,1923000,18,2,0,regular,delivery_transport,primary
2,2026,4,요기요,2359000,29,2,0,regular,delivery_transport,primary
2,2026,5,요기요,2188000,21,2,0,regular,delivery_transport,primary
3,2024,6,생각대로,0,0,0,0,irregular,delivery_transport,primary
3,2024,7,생각대로,4399000,30,1,0,irregular,delivery_transport,primary
3,2024,8,생각대로,7216000,29,1,0,irregular,delivery_transport,primary
3,2024,9,생각대로,0,0,0,1,irregular,delivery_transport,primary
3,2024,10,생각대로,3193000,27,1,0,irregular,delivery_transport,primary
3,2024,11,생각대로,2412000,21,1,0,irregular,delivery_transport,primary
3,2024,12,생각대로,0,0,0,1,irregular,delivery_transport,primary
3,2025,1,생각대로,3125000,29,1,1,irregular,delivery_transport,primary
3,2025,2,생각대로,2307000,22,1,1,irregular,delivery_transport,primary
3,2025,3,생각대로,4129000,24,1,0,irregular,delivery_transport,primary
3,2025,4,생각대로,3617000,31,1,0,irregular,delivery_transport,primary
3,2025,5,생각대로,2472000,21,1,0,irregular,delivery_transport,primary
3,2025,6,생각대로,2122000,16,1,0,irregular,delivery_transport,primary
3,2025,7,생각대로,3093000,23,1,0,irregular,delivery_transport,primary
3,2025,8,생각대로,2704000,23,1,0,irregular,delivery_transport,primary
3,2025,9,생각대로,3239000,32,1,1,irregular,delivery_transport,primary
3,2025,10,생각대로,1832000,16,1,0,irregular,delivery_transport,primary
3,2025,11,생각대로,2833000,21,1,0,irregular,delivery_transport,primary
3,2025,12,생각대로,4547000,31,1,1,irregular,delivery_transport,primary
3,2026,1,생각대로,1746000,14,1,1,irregular,delivery_transport,primary
3,2026,2,생각대로,4562000,24,1,1,irregular,delivery_transport,primary
3,2026,3,생각대로,3461000,27,1,0,irregular,delivery_transport,primary
3,2026,4,생각대로,5319000,25,1,0,irregular,delivery_transport,primary
3,2026,5,생각대로,3550000,30,1,0,irregular,delivery_transport,primary
4,2024,6,카카오모빌리티,2380000,29,1,0,seasonal,delivery_transport,primary
4,2024,7,카카오모빌리티,1995000,20,1,0,seasonal,delivery_transport,primary
4,2024,8,카카오모빌리티,1893000,22,1,0,seasonal,delivery_transport,primary
4,2024,9,카카오모빌리티,2019000,19,1,1,seasonal,delivery_transport,primary
4,2024,10,카카오모빌리티,1834000,19,1,0,seasonal,delivery_transport,primary
4,2024,11,카카오모빌리티,2256000,21,1,0,seasonal,delivery_transport,primary
4,2024,12,카카오모빌리티,2425000,23,1,1,seasonal,delivery_transport,primary
4,2025,1,카카오모빌리티,1575000,14,1,1,seasonal,delivery_transport,primary
4,2025,2,카카오모빌리티,1769000,20,1,1,seasonal,delivery_transport,primary
4,2025,3,카카오모빌리티,1612000,19,1,0,seasonal,delivery_transport,primary
4,2025,4,카카오모빌리티,1799000,17,1,0,seasonal,delivery_transport,primary
4,2025,5,카카오모빌리티,2535000,24,1,0,seasonal,delivery_transport,primary
4,2025,6,카카오모빌리티,1859000,22,1,0,seasonal,delivery_transport,primary
4,2025,7,카카오모빌리티,1563000,16,1,0,seasonal,delivery_transport,primary
4,2025,8,카카오모빌리티,1968000,19,1,0,seasonal,delivery_transport,primary
4,2025,9,카카오모빌리티,1323000,14,1,1,seasonal,delivery_transport,primary
4,2025,10,카카오모빌리티,2345000,27,1,0,seasonal,delivery_transport,primary
4,2025,11,카카오모빌리티,2047000,22,1,0,seasonal,delivery_transport,primary
4,2025,12,카카오모빌리티,2287000,28,1,1,seasonal,delivery_transport,primary
4,2026,1,카카오모빌리티,1257000,12,1,1,seasonal,delivery_transport,primary
4,2026,2,카카오모빌리티,1234000,13,1,1,seasonal,delivery_transport,primary
4,2026,3,카카오모빌리티,1448000,13,1,0,seasonal,delivery_transport,primary
4,2026,4,카카오모빌리티,2264000,24,1,0,seasonal,delivery_transport,primary
4,2026,5,카카오모빌리티,1991000,25,1,0,seasonal,delivery_transport,primary
5,2024,6,쿠팡이츠,2172000,16,3,0,regular,delivery_transport,primary
5,2024,7,쿠팡이츠,2363000,22,3,0,regular,delivery_transport,primary
5,2024,8,쿠팡이츠,2957000,25,3,0,regular,delivery_transport,primary
5,2024,9,쿠팡이츠,2271000,19,3,1,regular,delivery_transport,primary
5,2024,10,쿠팡이츠,2672000,25,3,0,regular,delivery_transport,primary
5,2024,11,쿠팡이츠,2893000,25,3,0,regular,delivery_transport,primary
5,2024,12,쿠팡이츠,2622000,23,3,1,regular,delivery_transport,primary
5,2025,1,쿠팡이츠,2876000,27,3,1,regular,delivery_transport,primary
5,2025,2,쿠팡이츠,2407000,20,3,1,regular,delivery_transport,primary
5,2025,3,쿠팡이츠,2756000,20,3,0,regular,delivery_transport,primary
5,2025,4,쿠팡이츠,2183000,19,3,0,regular,delivery_transport,primary
5,2025,5,쿠팡이츠,2624000,19,3,0,regular,delivery_transport,primary
5,2025,6,쿠팡이츠,2804000,21,3,0,regular,delivery_transport,primary
5,2025,7,쿠팡이츠,2281000,18,3,0,regular,delivery_transport,primary
5,2025,8,쿠팡이츠,2347000,22,3,0,regular,delivery_transport,primary
5,2025,9,쿠팡이츠,2417000,21,3,1,regular,delivery_transport,primary
5,2025,10,쿠팡이츠,2057000,17,3,0,regular,delivery_transport,primary
5,2025,11,쿠팡이츠,2448000,19,3,0,regular,delivery_transport,primary
5,2025,12,쿠팡이츠,2559000,24,3,1,regular,delivery_transport,primary
5,2026,1,쿠팡이츠,2575000,20,3,1,regular,delivery_transport,primary
5,2026,2,쿠팡이츠,2046000,16,3,1,regular,delivery_transport,primary
5,2026,3,쿠팡이츠,2521000,21,3,0,regular,delivery_transport,primary
5,2026,4,쿠팡이츠,2544000,23,3,0,regular,delivery_transport,primary
5,2026,5,쿠팡이츠,2810000,26,3,0,regular,delivery_transport,primary
6,2024,6,생각대로,1055000,8,1,0,regular,delivery_transport,occasional
6,2024,7,생각대로,1050000,8,1,0,regular,delivery_transport,occasional
6,2024,8,생각대로,1164000,10,1,0,regular,delivery_transport,occasional
6,2024,9,생각대로,1178000,12,1,1,regular,delivery_transport,occasional
6,2024,10,생각대로,949000,8,1,0,regular,delivery_transport,occasional
6,2024,11,생각대로,1222000,13,1,0,regular,delivery_transport,occasional
6,2024,12,생각대로,1144000,10,1,1,regular,delivery_transport,occasional
6,2025,1,생각대로,879000,7,1,1,regular,delivery_transport,occasional
6,2025,2,생각대로,908000,8,1,1,regular,delivery_transport,occasional
6,2025,3,생각대로,1165000,12,1,0,regular,delivery_transport,occasional
6,2025,4,생각대로,1218000,12,1,0,regular,delivery_transport,occasional
6,2025,5,생각대로,1134000,9,1,0,regular,delivery_transport,occasional
6,2025,6,생각대로,837000,8,1,0,regular,delivery_transport,occasional
6,2025,7,생각대로,1254000,10,1,0,regular,delivery_transport,occasional
6,2025,8,생각대로,1211000,11,1,0,regular,delivery_transport,occasional
6,2025,9,생각대로,1068000,9,1,1,regular,delivery_transport,occasional
6,2025,10,생각대로,1186000,9,1,0,regular,delivery_transport,occasional
6,2025,11,생각대로,1324000,13,1,0,regular,delivery_transport,occasional
6,2025,12,생각대로,1538000,11,1,1,regular,delivery_transport,occasional
6,2026,1,생각대로,1196000,12,1,1,regular,delivery_transport,occasional
6,2026,2,생각대로,934000,9,1,1,regular,delivery_transport,occasional
6,2026,3,생각대로,1195000,12,1,0,regular,delivery_transport,occasional
6,2026,4,생각대로,1059000,9,1,0,regular,delivery_transport,occasional
6,2026,5,생각대로,1251000,11,1,0,regular,delivery_transport,occasional
7,2024,6,크몽,4919000,24,1,0,irregular,professional,primary
7,2024,7,크몽,3469000,28,1,0,irregular,professional,primary
7,2024,8,크몽,974000,11,1,0,irregular,professional,primary
7,2024,9,크몽,2971000,28,1,1,irregular,professional,primary
7,2024,10,크몽,0,0,0,0,irregular,professional,primary
7,2024,11,크몽,0,0,0,0,irregular,professional,primary
7,2024,12,크몽,1415000,14,1,1,irregular,professional,primary
7,2025,1,크몽,2325000,25,1,1,irregular,professional,primary
7,2025,2,크몽,1458000,14,1,1,irregular,professional,primary
7,2025,3,크몽,0,0,0,0,irregular,professional,primary
7,2025,4,크몽,0,0,0,0,irregular,professional,primary
7,2025,5,크몽,1498000,17,1,0,irregular,professional,primary
7,2025,6,크몽,0,0,0,0,irregular,professional,primary
7,2025,7,크몽,2649000,30,1,0,irregular,professional,primary
7,2025,8,크몽,2463000,26,1,0,irregular,professional,primary
7,2025,9,크몽,676000,7,1,1,irregular,professional,primary
7,2025,10,크몽,2058000,19,1,0,irregular,professional,primary
7,2025,11,크몽,6402000,27,1,0,irregular,professional,primary
7,2025,12,크몽,1372000,13,1,1,irregular,professional,primary
7,2026,1,크몽,7444000,23,1,1,irregular,professional,primary
7,2026,2,크몽,8238000,25,1,1,irregular,professional,primary
7,2026,3,크몽,7436000,30,1,0,irregular,professional,primary
7,2026,4,크몽,1035000,10,1,0,irregular,professional,primary
7,2026,5,크몽,578000,6,1,0,irregular,professional,primary
8,2024,6,크라우드웍스,350000,4,1,0,irregular,simple_computer,primary
8,2024,7,크라우드웍스,2311000,23,1,0,irregular,simple_computer,primary
8,2024,8,크라우드웍스,2210000,23,1,0,irregular,simple_computer,primary
8,2024,9,크라우드웍스,1740000,21,1,1,irregular,simple_computer,primary
8,2024,10,크라우드웍스,1480000,19,1,0,irregular,simple_computer,primary
8,2024,11,크라우드웍스,2678000,29,1,0,irregular,simple_computer,primary
8,2024,12,크라우드웍스,899000,11,1,1,irregular,simple_computer,primary
8,2025,1,크라우드웍스,1184000,15,1,1,irregular,simple_computer,primary
8,2025,2,크라우드웍스,1283000,16,1,1,irregular,simple_computer,primary
8,2025,3,크라우드웍스,1392000,17,1,0,irregular,simple_computer,primary
8,2025,4,크라우드웍스,1031000,10,1,0,irregular,simple_computer,primary
8,2025,5,크라우드웍스,2219000,28,1,0,irregular,simple_computer,primary
8,2025,6,크라우드웍스,1068000,12,1,0,irregular,simple_computer,primary
8,2025,7,크라우드웍스,1067000,12,1,0,irregular,simple_computer,primary
8,2025,8,크라우드웍스,2370000,29,1,0,irregular,simple_computer,primary
8,2025,9,크라우드웍스,929000,11,1,1,irregular,simple_computer,primary
8,2025,10,크라우드웍스,1983000,23,1,0,irregular,simple_computer,primary
8,2025,11,크라우드웍스,1065000,11,1,0,irregular,simple_computer,primary
8,2025,12,크라우드웍스,0,0,0,1,irregular,simple_computer,primary
8,2026,1,크라우드웍스,0,0,0,1,irregular,simple_computer,primary
8,2026,2,크라우드웍스,0,0,0,1,irregular,simple_computer,primary
8,2026,3,크라우드웍스,0,0,0,0,irregular,simple_computer,primary
8,2026,4,크라우드웍스,0,0,0,0,irregular,simple_computer,primary
8,2026,5,크라우드웍스,1034000,10,1,0,irregular,simple_computer,primary
9,2024,6,크몽,3216000,21,2,0,regular,professional,primary
9,2024,7,크몽,2315000,18,2,0,regular,professional,primary
9,2024,8,크몽,4442000,31,2,0,regular,professional,primary
9,2024,9,크몽,3762000,24,2,1,regular,professional,primary
9,2024,10,크몽,3549000,24,2,0,regular,professional,primary
9,2024,11,크몽,2602000,17,2,0,regular,professional,primary
9,2024,12,크몽,3293000,20,2,1,regular,professional,primary
9,2025,1,크몽,4165000,27,2,1,regular,professional,primary
9,2025,2,크몽,3012000,21,2,1,regular,professional,primary
9,2025,3,크몽,2722000,18,2,0,regular,professional,primary
9,2025,4,크몽,3063000,23,2,0,regular,professional,primary
9,2025,5,크몽,3337000,27,2,0,regular,professional,primary
9,2025,6,크몽,1884000,13,2,0,regular,professional,primary
9,2025,7,크몽,4258000,26,2,0,regular,professional,primary
9,2025,8,크몽,3335000,26,2,0,regular,professional,primary
9,2025,9,크몽,2611000,21,2,1,regular,professional,primary
9,2025,10,크몽,3542000,23,2,0,regular,professional,primary
9,2025,11,크몽,3047000,21,2,0,regular,professional,primary
9,2025,12,크몽,3142000,25,2,1,regular,professional,primary
9,2026,1,크몽,3216000,26,2,1,regular,professional,primary
9,2026,2,크몽,3303000,26,2,1,regular,professional,primary
9,2026,3,크몽,3780000,24,2,0,regular,professional,primary
9,2026,4,크몽,3714000,30,2,0,regular,professional,primary
9,2026,5,크몽,3077000,23,2,0,regular,professional,primary
10,2024,6,당근알바,594000,11,2,0,regular,etc,occasional
10,2024,7,당근알바,683000,11,2,0,regular,etc,occasional
10,2024,8,당근알바,450000,7,2,0,regular,etc,occasional
10,2024,9,당근알바,773000,15,2,1,regular,etc,occasional
10,2024,10,당근알바,597000,10,2,0,regular,etc,occasional
10,2024,11,당근알바,651000,13,2,0,regular,etc,occasional
10,2024,12,당근알바,534000,9,2,1,regular,etc,occasional
10,2025,1,당근알바,630000,10,2,1,regular,etc,occasional
10,2025,2,당근알바,756000,16,2,1,regular,etc,occasional
10,2025,3,당근알바,595000,12,2,0,regular,etc,occasional
10,2025,4,당근알바,702000,15,2,0,regular,etc,occasional
10,2025,5,당근알바,529000,10,2,0,regular,etc,occasional
10,2025,6,당근알바,767000,16,2,0,regular,etc,occasional
10,2025,7,당근알바,680000,12,2,0,regular,etc,occasional
10,2025,8,당근알바,675000,12,2,0,regular,etc,occasional
10,2025,9,당근알바,707000,14,2,1,regular,etc,occasional
10,2025,10,당근알바,695000,13,2,0,regular,etc,occasional
10,2025,11,당근알바,638000,13,2,0,regular,etc,occasional
10,2025,12,당근알바,609000,12,2,1,regular,etc,occasional
10,2026,1,당근알바,731000,13,2,1,regular,etc,occasional
10,2026,2,당근알바,651000,11,2,1,regular,etc,occasional
10,2026,3,당근알바,629000,13,2,0,regular,etc,occasional
10,2026,4,당근알바,621000,10,2,0,regular,etc,occasional
10,2026,5,당근알바,650000,11,2,0,regular,etc,occasional
11,2024,6,카카오모빌리티,3614000,21,1,0,irregular,delivery_transport,primary
11,2024,7,카카오모빌리티,1817000,12,1,0,irregular,delivery_transport,primary
11,2024,8,카카오모빌리티,2173000,12,1,0,irregular,delivery_transport,primary
11,2024,9,카카오모빌리티,3239000,17,1,1,irregular,delivery_transport,primary
11,2024,10,카카오모빌리티,7022000,29,1,0,irregular,delivery_transport,primary
11,2024,11,카카오모빌리티,5101000,34,1,0,irregular,delivery_transport,primary
11,2024,12,카카오모빌리티,8525000,33,1,1,irregular,delivery_transport,primary
11,2025,1,카카오모빌리티,7802000,33,1,1,irregular,delivery_transport,primary
11,2025,2,카카오모빌리티,2688000,19,1,1,irregular,delivery_transport,primary
11,2025,3,카카오모빌리티,0,0,0,0,irregular,delivery_transport,primary
11,2025,4,카카오모빌리티,3653000,27,1,0,irregular,delivery_transport,primary
11,2025,5,카카오모빌리티,3108000,17,1,0,irregular,delivery_transport,primary
11,2025,6,카카오모빌리티,0,0,0,0,irregular,delivery_transport,primary
11,2025,7,카카오모빌리티,2153000,15,1,0,irregular,delivery_transport,primary
11,2025,8,카카오모빌리티,4567000,33,1,0,irregular,delivery_transport,primary
11,2025,9,카카오모빌리티,3752000,22,1,1,irregular,delivery_transport,primary
11,2025,10,카카오모빌리티,4176000,23,1,0,irregular,delivery_transport,primary
11,2025,11,카카오모빌리티,2476000,17,1,0,irregular,delivery_transport,primary
11,2025,12,카카오모빌리티,3729000,22,1,1,irregular,delivery_transport,primary
11,2026,1,카카오모빌리티,5681000,28,1,1,irregular,delivery_transport,primary
11,2026,2,카카오모빌리티,9000000,36,1,1,irregular,delivery_transport,primary
11,2026,3,카카오모빌리티,9000000,32,1,0,irregular,delivery_transport,primary
11,2026,4,카카오모빌리티,8854000,29,1,0,irregular,delivery_transport,primary
11,2026,5,카카오모빌리티,6081000,32,1,0,irregular,delivery_transport,primary
12,2024,6,배달의민족,2838000,18,1,0,seasonal,delivery_transport,primary
12,2024,7,배달의민족,4119000,29,1,0,seasonal,delivery_transport,primary
12,2024,8,배달의민족,3354000,20,1,0,seasonal,delivery_transport,primary
12,2024,9,배달의민족,3484000,22,1,1,seasonal,delivery_transport,primary
12,2024,10,배달의민족,3970000,27,1,0,seasonal,delivery_transport,primary
12,2024,11,배달의민족,3478000,20,1,0,seasonal,delivery_transport,primary
12,2024,12,배달의민족,5235000,27,1,1,seasonal,delivery_transport,primary
12,2025,1,배달의민족,3060000,17,1,1,seasonal,delivery_transport,primary
12,2025,2,배달의민족,2943000,19,1,1,seasonal,delivery_transport,primary
12,2025,3,배달의민족,2675000,19,1,0,seasonal,delivery_transport,primary
12,2025,4,배달의민족,3631000,28,1,0,seasonal,delivery_transport,primary
12,2025,5,배달의민족,2867000,20,1,0,seasonal,delivery_transport,primary
12,2025,6,배달의민족,2454000,15,1,0,seasonal,delivery_transport,primary
12,2025,7,배달의민족,4459000,31,1,0,seasonal,delivery_transport,primary
12,2025,8,배달의민족,4594000,26,1,0,seasonal,delivery_transport,primary
12,2025,9,배달의민족,3278000,21,1,1,seasonal,delivery_transport,primary
12,2025,10,배달의민족,3743000,23,1,0,seasonal,delivery_transport,primary
12,2025,11,배달의민족,3061000,23,1,0,seasonal,delivery_transport,primary
12,2025,12,배달의민족,4205000,26,1,1,seasonal,delivery_transport,primary
12,2026,1,배달의민족,2910000,20,1,1,seasonal,delivery_transport,primary
12,2026,2,배달의민족,2949000,17,1,1,seasonal,delivery_transport,primary
12,2026,3,배달의민족,3956000,26,1,0,seasonal,delivery_transport,primary
12,2026,4,배달의민족,4080000,24,1,0,seasonal,delivery_transport,primary
12,2026,5,배달의민족,3790000,23,1,0,seasonal,delivery_transport,primary
13,2024,6,쿠팡플렉스,764000,7,1,0,regular,delivery_transport,occasional
13,2024,7,쿠팡플렉스,716000,7,1,0,regular,delivery_transport,occasional
13,2024,8,쿠팡플렉스,605000,7,1,0,regular,delivery_transport,occasional
13,2024,9,쿠팡플렉스,725000,8,1,1,regular,delivery_transport,occasional
13,2024,10,쿠팡플렉스,672000,6,1,0,regular,delivery_transport,occasional
13,2024,11,쿠팡플렉스,612000,6,1,0,regular,delivery_transport,occasional
13,2024,12,쿠팡플렉스,766000,7,1,1,regular,delivery_transport,occasional
13,2025,1,쿠팡플렉스,648000,7,1,1,regular,delivery_transport,occasional
13,2025,2,쿠팡플렉스,741000,7,1,1,regular,delivery_transport,occasional
13,2025,3,쿠팡플렉스,662000,6,1,0,regular,delivery_transport,occasional
13,2025,4,쿠팡플렉스,633000,6,1,0,regular,delivery_transport,occasional
13,2025,5,쿠팡플렉스,578000,5,1,0,regular,delivery_transport,occasional
13,2025,6,쿠팡플렉스,729000,6,1,0,regular,delivery_transport,occasional
13,2025,7,쿠팡플렉스,744000,6,1,0,regular,delivery_transport,occasional
13,2025,8,쿠팡플렉스,736000,6,1,0,regular,delivery_transport,occasional
13,2025,9,쿠팡플렉스,725000,8,1,1,regular,delivery_transport,occasional
13,2025,10,쿠팡플렉스,578000,6,1,0,regular,delivery_transport,occasional
13,2025,11,쿠팡플렉스,572000,6,1,0,regular,delivery_transport,occasional
13,2025,12,쿠팡플렉스,723000,6,1,1,regular,delivery_transport,occasional
13,2026,1,쿠팡플렉스,680000,6,1,1,regular,delivery_transport,occasional
13,2026,2,쿠팡플렉스,642000,5,1,1,regular,delivery_transport,occasional
13,2026,3,쿠팡플렉스,414000,4,1,0,regular,delivery_transport,occasional
13,2026,4,쿠팡플렉스,642000,6,1,0,regular,delivery_transport,occasional
13,2026,5,쿠팡플렉스,712000,8,1,0,regular,delivery_transport,occasional
14,2024,6,탈잉,0,0,0,0,irregular,creative,primary
14,2024,7,탈잉,0,0,0,0,irregular,creative,primary
14,2024,8,탈잉,1737000,16,2,0,irregular,creative,primary
14,2024,9,탈잉,0,0,0,1,irregular,creative,primary
14,2024,10,탈잉,2759000,23,2,0,irregular,creative,primary
14,2024,11,탈잉,0,0,0,0,irregular,creative,primary
14,2024,12,탈잉,2733000,19,2,1,irregular,creative,primary
14,2025,1,탈잉,0,0,0,1,irregular,creative,primary
14,2025,2,탈잉,0,0,0,1,irregular,creative,primary
14,2025,3,탈잉,0,0,0,0,irregular,creative,primary
14,2025,4,탈잉,2737000,19,2,0,irregular,creative,primary
14,2025,5,탈잉,4057000,30,2,0,irregular,creative,primary
14,2025,6,탈잉,1508000,13,2,0,irregular,creative,primary
14,2025,7,탈잉,4017000,30,2,0,irregular,creative,primary
14,2025,8,탈잉,981000,7,1,0,irregular,creative,primary
14,2025,9,탈잉,5040000,27,2,1,irregular,creative,primary
14,2025,10,탈잉,2039000,18,2,0,irregular,creative,primary
14,2025,11,탈잉,1535000,12,2,0,irregular,creative,primary
14,2025,12,탈잉,3937000,27,2,1,irregular,creative,primary
14,2026,1,탈잉,3659000,31,2,1,irregular,creative,primary
14,2026,2,탈잉,557000,4,1,1,irregular,creative,primary
14,2026,3,탈잉,654000,5,1,0,irregular,creative,primary
14,2026,4,탈잉,3694000,31,2,0,irregular,creative,primary
14,2026,5,탈잉,0,0,0,0,irregular,creative,primary
15,2024,6,생각대로,660000,10,2,0,regular,delivery_transport,occasional
15,2024,7,생각대로,616000,9,2,0,regular,delivery_transport,occasional
15,2024,8,생각대로,553000,6,2,0,regular,delivery_transport,occasional
15,2024,9,생각대로,448000,6,2,1,regular,delivery_transport,occasional
15,2024,10,생각대로,701000,10,2,0,regular,delivery_transport,occasional
15,2024,11,생각대로,742000,11,2,0,regular,delivery_transport,occasional
15,2024,12,생각대로,667000,7,2,1,regular,delivery_transport,occasional
15,2025,1,생각대로,574000,8,2,1,regular,delivery_transport,occasional
15,2025,2,생각대로,528000,8,2,1,regular,delivery_transport,occasional
15,2025,3,생각대로,533000,6,2,0,regular,delivery_transport,occasional
15,2025,4,생각대로,709000,10,2,0,regular,delivery_transport,occasional
15,2025,5,생각대로,736000,11,2,0,regular,delivery_transport,occasional
15,2025,6,생각대로,758000,11,2,0,regular,delivery_transport,occasional
15,2025,7,생각대로,449000,6,2,0,regular,delivery_transport,occasional
15,2025,8,생각대로,778000,8,2,0,regular,delivery_transport,occasional
15,2025,9,생각대로,632000,8,2,1,regular,delivery_transport,occasional
15,2025,10,생각대로,517000,6,2,0,regular,delivery_transport,occasional
15,2025,11,생각대로,741000,10,2,0,regular,delivery_transport,occasional
15,2025,12,생각대로,528000,6,2,1,regular,delivery_transport,occasional
15,2026,1,생각대로,416000,6,2,1,regular,delivery_transport,occasional
15,2026,2,생각대로,664000,9,2,1,regular,delivery_transport,occasional
15,2026,3,생각대로,572000,8,2,0,regular,delivery_transport,occasional
15,2026,4,생각대로,698000,9,2,0,regular,delivery_transport,occasional
15,2026,5,생각대로,691000,9,2,0,regular,delivery_transport,occasional
16,2024,6,배달의민족,827000,15,1,0,regular,delivery_transport,secondary
16,2024,7,배달의민족,679000,9,1,0,regular,delivery_transport,secondary
16,2024,8,배달의민족,706000,10,1,0,regular,delivery_transport,secondary
16,2024,9,배달의민족,557000,10,1,1,regular,delivery_transport,secondary
16,2024,10,배달의민족,529000,9,1,0,regular,delivery_transport,secondary
16,2024,11,배달의민족,600000,10,1,0,regular,delivery_transport,secondary
16,2024,12,배달의민족,613000,8,1,1,regular,delivery_transport,secondary
16,2025,1,배달의민족,597000,8,1,1,regular,delivery_transport,secondary
16,2025,2,배달의민족,781000,11,1,1,regular,delivery_transport,secondary
16,2025,3,배달의민족,699000,9,1,0,regular,delivery_transport,secondary
16,2025,4,배달의민족,877000,14,1,0,regular,delivery_transport,secondary
16,2025,5,배달의민족,727000,13,1,0,regular,delivery_transport,secondary
16,2025,6,배달의민족,739000,11,1,0,regular,delivery_transport,secondary
16,2025,7,배달의민족,641000,9,1,0,regular,delivery_transport,secondary
16,2025,8,배달의민족,732000,13,1,0,regular,delivery_transport,secondary
16,2025,9,배달의민족,570000,10,1,1,regular,delivery_transport,secondary
16,2025,10,배달의민족,718000,12,1,0,regular,delivery_transport,secondary
16,2025,11,배달의민족,931000,13,1,0,regular,delivery_transport,secondary
16,2025,12,배달의민족,659000,11,1,1,regular,delivery_transport,secondary
16,2026,1,배달의민족,878000,12,1,1,regular,delivery_transport,secondary
16,2026,2,배달의민족,746000,13,1,1,regular,delivery_transport,secondary
16,2026,3,배달의민족,721000,12,1,0,regular,delivery_transport,secondary
16,2026,4,배달의민족,633000,9,1,0,regular,delivery_transport,secondary
16,2026,5,배달의민족,982000,14,1,0,regular,delivery_transport,secondary
17,2024,6,숨고,1557000,16,2,0,irregular,professional,secondary
17,2024,7,숨고,555000,6,2,0,irregular,professional,secondary
17,2024,8,숨고,2370000,16,2,0,irregular,professional,secondary
17,2024,9,숨고,1793000,16,2,1,irregular,professional,secondary
17,2024,10,숨고,742000,8,2,0,irregular,professional,secondary
17,2024,11,숨고,2825000,16,2,0,irregular,professional,secondary
17,2024,12,숨고,0,0,0,1,irregular,professional,secondary
17,2025,1,숨고,1431000,17,2,1,irregular,professional,secondary
17,2025,2,숨고,582000,7,2,1,irregular,professional,secondary
17,2025,3,숨고,651000,8,2,0,irregular,professional,secondary
17,2025,4,숨고,478000,6,2,0,irregular,professional,secondary
17,2025,5,숨고,3412000,14,2,0,irregular,professional,secondary
17,2025,6,숨고,447000,4,2,0,irregular,professional,secondary
17,2025,7,숨고,0,0,0,0,irregular,professional,secondary
17,2025,8,숨고,0,0,0,0,irregular,professional,secondary
17,2025,9,숨고,379000,5,1,1,irregular,professional,secondary
17,2025,10,숨고,1139000,14,2,0,irregular,professional,secondary
17,2025,11,숨고,446000,4,2,0,irregular,professional,secondary
17,2025,12,숨고,1595000,14,2,1,irregular,professional,secondary
17,2026,1,숨고,2628000,15,2,1,irregular,professional,secondary
17,2026,2,숨고,3311000,15,2,1,irregular,professional,secondary
17,2026,3,숨고,4024000,17,2,0,irregular,professional,secondary
17,2026,4,숨고,3006000,14,2,0,irregular,professional,secondary
17,2026,5,숨고,2437000,15,2,0,irregular,professional,secondary
18,2024,6,바로고,1491000,19,3,0,regular,delivery_transport,primary
18,2024,7,바로고,1653000,16,3,0,regular,delivery_transport,primary
18,2024,8,바로고,1658000,16,3,0,regular,delivery_transport,primary
18,2024,9,바로고,1912000,19,3,1,regular,delivery_transport,primary
18,2024,10,바로고,1985000,20,3,0,regular,delivery_transport,primary
18,2024,11,바로고,1614000,18,3,0,regular,delivery_transport,primary
18,2024,12,바로고,2274000,25,3,1,regular,delivery_transport,primary
18,2025,1,바로고,1604000,19,3,1,regular,delivery_transport,primary
18,2025,2,바로고,1658000,18,3,1,regular,delivery_transport,primary
18,2025,3,바로고,1927000,21,3,0,regular,delivery_transport,primary
18,2025,4,바로고,1824000,22,3,0,regular,delivery_transport,primary
18,2025,5,바로고,1759000,19,3,0,regular,delivery_transport,primary
18,2025,6,바로고,1890000,25,3,0,regular,delivery_transport,primary
18,2025,7,바로고,1795000,20,3,0,regular,delivery_transport,primary
18,2025,8,바로고,1847000,19,3,0,regular,delivery_transport,primary
18,2025,9,바로고,2076000,24,3,1,regular,delivery_transport,primary
18,2025,10,바로고,2079000,27,3,0,regular,delivery_transport,primary
18,2025,11,바로고,1723000,21,3,0,regular,delivery_transport,primary
18,2025,12,바로고,1907000,23,3,1,regular,delivery_transport,primary
18,2026,1,바로고,1622000,19,3,1,regular,delivery_transport,primary
18,2026,2,바로고,1284000,15,3,1,regular,delivery_transport,primary
18,2026,3,바로고,1808000,22,3,0,regular,delivery_transport,primary
18,2026,4,바로고,1758000,21,3,0,regular,delivery_transport,primary
18,2026,5,바로고,2315000,23,3,0,regular,delivery_transport,primary
19,2024,6,셀렉트스타,2092000,25,2,0,irregular,simple_computer,primary
19,2024,7,셀렉트스타,597000,6,1,0,irregular,simple_computer,primary
19,2024,8,셀렉트스타,0,0,0,0,irregular,simple_computer,primary
19,2024,9,셀렉트스타,0,0,0,1,irregular,simple_computer,primary
19,2024,10,셀렉트스타,0,0,0,0,irregular,simple_computer,primary
19,2024,11,셀렉트스타,0,0,0,0,irregular,simple_computer,primary
19,2024,12,셀렉트스타,0,0,0,1,irregular,simple_computer,primary
19,2025,1,셀렉트스타,640000,7,1,1,irregular,simple_computer,primary
19,2025,2,셀렉트스타,2007000,22,2,1,irregular,simple_computer,primary
19,2025,3,셀렉트스타,739000,8,2,0,irregular,simple_computer,primary
19,2025,4,셀렉트스타,0,0,0,0,irregular,simple_computer,primary
19,2025,5,셀렉트스타,101000,1,1,0,irregular,simple_computer,primary
19,2025,6,셀렉트스타,1532000,16,2,0,irregular,simple_computer,primary
19,2025,7,셀렉트스타,1820000,18,2,0,irregular,simple_computer,primary
19,2025,8,셀렉트스타,1491000,17,2,0,irregular,simple_computer,primary
19,2025,9,셀렉트스타,0,0,0,1,irregular,simple_computer,primary
19,2025,10,셀렉트스타,0,0,0,0,irregular,simple_computer,primary
19,2025,11,셀렉트스타,514000,6,1,0,irregular,simple_computer,primary
19,2025,12,셀렉트스타,0,0,0,1,irregular,simple_computer,primary
19,2026,1,셀렉트스타,0,0,0,1,irregular,simple_computer,primary
19,2026,2,셀렉트스타,0,0,0,1,irregular,simple_computer,primary
19,2026,3,셀렉트스타,0,0,0,0,irregular,simple_computer,primary
19,2026,4,셀렉트스타,0,0,0,0,irregular,simple_computer,primary
19,2026,5,셀렉트스타,0,0,0,0,irregular,simple_computer,primary
20,2024,6,카카오T대리,1662000,25,2,0,seasonal,delivery_transport,primary
20,2024,7,카카오T대리,1210000,16,2,0,seasonal,delivery_transport,primary
20,2024,8,카카오T대리,1309000,21,2,0,seasonal,delivery_transport,primary
20,2024,9,카카오T대리,1428000,24,2,1,seasonal,delivery_transport,primary
20,2024,10,카카오T대리,1333000,20,2,0,seasonal,delivery_transport,primary
20,2024,11,카카오T대리,1534000,20,2,0,seasonal,delivery_transport,primary
20,2024,12,카카오T대리,1599000,24,2,1,seasonal,delivery_transport,primary
20,2025,1,카카오T대리,1134000,15,2,1,seasonal,delivery_transport,primary
20,2025,2,카카오T대리,1262000,21,2,1,seasonal,delivery_transport,primary
20,2025,3,카카오T대리,1167000,18,2,0,seasonal,delivery_transport,primary
20,2025,4,카카오T대리,1366000,20,2,0,seasonal,delivery_transport,primary
20,2025,5,카카오T대리,1477000,19,2,0,seasonal,delivery_transport,primary
20,2025,6,카카오T대리,1397000,21,2,0,seasonal,delivery_transport,primary
20,2025,7,카카오T대리,1525000,25,2,0,seasonal,delivery_transport,primary
20,2025,8,카카오T대리,1458000,20,2,0,seasonal,delivery_transport,primary
20,2025,9,카카오T대리,1731000,22,2,1,seasonal,delivery_transport,primary
20,2025,10,카카오T대리,1501000,19,2,0,seasonal,delivery_transport,primary
20,2025,11,카카오T대리,1931000,28,2,0,seasonal,delivery_transport,primary
20,2025,12,카카오T대리,2157000,24,2,1,seasonal,delivery_transport,primary
20,2026,1,카카오T대리,1199000,17,2,1,seasonal,delivery_transport,primary
20,2026,2,카카오T대리,1360000,19,2,1,seasonal,delivery_transport,primary
20,2026,3,카카오T대리,1507000,19,2,0,seasonal,delivery_transport,primary
20,2026,4,카카오T대리,1485000,20,2,0,seasonal,delivery_transport,primary
20,2026,5,카카오T대리,1775000,24,2,0,seasonal,delivery_transport,primary
21,2024,6,숨고,956000,11,1,0,irregular,professional,primary
21,2024,7,숨고,3090000,23,1,0,irregular,professional,primary
21,2024,8,숨고,495000,5,1,0,irregular,professional,primary
21,2024,9,숨고,5563000,29,1,1,irregular,professional,primary
21,2024,10,숨고,2923000,25,1,0,irregular,professional,primary
21,2024,11,숨고,3994000,24,1,0,irregular,professional,primary
21,2024,12,숨고,4202000,23,1,1,irregular,professional,primary
21,2025,1,숨고,4138000,27,1,1,irregular,professional,primary
21,2025,2,숨고,1730000,16,1,1,irregular,professional,primary
21,2025,3,숨고,0,0,0,0,irregular,professional,primary
21,2025,4,숨고,0,0,0,0,irregular,professional,primary
21,2025,5,숨고,2366000,28,1,0,irregular,professional,primary
21,2025,6,숨고,4089000,26,1,0,irregular,professional,primary
21,2025,7,숨고,1617000,19,1,0,irregular,professional,primary
21,2025,8,숨고,2692000,29,1,0,irregular,professional,primary
21,2025,9,숨고,4784000,25,1,1,irregular,professional,primary
21,2025,10,숨고,4511000,31,1,0,irregular,professional,primary
21,2025,11,숨고,1788000,16,1,0,irregular,professional,primary
21,2025,12,숨고,0,0,0,1,irregular,professional,primary
21,2026,1,숨고,784000,9,1,1,irregular,professional,primary
21,2026,2,숨고,4579000,31,1,1,irregular,professional,primary
21,2026,3,숨고,2878000,28,1,0,irregular,professional,primary
21,2026,4,숨고,757000,9,1,0,irregular,professional,primary
21,2026,5,숨고,3584000,30,1,0,irregular,professional,primary
22,2024,6,크몽,2961000,17,1,0,regular,professional,primary
22,2024,7,크몽,5017000,23,1,0,regular,professional,primary
22,2024,8,크몽,4747000,27,1,0,regular,professional,primary
22,2024,9,크몽,2915000,15,1,1,regular,professional,primary
22,2024,10,크몽,2673000,12,1,0,regular,professional,primary
22,2024,11,크몽,3460000,20,1,0,regular,professional,primary
22,2024,12,크몽,4575000,25,1,1,regular,professional,primary
22,2025,1,크몽,4452000,21,1,1,regular,professional,primary
22,2025,2,크몽,4352000,26,1,1,regular,professional,primary
22,2025,3,크몽,4247000,25,1,0,regular,professional,primary
22,2025,4,크몽,3046000,14,1,0,regular,professional,primary
22,2025,5,크몽,3598000,20,1,0,regular,professional,primary
22,2025,6,크몽,3828000,22,1,0,regular,professional,primary
22,2025,7,크몽,4389000,24,1,0,regular,professional,primary
22,2025,8,크몽,4478000,20,1,0,regular,professional,primary
22,2025,9,크몽,3668000,20,1,1,regular,professional,primary
22,2025,10,크몽,3690000,22,1,0,regular,professional,primary
22,2025,11,크몽,4421000,21,1,0,regular,professional,primary
22,2025,12,크몽,3809000,17,1,1,regular,professional,primary
22,2026,1,크몽,4025000,18,1,1,regular,professional,primary
22,2026,2,크몽,4333000,20,1,1,regular,professional,primary
22,2026,3,크몽,3583000,19,1,0,regular,professional,primary
22,2026,4,크몽,4248000,21,1,0,regular,professional,primary
22,2026,5,크몽,4570000,26,1,0,regular,professional,primary
23,2024,6,크몽,1411000,15,1,0,regular,professional,secondary
23,2024,7,크몽,1358000,14,1,0,regular,professional,secondary
23,2024,8,크몽,1519000,17,1,0,regular,professional,secondary
23,2024,9,크몽,1772000,16,1,1,regular,professional,secondary
23,2024,10,크몽,1325000,13,1,0,regular,professional,secondary
23,2024,11,크몽,1485000,16,1,0,regular,professional,secondary
23,2024,12,크몽,1868000,21,1,1,regular,professional,secondary
23,2025,1,크몽,1524000,18,1,1,regular,professional,secondary
23,2025,2,크몽,1350000,16,1,1,regular,professional,secondary
23,2025,3,크몽,1504000,15,1,0,regular,professional,secondary
23,2025,4,크몽,1510000,13,1,0,regular,professional,secondary
23,2025,5,크몽,1504000,18,1,0,regular,professional,secondary
23,2025,6,크몽,1793000,20,1,0,regular,professional,secondary
23,2025,7,크몽,1174000,14,1,0,regular,professional,secondary
23,2025,8,크몽,2322000,20,1,0,regular,professional,secondary
23,2025,9,크몽,1359000,15,1,1,regular,professional,secondary
23,2025,10,크몽,1268000,13,1,0,regular,professional,secondary
23,2025,11,크몽,1332000,13,1,0,regular,professional,secondary
23,2025,12,크몽,2121000,20,1,1,regular,professional,secondary
23,2026,1,크몽,958000,9,1,1,regular,professional,secondary
23,2026,2,크몽,1716000,17,1,1,regular,professional,secondary
23,2026,3,크몽,1468000,16,1,0,regular,professional,secondary
23,2026,4,크몽,1242000,12,1,0,regular,professional,secondary
23,2026,5,크몽,1972000,20,1,0,regular,professional,secondary
24,2024,6,트위치,215000,4,2,0,irregular,creative,occasional
24,2024,7,트위치,944000,11,2,0,irregular,creative,occasional
24,2024,8,트위치,0,0,0,0,irregular,creative,occasional
24,2024,9,트위치,593000,10,2,1,irregular,creative,occasional
24,2024,10,트위치,145000,2,1,0,irregular,creative,occasional
24,2024,11,트위치,153000,2,1,0,irregular,creative,occasional
24,2024,12,트위치,68000,1,1,1,irregular,creative,occasional
24,2025,1,트위치,151000,3,1,1,irregular,creative,occasional
24,2025,2,트위치,0,0,0,1,irregular,creative,occasional
24,2025,3,트위치,554000,9,2,0,irregular,creative,occasional
24,2025,4,트위치,0,0,0,0,irregular,creative,occasional
24,2025,5,트위치,272000,5,2,0,irregular,creative,occasional
24,2025,6,트위치,0,0,0,0,irregular,creative,occasional
24,2025,7,트위치,0,0,0,0,irregular,creative,occasional
24,2025,8,트위치,541000,10,2,0,irregular,creative,occasional
24,2025,9,트위치,616000,10,2,1,irregular,creative,occasional
24,2025,10,트위치,715000,12,2,0,irregular,creative,occasional
24,2025,11,트위치,62000,1,1,0,irregular,creative,occasional
24,2025,12,트위치,119000,2,1,1,irregular,creative,occasional
24,2026,1,트위치,1765000,13,2,1,irregular,creative,occasional
24,2026,2,트위치,759000,11,2,1,irregular,creative,occasional
24,2026,3,트위치,0,0,0,0,irregular,creative,occasional
24,2026,4,트위치,285000,5,2,0,irregular,creative,occasional
24,2026,5,트위치,552000,11,2,0,irregular,creative,occasional
25,2024,6,숨고,1867000,11,1,0,irregular,professional,secondary
25,2024,7,숨고,1316000,9,1,0,irregular,professional,secondary
25,2024,8,숨고,550000,4,1,0,irregular,professional,secondary
25,2024,9,숨고,2421000,14,1,1,irregular,professional,secondary
25,2024,10,숨고,2297000,14,1,0,irregular,professional,secondary
25,2024,11,숨고,1537000,12,1,0,irregular,professional,secondary
25,2024,12,숨고,1623000,13,1,1,irregular,professional,secondary
25,2025,1,숨고,3616000,11,1,1,irregular,professional,secondary
25,2025,2,숨고,1912000,14,1,1,irregular,professional,secondary
25,2025,3,숨고,405000,3,1,0,irregular,professional,secondary
25,2025,4,숨고,3821000,12,1,0,irregular,professional,secondary
25,2025,5,숨고,675000,5,1,0,irregular,professional,secondary
25,2025,6,숨고,4105000,12,1,0,irregular,professional,secondary
25,2025,7,숨고,726000,5,1,0,irregular,professional,secondary
25,2025,8,숨고,978000,7,1,0,irregular,professional,secondary
25,2025,9,숨고,604000,5,1,1,irregular,professional,secondary
25,2025,10,숨고,556000,4,1,0,irregular,professional,secondary
25,2025,11,숨고,920000,6,1,0,irregular,professional,secondary
25,2025,12,숨고,0,0,0,1,irregular,professional,secondary
25,2026,1,숨고,0,0,0,1,irregular,professional,secondary
25,2026,2,숨고,0,0,0,1,irregular,professional,secondary
25,2026,3,숨고,549000,3,1,0,irregular,professional,secondary
25,2026,4,숨고,607000,4,1,0,irregular,professional,secondary
25,2026,5,숨고,2586000,13,1,0,irregular,professional,secondary
26,2024,6,바로고,3161000,25,3,0,regular,delivery_transport,primary
26,2024,7,바로고,2557000,20,3,0,regular,delivery_transport,primary
26,2024,8,바로고,2581000,22,3,0,regular,delivery_transport,primary
26,2024,9,바로고,2980000,23,3,1,regular,delivery_transport,primary
26,2024,10,바로고,3036000,27,3,0,regular,delivery_transport,primary
26,2024,11,바로고,3126000,24,3,0,regular,delivery_transport,primary
26,2024,12,바로고,2451000,20,3,1,regular,delivery_transport,primary
26,2025,1,바로고,2358000,16,3,1,regular,delivery_transport,primary
26,2025,2,바로고,2464000,16,3,1,regular,delivery_transport,primary
26,2025,3,바로고,2780000,23,3,0,regular,delivery_transport,primary
26,2025,4,바로고,2904000,23,3,0,regular,delivery_transport,primary
26,2025,5,바로고,2623000,19,3,0,regular,delivery_transport,primary
26,2025,6,바로고,2330000,21,3,0,regular,delivery_transport,primary
26,2025,7,바로고,2892000,20,3,0,regular,delivery_transport,primary
26,2025,8,바로고,2283000,16,3,0,regular,delivery_transport,primary
26,2025,9,바로고,2336000,17,3,1,regular,delivery_transport,primary
26,2025,10,바로고,2434000,21,3,0,regular,delivery_transport,primary
26,2025,11,바로고,3257000,29,3,0,regular,delivery_transport,primary
26,2025,12,바로고,2618000,21,3,1,regular,delivery_transport,primary
26,2026,1,바로고,2160000,16,3,1,regular,delivery_transport,primary
26,2026,2,바로고,2732000,20,3,1,regular,delivery_transport,primary
26,2026,3,바로고,2695000,23,3,0,regular,delivery_transport,primary
26,2026,4,바로고,3170000,25,3,0,regular,delivery_transport,primary
26,2026,5,바로고,2509000,18,3,0,regular,delivery_transport,primary
27,2024,6,카카오모빌리티,679000,6,3,0,irregular,delivery_transport,occasional
27,2024,7,카카오모빌리티,731000,7,3,0,irregular,delivery_transport,occasional
27,2024,8,카카오모빌리티,584000,6,3,0,irregular,delivery_transport,occasional
27,2024,9,카카오모빌리티,742000,6,3,1,irregular,delivery_transport,occasional
27,2024,10,카카오모빌리티,0,0,0,0,irregular,delivery_transport,occasional
27,2024,11,카카오모빌리티,754000,7,3,0,irregular,delivery_transport,occasional
27,2024,12,카카오모빌리티,502000,5,3,1,irregular,delivery_transport,occasional
27,2025,1,카카오모빌리티,0,0,0,1,irregular,delivery_transport,occasional
27,2025,2,카카오모빌리티,486000,4,3,1,irregular,delivery_transport,occasional
27,2025,3,카카오모빌리티,512000,5,3,0,irregular,delivery_transport,occasional
27,2025,4,카카오모빌리티,627000,6,3,0,irregular,delivery_transport,occasional
27,2025,5,카카오모빌리티,405000,4,3,0,irregular,delivery_transport,occasional
27,2025,6,카카오모빌리티,915000,7,3,0,irregular,delivery_transport,occasional
27,2025,7,카카오모빌리티,1384000,7,3,0,irregular,delivery_transport,occasional
27,2025,8,카카오모빌리티,1359000,8,3,0,irregular,delivery_transport,occasional
27,2025,9,카카오모빌리티,619000,6,3,1,irregular,delivery_transport,occasional
27,2025,10,카카오모빌리티,669000,6,3,0,irregular,delivery_transport,occasional
27,2025,11,카카오모빌리티,1509000,8,3,0,irregular,delivery_transport,occasional
27,2025,12,카카오모빌리티,830000,7,3,1,irregular,delivery_transport,occasional
27,2026,1,카카오모빌리티,881000,8,3,1,irregular,delivery_transport,occasional
27,2026,2,카카오모빌리티,560000,6,3,1,irregular,delivery_transport,occasional
27,2026,3,카카오모빌리티,419000,3,3,0,irregular,delivery_transport,occasional
27,2026,4,카카오모빌리티,0,0,0,0,irregular,delivery_transport,occasional
27,2026,5,카카오모빌리티,401000,4,3,0,irregular,delivery_transport,occasional
28,2024,6,요기요,1679000,22,3,0,irregular,delivery_transport,primary
28,2024,7,요기요,1076000,13,3,0,irregular,delivery_transport,primary
28,2024,8,요기요,1643000,22,3,0,irregular,delivery_transport,primary
28,2024,9,요기요,1534000,18,3,1,irregular,delivery_transport,primary
28,2024,10,요기요,884000,11,3,0,irregular,delivery_transport,primary
28,2024,11,요기요,951000,11,3,0,irregular,delivery_transport,primary
28,2024,12,요기요,1080000,17,3,1,irregular,delivery_transport,primary
28,2025,1,요기요,0,0,0,1,irregular,delivery_transport,primary
28,2025,2,요기요,1662000,26,3,1,irregular,delivery_transport,primary
28,2025,3,요기요,1473000,21,3,0,irregular,delivery_transport,primary
28,2025,4,요기요,1140000,14,3,0,irregular,delivery_transport,primary
28,2025,5,요기요,1078000,16,3,0,irregular,delivery_transport,primary
28,2025,6,요기요,837000,13,3,0,irregular,delivery_transport,primary
28,2025,7,요기요,1275000,15,3,0,irregular,delivery_transport,primary
28,2025,8,요기요,0,0,0,0,irregular,delivery_transport,primary
28,2025,9,요기요,1569000,18,3,1,irregular,delivery_transport,primary
28,2025,10,요기요,1966000,30,3,0,irregular,delivery_transport,primary
28,2025,11,요기요,3307000,29,3,0,irregular,delivery_transport,primary
28,2025,12,요기요,1273000,17,3,1,irregular,delivery_transport,primary
28,2026,1,요기요,2201000,29,3,1,irregular,delivery_transport,primary
28,2026,2,요기요,1776000,22,3,1,irregular,delivery_transport,primary
28,2026,3,요기요,3434000,27,3,0,irregular,delivery_transport,primary
28,2026,4,요기요,2013000,24,3,0,irregular,delivery_transport,primary
28,2026,5,요기요,2830000,37,3,0,irregular,delivery_transport,primary
29,2024,6,바로고,2515000,17,2,0,irregular,delivery_transport,primary
29,2024,7,바로고,0,0,0,0,irregular,delivery_transport,primary
29,2024,8,바로고,0,0,0,0,irregular,delivery_transport,primary
29,2024,9,바로고,2406000,15,2,1,irregular,delivery_transport,primary
29,2024,10,바로고,0,0,0,0,irregular,delivery_transport,primary
29,2024,11,바로고,0,0,0,0,irregular,delivery_transport,primary
29,2024,12,바로고,0,0,0,1,irregular,delivery_transport,primary
29,2025,1,바로고,3168000,21,2,1,irregular,delivery_transport,primary
29,2025,2,바로고,3442000,24,2,1,irregular,delivery_transport,primary
29,2025,3,바로고,4657000,26,2,0,irregular,delivery_transport,primary
29,2025,4,바로고,4012000,28,2,0,irregular,delivery_transport,primary
29,2025,5,바로고,2590000,16,2,0,irregular,delivery_transport,primary
29,2025,6,바로고,2587000,17,2,0,irregular,delivery_transport,primary
29,2025,7,바로고,3383000,19,2,0,irregular,delivery_transport,primary
29,2025,8,바로고,6057000,29,2,0,irregular,delivery_transport,primary
29,2025,9,바로고,2885000,20,2,1,irregular,delivery_transport,primary
29,2025,10,바로고,6206000,32,2,0,irregular,delivery_transport,primary
29,2025,11,바로고,8632000,31,2,0,irregular,delivery_transport,primary
29,2025,12,바로고,7868000,31,2,1,irregular,delivery_transport,primary
29,2026,1,바로고,7287000,32,2,1,irregular,delivery_transport,primary
29,2026,2,바로고,5611000,33,2,1,irregular,delivery_transport,primary
29,2026,3,바로고,3589000,26,2,0,irregular,delivery_transport,primary
29,2026,4,바로고,8278000,29,2,0,irregular,delivery_transport,primary
29,2026,5,바로고,6470000,29,2,0,irregular,delivery_transport,primary
30,2024,6,카카오모빌리티,2736000,19,3,0,regular,delivery_transport,primary
30,2024,7,카카오모빌리티,3237000,24,3,0,regular,delivery_transport,primary
30,2024,8,카카오모빌리티,3394000,22,3,0,regular,delivery_transport,primary
30,2024,9,카카오모빌리티,2626000,21,3,1,regular,delivery_transport,primary
30,2024,10,카카오모빌리티,2282000,15,3,0,regular,delivery_transport,primary
30,2024,11,카카오모빌리티,3058000,24,3,0,regular,delivery_transport,primary
30,2024,12,카카오모빌리티,3735000,29,3,1,regular,delivery_transport,primary
30,2025,1,카카오모빌리티,2912000,21,3,1,regular,delivery_transport,primary
30,2025,2,카카오모빌리티,3253000,21,3,1,regular,delivery_transport,primary
30,2025,3,카카오모빌리티,3190000,21,3,0,regular,delivery_transport,primary
30,2025,4,카카오모빌리티,3135000,23,3,0,regular,delivery_transport,primary
30,2025,5,카카오모빌리티,3409000,22,3,0,regular,delivery_transport,primary
30,2025,6,카카오모빌리티,3134000,25,3,0,regular,delivery_transport,primary
30,2025,7,카카오모빌리티,2926000,20,3,0,regular,delivery_transport,primary
30,2025,8,카카오모빌리티,2991000,24,3,0,regular,delivery_transport,primary
30,2025,9,카카오모빌리티,3040000,23,3,1,regular,delivery_transport,primary
30,2025,10,카카오모빌리티,3394000,22,3,0,regular,delivery_transport,primary
30,2025,11,카카오모빌리티,2691000,22,3,0,regular,delivery_transport,primary
30,2025,12,카카오모빌리티,3434000,24,3,1,regular,delivery_transport,primary
30,2026,1,카카오모빌리티,3300000,23,3,1,regular,delivery_transport,primary
30,2026,2,카카오모빌리티,3261000,27,3,1,regular,delivery_transport,primary
30,2026,3,카카오모빌리티,3084000,19,3,0,regular,delivery_transport,primary
30,2026,4,카카오모빌리티,3169000,24,3,0,regular,delivery_transport,primary
30,2026,5,카카오모빌리티,3200000,19,3,0,regular,delivery_transport,primary
31,2024,6,요기요,1835000,15,1,0,seasonal,delivery_transport,primary
31,2024,7,요기요,2611000,22,1,0,seasonal,delivery_transport,primary
31,2024,8,요기요,2738000,20,1,0,seasonal,delivery_transport,primary
31,2024,9,요기요,3031000,26,1,1,seasonal,delivery_transport,primary
31,2024,10,요기요,3001000,27,1,0,seasonal,delivery_transport,primary
31,2024,11,요기요,2262000,16,1,0,seasonal,delivery_transport,primary
31,2024,12,요기요,2825000,21,1,1,seasonal,delivery_transport,primary
31,2025,1,요기요,2699000,20,1,1,seasonal,delivery_transport,primary
31,2025,2,요기요,2025000,19,1,1,seasonal,delivery_transport,primary
31,2025,3,요기요,2192000,20,1,0,seasonal,delivery_transport,primary
31,2025,4,요기요,3168000,25,1,0,seasonal,delivery_transport,primary
31,2025,5,요기요,2942000,28,1,0,seasonal,delivery_transport,primary
31,2025,6,요기요,1920000,15,1,0,seasonal,delivery_transport,primary
31,2025,7,요기요,4144000,25,1,0,seasonal,delivery_transport,primary
31,2025,8,요기요,3006000,29,1,0,seasonal,delivery_transport,primary
31,2025,9,요기요,1956000,15,1,1,seasonal,delivery_transport,primary
31,2025,10,요기요,2914000,26,1,0,seasonal,delivery_transport,primary
31,2025,11,요기요,2737000,20,1,0,seasonal,delivery_transport,primary
31,2025,12,요기요,4179000,31,1,1,seasonal,delivery_transport,primary
31,2026,1,요기요,1923000,17,1,1,seasonal,delivery_transport,primary
31,2026,2,요기요,1894000,18,1,1,seasonal,delivery_transport,primary
31,2026,3,요기요,2014000,18,1,0,seasonal,delivery_transport,primary
31,2026,4,요기요,2479000,22,1,0,seasonal,delivery_transport,primary
31,2026,5,요기요,2392000,18,1,0,seasonal,delivery_transport,primary
32,2024,6,요기요,855000,7,1,0,regular,delivery_transport,occasional
32,2024,7,요기요,906000,7,1,0,regular,delivery_transport,occasional
32,2024,8,요기요,1040000,7,1,0,regular,delivery_transport,occasional
32,2024,9,요기요,788000,6,1,1,regular,delivery_transport,occasional
32,2024,10,요기요,803000,5,1,0,regular,delivery_transport,occasional
32,2024,11,요기요,764000,5,1,0,regular,delivery_transport,occasional
32,2024,12,요기요,974000,7,1,1,regular,delivery_transport,occasional
32,2025,1,요기요,692000,5,1,1,regular,delivery_transport,occasional
32,2025,2,요기요,634000,5,1,1,regular,delivery_transport,occasional
32,2025,3,요기요,583000,4,1,0,regular,delivery_transport,occasional
32,2025,4,요기요,706000,4,1,0,regular,delivery_transport,occasional
32,2025,5,요기요,777000,5,1,0,regular,delivery_transport,occasional
32,2025,6,요기요,770000,5,1,0,regular,delivery_transport,occasional
32,2025,7,요기요,1040000,8,1,0,regular,delivery_transport,occasional
32,2025,8,요기요,771000,5,1,0,regular,delivery_transport,occasional
32,2025,9,요기요,551000,4,1,1,regular,delivery_transport,occasional
32,2025,10,요기요,683000,4,1,0,regular,delivery_transport,occasional
32,2025,11,요기요,906000,6,1,0,regular,delivery_transport,occasional
32,2025,12,요기요,1047000,8,1,1,regular,delivery_transport,occasional
32,2026,1,요기요,633000,4,1,1,regular,delivery_transport,occasional
32,2026,2,요기요,736000,5,1,1,regular,delivery_transport,occasional
32,2026,3,요기요,882000,6,1,0,regular,delivery_transport,occasional
32,2026,4,요기요,755000,5,1,0,regular,delivery_transport,occasional
32,2026,5,요기요,846000,6,1,0,regular,delivery_transport,occasional
33,2024,6,유튜브,222000,2,1,0,irregular,creative,secondary
33,2024,7,유튜브,1047000,10,1,0,irregular,creative,secondary
33,2024,8,유튜브,0,0,0,0,irregular,creative,secondary
33,2024,9,유튜브,0,0,0,1,irregular,creative,secondary
33,2024,10,유튜브,568000,5,1,0,irregular,creative,secondary
33,2024,11,유튜브,484000,4,1,0,irregular,creative,secondary
33,2024,12,유튜브,469000,4,1,1,irregular,creative,secondary
33,2025,1,유튜브,1804000,14,1,1,irregular,creative,secondary
33,2025,2,유튜브,305000,2,1,1,irregular,creative,secondary
33,2025,3,유튜브,1199000,10,1,0,irregular,creative,secondary
33,2025,4,유튜브,0,0,0,0,irregular,creative,secondary
33,2025,5,유튜브,0,0,0,0,irregular,creative,secondary
33,2025,6,유튜브,2117000,13,1,0,irregular,creative,secondary
33,2025,7,유튜브,2638000,16,1,0,irregular,creative,secondary
33,2025,8,유튜브,1034000,8,1,0,irregular,creative,secondary
33,2025,9,유튜브,3401000,16,1,1,irregular,creative,secondary
33,2025,10,유튜브,8904000,13,1,0,irregular,creative,secondary
33,2025,11,유튜브,3399000,13,1,0,irregular,creative,secondary
33,2025,12,유튜브,289000,3,1,1,irregular,creative,secondary
33,2026,1,유튜브,922000,7,1,1,irregular,creative,secondary
33,2026,2,유튜브,1147000,10,1,1,irregular,creative,secondary
33,2026,3,유튜브,1619000,13,1,0,irregular,creative,secondary
33,2026,4,유튜브,748000,7,1,0,irregular,creative,secondary
33,2026,5,유튜브,2759000,15,1,0,irregular,creative,secondary
34,2024,6,쿠팡플렉스,992000,15,2,0,regular,delivery_transport,secondary
34,2024,7,쿠팡플렉스,1209000,18,2,0,regular,delivery_transport,secondary
34,2024,8,쿠팡플렉스,1106000,17,2,0,regular,delivery_transport,secondary
34,2024,9,쿠팡플렉스,1096000,16,2,1,regular,delivery_transport,secondary
34,2024,10,쿠팡플렉스,949000,14,2,0,regular,delivery_transport,secondary
34,2024,11,쿠팡플렉스,875000,13,2,0,regular,delivery_transport,secondary
34,2024,12,쿠팡플렉스,905000,14,2,1,regular,delivery_transport,secondary
34,2025,1,쿠팡플렉스,892000,14,2,1,regular,delivery_transport,secondary
34,2025,2,쿠팡플렉스,1025000,19,2,1,regular,delivery_transport,secondary
34,2025,3,쿠팡플렉스,884000,15,2,0,regular,delivery_transport,secondary
34,2025,4,쿠팡플렉스,1043000,16,2,0,regular,delivery_transport,secondary
34,2025,5,쿠팡플렉스,961000,14,2,0,regular,delivery_transport,secondary
34,2025,6,쿠팡플렉스,862000,16,2,0,regular,delivery_transport,secondary
34,2025,7,쿠팡플렉스,1172000,18,2,0,regular,delivery_transport,secondary
34,2025,8,쿠팡플렉스,1029000,15,2,0,regular,delivery_transport,secondary
34,2025,9,쿠팡플렉스,954000,15,2,1,regular,delivery_transport,secondary
34,2025,10,쿠팡플렉스,767000,13,2,0,regular,delivery_transport,secondary
34,2025,11,쿠팡플렉스,1130000,18,2,0,regular,delivery_transport,secondary
34,2025,12,쿠팡플렉스,1295000,19,2,1,regular,delivery_transport,secondary
34,2026,1,쿠팡플렉스,762000,14,2,1,regular,delivery_transport,secondary
34,2026,2,쿠팡플렉스,639000,12,2,1,regular,delivery_transport,secondary
34,2026,3,쿠팡플렉스,902000,14,2,0,regular,delivery_transport,secondary
34,2026,4,쿠팡플렉스,1181000,19,2,0,regular,delivery_transport,secondary
34,2026,5,쿠팡플렉스,854000,15,2,0,regular,delivery_transport,secondary
35,2024,6,로지올,2209000,23,2,0,regular,delivery_transport,primary
35,2024,7,로지올,1999000,26,2,0,regular,delivery_transport,primary
35,2024,8,로지올,1999000,23,2,0,regular,delivery_transport,primary
35,2024,9,로지올,1863000,19,2,1,regular,delivery_transport,primary
35,2024,10,로지올,1745000,21,2,0,regular,delivery_transport,primary
35,2024,11,로지올,1764000,21,2,0,regular,delivery_transport,primary
35,2024,12,로지올,1916000,21,2,1,regular,delivery_transport,primary
35,2025,1,로지올,1692000,21,2,1,regular,delivery_transport,primary
35,2025,2,로지올,2261000,23,2,1,regular,delivery_transport,primary
35,2025,3,로지올,2142000,22,2,0,regular,delivery_transport,primary
35,2025,4,로지올,2042000,20,2,0,regular,delivery_transport,primary
35,2025,5,로지올,1776000,19,2,0,regular,delivery_transport,primary
35,2025,6,로지올,1940000,20,2,0,regular,delivery_transport,primary
35,2025,7,로지올,1979000,21,2,0,regular,delivery_transport,primary
35,2025,8,로지올,2134000,27,2,0,regular,delivery_transport,primary
35,2025,9,로지올,2111000,27,2,1,regular,delivery_transport,primary
35,2025,10,로지올,1694000,17,2,0,regular,delivery_transport,primary
35,2025,11,로지올,1642000,17,2,0,regular,delivery_transport,primary
35,2025,12,로지올,1744000,20,2,1,regular,delivery_transport,primary
35,2026,1,로지올,1826000,18,2,1,regular,delivery_transport,primary
35,2026,2,로지올,1576000,17,2,1,regular,delivery_transport,primary
35,2026,3,로지올,2335000,26,2,0,regular,delivery_transport,primary
35,2026,4,로지올,1573000,17,2,0,regular,delivery_transport,primary
35,2026,5,로지올,2287000,25,2,0,regular,delivery_transport,primary
36,2024,6,크라우드웍스,885000,9,2,0,irregular,simple_computer,primary
36,2024,7,크라우드웍스,0,0,0,0,irregular,simple_computer,primary
36,2024,8,크라우드웍스,0,0,0,0,irregular,simple_computer,primary
36,2024,9,크라우드웍스,1299000,15,2,1,irregular,simple_computer,primary
36,2024,10,크라우드웍스,137000,1,1,0,irregular,simple_computer,primary
36,2024,11,크라우드웍스,0,0,0,0,irregular,simple_computer,primary
36,2024,12,크라우드웍스,543000,7,1,1,irregular,simple_computer,primary
36,2025,1,크라우드웍스,920000,10,2,1,irregular,simple_computer,primary
36,2025,2,크라우드웍스,0,0,0,1,irregular,simple_computer,primary
36,2025,3,크라우드웍스,365000,4,1,0,irregular,simple_computer,primary
36,2025,4,크라우드웍스,975000,11,2,0,irregular,simple_computer,primary
36,2025,5,크라우드웍스,578000,7,1,0,irregular,simple_computer,primary
36,2025,6,크라우드웍스,1493000,15,2,0,irregular,simple_computer,primary
36,2025,7,크라우드웍스,494000,6,1,0,irregular,simple_computer,primary
36,2025,8,크라우드웍스,582000,6,1,0,irregular,simple_computer,primary
36,2025,9,크라우드웍스,1084000,12,2,1,irregular,simple_computer,primary
36,2025,10,크라우드웍스,919000,9,2,0,irregular,simple_computer,primary
36,2025,11,크라우드웍스,2748000,30,2,0,irregular,simple_computer,primary
36,2025,12,크라우드웍스,744000,9,1,1,irregular,simple_computer,primary
36,2026,1,크라우드웍스,817000,9,2,1,irregular,simple_computer,primary
36,2026,2,크라우드웍스,1397000,15,2,1,irregular,simple_computer,primary
36,2026,3,크라우드웍스,3658000,25,2,0,irregular,simple_computer,primary
36,2026,4,크라우드웍스,2783000,26,2,0,irregular,simple_computer,primary
36,2026,5,크라우드웍스,1346000,15,2,0,irregular,simple_computer,primary
37,2024,6,쿠팡이츠,2988000,21,3,0,regular,delivery_transport,primary
37,2024,7,쿠팡이츠,3200000,23,3,0,regular,delivery_transport,primary
37,2024,8,쿠팡이츠,3448000,30,3,0,regular,delivery_transport,primary
37,2024,9,쿠팡이츠,3092000,25,3,1,regular,delivery_transport,primary
37,2024,10,쿠팡이츠,2968000,25,3,0,regular,delivery_transport,primary
37,2024,11,쿠팡이츠,2893000,25,3,0,regular,delivery_transport,primary
37,2024,12,쿠팡이츠,3637000,29,3,1,regular,delivery_transport,primary
37,2025,1,쿠팡이츠,2914000,21,3,1,regular,delivery_transport,primary
37,2025,2,쿠팡이츠,2521000,23,3,1,regular,delivery_transport,primary
37,2025,3,쿠팡이츠,3085000,28,3,0,regular,delivery_transport,primary
37,2025,4,쿠팡이츠,3051000,22,3,0,regular,delivery_transport,primary
37,2025,5,쿠팡이츠,2808000,23,3,0,regular,delivery_transport,primary
37,2025,6,쿠팡이츠,3496000,25,3,0,regular,delivery_transport,primary
37,2025,7,쿠팡이츠,4106000,37,3,0,regular,delivery_transport,primary
37,2025,8,쿠팡이츠,3810000,27,3,0,regular,delivery_transport,primary
37,2025,9,쿠팡이츠,2620000,20,3,1,regular,delivery_transport,primary
37,2025,10,쿠팡이츠,3192000,27,3,0,regular,delivery_transport,primary
37,2025,11,쿠팡이츠,3342000,24,3,0,regular,delivery_transport,primary
37,2025,12,쿠팡이츠,3111000,25,3,1,regular,delivery_transport,primary
37,2026,1,쿠팡이츠,2589000,23,3,1,regular,delivery_transport,primary
37,2026,2,쿠팡이츠,3460000,24,3,1,regular,delivery_transport,primary
37,2026,3,쿠팡이츠,2607000,18,3,0,regular,delivery_transport,primary
37,2026,4,쿠팡이츠,2779000,24,3,0,regular,delivery_transport,primary
37,2026,5,쿠팡이츠,2980000,23,3,0,regular,delivery_transport,primary
38,2024,6,숨고,4353000,30,2,0,irregular,professional,primary
38,2024,7,숨고,7537000,23,2,0,irregular,professional,primary
38,2024,8,숨고,698000,4,1,0,irregular,professional,primary
38,2024,9,숨고,3438000,25,2,1,irregular,professional,primary
38,2024,10,숨고,859000,5,1,0,irregular,professional,primary
38,2024,11,숨고,2262000,15,2,0,irregular,professional,primary
38,2024,12,숨고,4630000,22,2,1,irregular,professional,primary
38,2025,1,숨고,0,0,0,1,irregular,professional,primary
38,2025,2,숨고,2150000,15,2,1,irregular,professional,primary
38,2025,3,숨고,2246000,14,2,0,irregular,professional,primary
38,2025,4,숨고,1365000,9,2,0,irregular,professional,primary
38,2025,5,숨고,0,0,0,0,irregular,professional,primary
38,2025,6,숨고,7409000,23,2,0,irregular,professional,primary
38,2025,7,숨고,9000000,27,2,0,irregular,professional,primary
38,2025,8,숨고,2596000,18,2,0,irregular,professional,primary
38,2025,9,숨고,499000,3,1,1,irregular,professional,primary
38,2025,10,숨고,2055000,15,2,0,irregular,professional,primary
38,2025,11,숨고,2697000,19,2,0,irregular,professional,primary
38,2025,12,숨고,4556000,22,2,1,irregular,professional,primary
38,2026,1,숨고,2700000,15,2,1,irregular,professional,primary
38,2026,2,숨고,2579000,16,2,1,irregular,professional,primary
38,2026,3,숨고,1457000,8,2,0,irregular,professional,primary
38,2026,4,숨고,5776000,30,2,0,irregular,professional,primary
38,2026,5,숨고,6867000,28,2,0,irregular,professional,primary
39,2024,6,바로고,743000,17,2,0,irregular,delivery_transport,secondary
39,2024,7,바로고,657000,13,2,0,irregular,delivery_transport,secondary
39,2024,8,바로고,468000,10,2,0,irregular,delivery_transport,secondary
39,2024,9,바로고,467000,10,2,1,irregular,delivery_transport,secondary
39,2024,10,바로고,682000,16,2,0,irregular,delivery_transport,secondary
39,2024,11,바로고,344000,8,2,0,irregular,delivery_transport,secondary
39,2024,12,바로고,413000,8,2,1,irregular,delivery_transport,secondary
39,2025,1,바로고,1184000,20,2,1,irregular,delivery_transport,secondary
39,2025,2,바로고,1045000,19,2,1,irregular,delivery_transport,secondary
39,2025,3,바로고,365000,9,2,0,irregular,delivery_transport,secondary
39,2025,4,바로고,252000,6,1,0,irregular,delivery_transport,secondary
39,2025,5,바로고,555000,13,2,0,irregular,delivery_transport,secondary
39,2025,6,바로고,352000,7,2,0,irregular,delivery_transport,secondary
39,2025,7,바로고,307000,8,2,0,irregular,delivery_transport,secondary
39,2025,8,바로고,329000,7,2,0,irregular,delivery_transport,secondary
39,2025,9,바로고,183000,3,1,1,irregular,delivery_transport,secondary
39,2025,10,바로고,160000,3,1,0,irregular,delivery_transport,secondary
39,2025,11,바로고,212000,4,1,0,irregular,delivery_transport,secondary
39,2025,12,바로고,118000,3,1,1,irregular,delivery_transport,secondary
39,2026,1,바로고,0,0,0,1,irregular,delivery_transport,secondary
39,2026,2,바로고,118000,3,1,1,irregular,delivery_transport,secondary
39,2026,3,바로고,0,0,0,0,irregular,delivery_transport,secondary
39,2026,4,바로고,183000,4,1,0,irregular,delivery_transport,secondary
39,2026,5,바로고,353000,8,2,0,irregular,delivery_transport,secondary
40,2024,6,크라우드웍스,1580000,17,1,0,irregular,simple_computer,primary
40,2024,7,크라우드웍스,436000,5,1,0,irregular,simple_computer,primary
40,2024,8,크라우드웍스,752000,8,1,0,irregular,simple_computer,primary
40,2024,9,크라우드웍스,1143000,12,1,1,irregular,simple_computer,primary
40,2024,10,크라우드웍스,1151000,14,1,0,irregular,simple_computer,primary
40,2024,11,크라우드웍스,0,0,0,0,irregular,simple_computer,primary
40,2024,12,크라우드웍스,0,0,0,1,irregular,simple_computer,primary
40,2025,1,크라우드웍스,0,0,0,1,irregular,simple_computer,primary
40,2025,2,크라우드웍스,0,0,0,1,irregular,simple_computer,primary
40,2025,3,크라우드웍스,0,0,0,0,irregular,simple_computer,primary
40,2025,4,크라우드웍스,0,0,0,0,irregular,simple_computer,primary
40,2025,5,크라우드웍스,0,0,0,0,irregular,simple_computer,primary
40,2025,6,크라우드웍스,0,0,0,0,irregular,simple_computer,primary
40,2025,7,크라우드웍스,0,0,0,0,irregular,simple_computer,primary
40,2025,8,크라우드웍스,0,0,0,0,irregular,simple_computer,primary
40,2025,9,크라우드웍스,0,0,0,1,irregular,simple_computer,primary
40,2025,10,크라우드웍스,0,0,0,0,irregular,simple_computer,primary
40,2025,11,크라우드웍스,0,0,0,0,irregular,simple_computer,primary
40,2025,12,크라우드웍스,0,0,0,1,irregular,simple_computer,primary
40,2026,1,크라우드웍스,197000,3,1,1,irregular,simple_computer,primary
40,2026,2,크라우드웍스,2259000,26,1,1,irregular,simple_computer,primary
40,2026,3,크라우드웍스,0,0,0,0,irregular,simple_computer,primary
40,2026,4,크라우드웍스,1713000,19,1,0,irregular,simple_computer,primary
40,2026,5,크라우드웍스,2601000,28,1,0,irregular,simple_computer,primary
41,2024,6,쿠팡플렉스,2020000,19,1,0,regular,delivery_transport,primary
41,2024,7,쿠팡플렉스,2162000,18,1,0,regular,delivery_transport,primary
41,2024,8,쿠팡플렉스,1826000,17,1,0,regular,delivery_transport,primary
41,2024,9,쿠팡플렉스,1993000,20,1,1,regular,delivery_transport,primary
41,2024,10,쿠팡플렉스,2513000,22,1,0,regular,delivery_transport,primary
41,2024,11,쿠팡플렉스,2393000,22,1,0,regular,delivery_transport,primary
41,2024,12,쿠팡플렉스,1667000,14,1,1,regular,delivery_transport,primary
41,2025,1,쿠팡플렉스,2331000,19,1,1,regular,delivery_transport,primary
41,2025,2,쿠팡플렉스,2210000,20,1,1,regular,delivery_transport,primary
41,2025,3,쿠팡플렉스,1938000,16,1,0,regular,delivery_transport,primary
41,2025,4,쿠팡플렉스,1974000,16,1,0,regular,delivery_transport,primary
41,2025,5,쿠팡플렉스,2295000,21,1,0,regular,delivery_transport,primary
41,2025,6,쿠팡플렉스,1763000,17,1,0,regular,delivery_transport,primary
41,2025,7,쿠팡플렉스,2268000,23,1,0,regular,delivery_transport,primary
41,2025,8,쿠팡플렉스,2209000,23,1,0,regular,delivery_transport,primary
41,2025,9,쿠팡플렉스,2155000,18,1,1,regular,delivery_transport,primary
41,2025,10,쿠팡플렉스,2388000,21,1,0,regular,delivery_transport,primary
41,2025,11,쿠팡플렉스,2061000,22,1,0,regular,delivery_transport,primary
41,2025,12,쿠팡플렉스,2300000,20,1,1,regular,delivery_transport,primary
41,2026,1,쿠팡플렉스,2006000,21,1,1,regular,delivery_transport,primary
41,2026,2,쿠팡플렉스,2037000,20,1,1,regular,delivery_transport,primary
41,2026,3,쿠팡플렉스,2335000,23,1,0,regular,delivery_transport,primary
41,2026,4,쿠팡플렉스,2314000,22,1,0,regular,delivery_transport,primary
41,2026,5,쿠팡플렉스,2189000,19,1,0,regular,delivery_transport,primary
42,2024,6,카카오T대리,2012000,13,1,0,regular,delivery_transport,primary
42,2024,7,카카오T대리,2638000,21,1,0,regular,delivery_transport,primary
42,2024,8,카카오T대리,3183000,21,1,0,regular,delivery_transport,primary
42,2024,9,카카오T대리,2101000,18,1,1,regular,delivery_transport,primary
42,2024,10,카카오T대리,2519000,21,1,0,regular,delivery_transport,primary
42,2024,11,카카오T대리,2695000,23,1,0,regular,delivery_transport,primary
42,2024,12,카카오T대리,2960000,19,1,1,regular,delivery_transport,primary
42,2025,1,카카오T대리,1963000,13,1,1,regular,delivery_transport,primary
42,2025,2,카카오T대리,2867000,20,1,1,regular,delivery_transport,primary
42,2025,3,카카오T대리,2844000,20,1,0,regular,delivery_transport,primary
42,2025,4,카카오T대리,1919000,14,1,0,regular,delivery_transport,primary
42,2025,5,카카오T대리,2294000,18,1,0,regular,delivery_transport,primary
42,2025,6,카카오T대리,2498000,22,1,0,regular,delivery_transport,primary
42,2025,7,카카오T대리,2353000,19,1,0,regular,delivery_transport,primary
42,2025,8,카카오T대리,2645000,19,1,0,regular,delivery_transport,primary
42,2025,9,카카오T대리,2634000,19,1,1,regular,delivery_transport,primary
42,2025,10,카카오T대리,2696000,23,1,0,regular,delivery_transport,primary
42,2025,11,카카오T대리,2815000,20,1,0,regular,delivery_transport,primary
42,2025,12,카카오T대리,3338000,23,1,1,regular,delivery_transport,primary
42,2026,1,카카오T대리,3440000,22,1,1,regular,delivery_transport,primary
42,2026,2,카카오T대리,3098000,24,1,1,regular,delivery_transport,primary
42,2026,3,카카오T대리,2237000,18,1,0,regular,delivery_transport,primary
42,2026,4,카카오T대리,1840000,12,1,0,regular,delivery_transport,primary
42,2026,5,카카오T대리,3170000,23,1,0,regular,delivery_transport,primary
43,2024,6,크몽,972000,6,1,0,regular,professional,occasional
43,2024,7,크몽,986000,6,1,0,regular,professional,occasional
43,2024,8,크몽,1083000,5,1,0,regular,professional,occasional
43,2024,9,크몽,1022000,5,1,1,regular,professional,occasional
43,2024,10,크몽,1046000,6,1,0,regular,professional,occasional
43,2024,11,크몽,1069000,5,1,0,regular,professional,occasional
43,2024,12,크몽,1049000,6,1,1,regular,professional,occasional
43,2025,1,크몽,866000,4,1,1,regular,professional,occasional
43,2025,2,크몽,887000,5,1,1,regular,professional,occasional
43,2025,3,크몽,790000,4,1,0,regular,professional,occasional
43,2025,4,크몽,1043000,5,1,0,regular,professional,occasional
43,2025,5,크몽,760000,4,1,0,regular,professional,occasional
43,2025,6,크몽,985000,5,1,0,regular,professional,occasional
43,2025,7,크몽,1173000,5,1,0,regular,professional,occasional
43,2025,8,크몽,927000,4,1,0,regular,professional,occasional
43,2025,9,크몽,1190000,7,1,1,regular,professional,occasional
43,2025,10,크몽,1085000,5,1,0,regular,professional,occasional
43,2025,11,크몽,837000,4,1,0,regular,professional,occasional
43,2025,12,크몽,795000,4,1,1,regular,professional,occasional
43,2026,1,크몽,576000,3,1,1,regular,professional,occasional
43,2026,2,크몽,1290000,7,1,1,regular,professional,occasional
43,2026,3,크몽,661000,4,1,0,regular,professional,occasional
43,2026,4,크몽,671000,3,1,0,regular,professional,occasional
43,2026,5,크몽,1075000,5,1,0,regular,professional,occasional
44,2024,6,숨고,4415000,35,2,0,irregular,professional,primary
44,2024,7,숨고,1160000,8,1,0,irregular,professional,primary
44,2024,8,숨고,0,0,0,0,irregular,professional,primary
44,2024,9,숨고,4107000,34,2,1,irregular,professional,primary
44,2024,10,숨고,0,0,0,0,irregular,professional,primary
44,2024,11,숨고,0,0,0,0,irregular,professional,primary
44,2024,12,숨고,1057000,10,1,1,irregular,professional,primary
44,2025,1,숨고,6369000,30,2,1,irregular,professional,primary
44,2025,2,숨고,1118000,9,1,1,irregular,professional,primary
44,2025,3,숨고,5638000,27,2,0,irregular,professional,primary
44,2025,4,숨고,9000000,30,2,0,irregular,professional,primary
44,2025,5,숨고,3850000,28,2,0,irregular,professional,primary
44,2025,6,숨고,9000000,33,2,0,irregular,professional,primary
44,2025,7,숨고,3506000,28,2,0,irregular,professional,primary
44,2025,8,숨고,2526000,22,2,0,irregular,professional,primary
44,2025,9,숨고,304000,2,1,1,irregular,professional,primary
44,2025,10,숨고,0,0,0,0,irregular,professional,primary
44,2025,11,숨고,904000,8,1,0,irregular,professional,primary
44,2025,12,숨고,7825000,28,2,1,irregular,professional,primary
44,2026,1,숨고,0,0,0,1,irregular,professional,primary
44,2026,2,숨고,1481000,12,2,1,irregular,professional,primary
44,2026,3,숨고,4133000,35,2,0,irregular,professional,primary
44,2026,4,숨고,0,0,0,0,irregular,professional,primary
44,2026,5,숨고,0,0,0,0,irregular,professional,primary
45,2024,6,생각대로,1942000,21,1,0,regular,delivery_transport,primary
45,2024,7,생각대로,2262000,24,1,0,regular,delivery_transport,primary
45,2024,8,생각대로,1627000,16,1,0,regular,delivery_transport,primary
45,2024,9,생각대로,1940000,21,1,1,regular,delivery_transport,primary
45,2024,10,생각대로,1392000,15,1,0,regular,delivery_transport,primary
45,2024,11,생각대로,1370000,17,1,0,regular,delivery_transport,primary
45,2024,12,생각대로,1926000,21,1,1,regular,delivery_transport,primary
45,2025,1,생각대로,1864000,24,1,1,regular,delivery_transport,primary
45,2025,2,생각대로,2079000,24,1,1,regular,delivery_transport,primary
45,2025,3,생각대로,2094000,25,1,0,regular,delivery_transport,primary
45,2025,4,생각대로,1900000,21,1,0,regular,delivery_transport,primary
45,2025,5,생각대로,1512000,17,1,0,regular,delivery_transport,primary
45,2025,6,생각대로,1862000,19,1,0,regular,delivery_transport,primary
45,2025,7,생각대로,2164000,21,1,0,regular,delivery_transport,primary
45,2025,8,생각대로,1843000,21,1,0,regular,delivery_transport,primary
45,2025,9,생각대로,1499000,19,1,1,regular,delivery_transport,primary
45,2025,10,생각대로,2607000,28,1,0,regular,delivery_transport,primary
45,2025,11,생각대로,1828000,21,1,0,regular,delivery_transport,primary
45,2025,12,생각대로,1781000,23,1,1,regular,delivery_transport,primary
45,2026,1,생각대로,1730000,19,1,1,regular,delivery_transport,primary
45,2026,2,생각대로,2198000,26,1,1,regular,delivery_transport,primary
45,2026,3,생각대로,2192000,26,1,0,regular,delivery_transport,primary
45,2026,4,생각대로,1857000,18,1,0,regular,delivery_transport,primary
45,2026,5,생각대로,1615000,18,1,0,regular,delivery_transport,primary
46,2024,6,에이모,474000,11,1,0,irregular,simple_computer,occasional
46,2024,7,에이모,242000,5,1,0,irregular,simple_computer,occasional
46,2024,8,에이모,1842000,15,1,0,irregular,simple_computer,occasional
46,2024,9,에이모,0,0,0,1,irregular,simple_computer,occasional
46,2024,10,에이모,0,0,0,0,irregular,simple_computer,occasional
46,2024,11,에이모,0,0,0,0,irregular,simple_computer,occasional
46,2024,12,에이모,0,0,0,1,irregular,simple_computer,occasional
46,2025,1,에이모,0,0,0,1,irregular,simple_computer,occasional
46,2025,2,에이모,0,0,0,1,irregular,simple_computer,occasional
46,2025,3,에이모,0,0,0,0,irregular,simple_computer,occasional
46,2025,4,에이모,424000,8,1,0,irregular,simple_computer,occasional
46,2025,5,에이모,242000,5,1,0,irregular,simple_computer,occasional
46,2025,6,에이모,1816000,14,1,0,irregular,simple_computer,occasional
46,2025,7,에이모,794000,16,1,0,irregular,simple_computer,occasional
46,2025,8,에이모,781000,14,1,0,irregular,simple_computer,occasional
46,2025,9,에이모,2378000,12,1,1,irregular,simple_computer,occasional
46,2025,10,에이모,1619000,15,1,0,irregular,simple_computer,occasional
46,2025,11,에이모,1310000,12,1,0,irregular,simple_computer,occasional
46,2025,12,에이모,2051000,12,1,1,irregular,simple_computer,occasional
46,2026,1,에이모,956000,15,1,1,irregular,simple_computer,occasional
46,2026,2,에이모,722000,15,1,1,irregular,simple_computer,occasional
46,2026,3,에이모,1842000,12,1,0,irregular,simple_computer,occasional
46,2026,4,에이모,1436000,12,1,0,irregular,simple_computer,occasional
46,2026,5,에이모,1555000,14,1,0,irregular,simple_computer,occasional
47,2024,6,에이모,246000,3,1,0,irregular,simple_computer,primary
47,2024,7,에이모,1222000,15,2,0,irregular,simple_computer,primary
47,2024,8,에이모,0,0,0,0,irregular,simple_computer,primary
47,2024,9,에이모,1547000,21,2,1,irregular,simple_computer,primary
47,2024,10,에이모,891000,11,2,0,irregular,simple_computer,primary
47,2024,11,에이모,2284000,26,2,0,irregular,simple_computer,primary
47,2024,12,에이모,3001000,30,2,1,irregular,simple_computer,primary
47,2025,1,에이모,1215000,14,2,1,irregular,simple_computer,primary
47,2025,2,에이모,1771000,22,2,1,irregular,simple_computer,primary
47,2025,3,에이모,969000,14,2,0,irregular,simple_computer,primary
47,2025,4,에이모,908000,13,2,0,irregular,simple_computer,primary
47,2025,5,에이모,679000,10,2,0,irregular,simple_computer,primary
47,2025,6,에이모,1755000,27,2,0,irregular,simple_computer,primary
47,2025,7,에이모,580000,8,1,0,irregular,simple_computer,primary
47,2025,8,에이모,1608000,24,2,0,irregular,simple_computer,primary
47,2025,9,에이모,1662000,25,2,1,irregular,simple_computer,primary
47,2025,10,에이모,321000,4,1,0,irregular,simple_computer,primary
47,2025,11,에이모,1429000,16,2,0,irregular,simple_computer,primary
47,2025,12,에이모,786000,10,2,1,irregular,simple_computer,primary
47,2026,1,에이모,0,0,0,1,irregular,simple_computer,primary
47,2026,2,에이모,0,0,0,1,irregular,simple_computer,primary
47,2026,3,에이모,0,0,0,0,irregular,simple_computer,primary
47,2026,4,에이모,0,0,0,0,irregular,simple_computer,primary
47,2026,5,에이모,0,0,0,0,irregular,simple_computer,primary
48,2024,6,카카오T대리,1300000,15,2,0,irregular,delivery_transport,primary
48,2024,7,카카오T대리,1335000,15,2,0,irregular,delivery_transport,primary
48,2024,8,카카오T대리,0,0,0,0,irregular,delivery_transport,primary
48,2024,9,카카오T대리,1265000,14,2,1,irregular,delivery_transport,primary
48,2024,10,카카오T대리,0,0,0,0,irregular,delivery_transport,primary
48,2024,11,카카오T대리,0,0,0,0,irregular,delivery_transport,primary
48,2024,12,카카오T대리,0,0,0,1,irregular,delivery_transport,primary
48,2025,1,카카오T대리,1574000,17,2,1,irregular,delivery_transport,primary
48,2025,2,카카오T대리,1171000,13,2,1,irregular,delivery_transport,primary
48,2025,3,카카오T대리,3230000,28,2,0,irregular,delivery_transport,primary
48,2025,4,카카오T대리,4257000,32,2,0,irregular,delivery_transport,primary
48,2025,5,카카오T대리,2110000,25,2,0,irregular,delivery_transport,primary
48,2025,6,카카오T대리,1928000,24,2,0,irregular,delivery_transport,primary
48,2025,7,카카오T대리,1543000,16,2,0,irregular,delivery_transport,primary
48,2025,8,카카오T대리,1736000,23,2,0,irregular,delivery_transport,primary
48,2025,9,카카오T대리,2432000,31,2,1,irregular,delivery_transport,primary
48,2025,10,카카오T대리,1736000,18,2,0,irregular,delivery_transport,primary
48,2025,11,카카오T대리,1125000,15,2,0,irregular,delivery_transport,primary
48,2025,12,카카오T대리,3887000,29,2,1,irregular,delivery_transport,primary
48,2026,1,카카오T대리,2909000,24,2,1,irregular,delivery_transport,primary
48,2026,2,카카오T대리,4221000,32,2,1,irregular,delivery_transport,primary
48,2026,3,카카오T대리,3548000,25,2,0,irregular,delivery_transport,primary
48,2026,4,카카오T대리,5791000,24,2,0,irregular,delivery_transport,primary
48,2026,5,카카오T대리,2664000,26,2,0,irregular,delivery_transport,primary
49,2024,6,바로고,1831000,8,2,0,regular,delivery_transport,secondary
49,2024,7,바로고,2356000,12,2,0,regular,delivery_transport,secondary
49,2024,8,바로고,2630000,10,2,0,regular,delivery_transport,secondary
49,2024,9,바로고,2582000,10,2,1,regular,delivery_transport,secondary
49,2024,10,바로고,2439000,10,2,0,regular,delivery_transport,secondary
49,2024,11,바로고,2292000,10,2,0,regular,delivery_transport,secondary
49,2024,12,바로고,2215000,10,2,1,regular,delivery_transport,secondary
49,2025,1,바로고,1580000,8,2,1,regular,delivery_transport,secondary
49,2025,2,바로고,1917000,10,2,1,regular,delivery_transport,secondary
49,2025,3,바로고,1480000,7,2,0,regular,delivery_transport,secondary
49,2025,4,바로고,2625000,13,2,0,regular,delivery_transport,secondary
49,2025,5,바로고,1928000,10,2,0,regular,delivery_transport,secondary
49,2025,6,바로고,1680000,8,2,0,regular,delivery_transport,secondary
49,2025,7,바로고,2854000,12,2,0,regular,delivery_transport,secondary
49,2025,8,바로고,1535000,8,2,0,regular,delivery_transport,secondary
49,2025,9,바로고,2265000,11,2,1,regular,delivery_transport,secondary
49,2025,10,바로고,1895000,10,2,0,regular,delivery_transport,secondary
49,2025,11,바로고,2325000,10,2,0,regular,delivery_transport,secondary
49,2025,12,바로고,1973000,8,2,1,regular,delivery_transport,secondary
49,2026,1,바로고,1560000,6,2,1,regular,delivery_transport,secondary
49,2026,2,바로고,2295000,11,2,1,regular,delivery_transport,secondary
49,2026,3,바로고,2234000,12,2,0,regular,delivery_transport,secondary
49,2026,4,바로고,2071000,10,2,0,regular,delivery_transport,secondary
49,2026,5,바로고,2210000,9,2,0,regular,delivery_transport,secondary
50,2024,6,생각대로,1706000,20,2,0,irregular,delivery_transport,primary
50,2024,7,생각대로,2244000,22,2,0,irregular,delivery_transport,primary
50,2024,8,생각대로,1600000,17,2,0,irregular,delivery_transport,primary
50,2024,9,생각대로,1392000,16,2,1,irregular,delivery_transport,primary
50,2024,10,생각대로,1727000,19,2,0,irregular,delivery_transport,primary
50,2024,11,생각대로,1360000,16,2,0,irregular,delivery_transport,primary
50,2024,12,생각대로,1848000,21,2,1,irregular,delivery_transport,primary
50,2025,1,생각대로,2135000,24,2,1,irregular,delivery_transport,primary
50,2025,2,생각대로,1486000,16,2,1,irregular,delivery_transport,primary
50,2025,3,생각대로,1825000,20,2,0,irregular,delivery_transport,primary
50,2025,4,생각대로,2981000,31,2,0,irregular,delivery_transport,primary
50,2025,5,생각대로,972000,11,2,0,irregular,delivery_transport,primary
50,2025,6,생각대로,1868000,22,2,0,irregular,delivery_transport,primary
50,2025,7,생각대로,1687000,16,2,0,irregular,delivery_transport,primary
50,2025,8,생각대로,1803000,17,2,0,irregular,delivery_transport,primary
50,2025,9,생각대로,3750000,31,2,1,irregular,delivery_transport,primary
50,2025,10,생각대로,2294000,22,2,0,irregular,delivery_transport,primary
50,2025,11,생각대로,5030000,26,2,0,irregular,delivery_transport,primary
50,2025,12,생각대로,8149000,28,2,1,irregular,delivery_transport,primary
50,2026,1,생각대로,2233000,22,2,1,irregular,delivery_transport,primary
50,2026,2,생각대로,1183000,13,2,1,irregular,delivery_transport,primary
50,2026,3,생각대로,0,0,0,0,irregular,delivery_transport,primary
50,2026,4,생각대로,0,0,0,0,irregular,delivery_transport,primary
50,2026,5,생각대로,0,0,0,0,irregular,delivery_transport,primary
51,2024,6,카카오T대리,2185000,26,1,0,seasonal,delivery_transport,primary
51,2024,7,카카오T대리,2360000,28,1,0,seasonal,delivery_transport,primary
51,2024,8,카카오T대리,1707000,18,1,0,seasonal,delivery_transport,primary
51,2024,9,카카오T대리,2192000,26,1,1,seasonal,delivery_transport,primary
51,2024,10,카카오T대리,2232000,26,1,0,seasonal,delivery_transport,primary
51,2024,11,카카오T대리,2809000,26,1,0,seasonal,delivery_transport,primary
51,2024,12,카카오T대리,3419000,29,1,1,seasonal,delivery_transport,primary
51,2025,1,카카오T대리,1724000,21,1,1,seasonal,delivery_transport,primary
51,2025,2,카카오T대리,1497000,16,1,1,seasonal,delivery_transport,primary
51,2025,3,카카오T대리,2105000,21,1,0,seasonal,delivery_transport,primary
51,2025,4,카카오T대리,2227000,24,1,0,seasonal,delivery_transport,primary
51,2025,5,카카오T대리,2023000,23,1,0,seasonal,delivery_transport,primary
51,2025,6,카카오T대리,2074000,22,1,0,seasonal,delivery_transport,primary
51,2025,7,카카오T대리,2082000,24,1,0,seasonal,delivery_transport,primary
51,2025,8,카카오T대리,1948000,23,1,0,seasonal,delivery_transport,primary
51,2025,9,카카오T대리,2576000,27,1,1,seasonal,delivery_transport,primary
51,2025,10,카카오T대리,2310000,23,1,0,seasonal,delivery_transport,primary
51,2025,11,카카오T대리,2897000,25,1,0,seasonal,delivery_transport,primary
51,2025,12,카카오T대리,3052000,31,1,1,seasonal,delivery_transport,primary
51,2026,1,카카오T대리,1516000,15,1,1,seasonal,delivery_transport,primary
51,2026,2,카카오T대리,2143000,20,1,1,seasonal,delivery_transport,primary
51,2026,3,카카오T대리,2552000,24,1,0,seasonal,delivery_transport,primary
51,2026,4,카카오T대리,2331000,28,1,0,seasonal,delivery_transport,primary
51,2026,5,카카오T대리,2322000,28,1,0,seasonal,delivery_transport,primary
52,2024,6,카카오모빌리티,2720000,28,2,0,seasonal,delivery_transport,primary
52,2024,7,카카오모빌리티,2403000,19,2,0,seasonal,delivery_transport,primary
52,2024,8,카카오모빌리티,2773000,22,2,0,seasonal,delivery_transport,primary
52,2024,9,카카오모빌리티,2471000,22,2,1,seasonal,delivery_transport,primary
52,2024,10,카카오모빌리티,2398000,24,2,0,seasonal,delivery_transport,primary
52,2024,11,카카오모빌리티,2888000,29,2,0,seasonal,delivery_transport,primary
52,2024,12,카카오모빌리티,2903000,23,2,1,seasonal,delivery_transport,primary
52,2025,1,카카오모빌리티,3038000,30,2,1,seasonal,delivery_transport,primary
52,2025,2,카카오모빌리티,2840000,26,2,1,seasonal,delivery_transport,primary
52,2025,3,카카오모빌리티,2843000,22,2,0,seasonal,delivery_transport,primary
52,2025,4,카카오모빌리티,2766000,27,2,0,seasonal,delivery_transport,primary
52,2025,5,카카오모빌리티,2873000,29,2,0,seasonal,delivery_transport,primary
52,2025,6,카카오모빌리티,2844000,22,2,0,seasonal,delivery_transport,primary
52,2025,7,카카오모빌리티,2965000,25,2,0,seasonal,delivery_transport,primary
52,2025,8,카카오모빌리티,3384000,35,2,0,seasonal,delivery_transport,primary
52,2025,9,카카오모빌리티,3002000,24,2,1,seasonal,delivery_transport,primary
52,2025,10,카카오모빌리티,2665000,27,2,0,seasonal,delivery_transport,primary
52,2025,11,카카오모빌리티,3300000,33,2,0,seasonal,delivery_transport,primary
52,2025,12,카카오모빌리티,3134000,30,2,1,seasonal,delivery_transport,primary
52,2026,1,카카오모빌리티,3196000,26,2,1,seasonal,delivery_transport,primary
52,2026,2,카카오모빌리티,3098000,28,2,1,seasonal,delivery_transport,primary
52,2026,3,카카오모빌리티,2763000,25,2,0,seasonal,delivery_transport,primary
52,2026,4,카카오모빌리티,2689000,23,2,0,seasonal,delivery_transport,primary
52,2026,5,카카오모빌리티,3049000,27,2,0,seasonal,delivery_transport,primary
53,2024,6,로지올,1167000,21,2,0,irregular,delivery_transport,secondary
53,2024,7,로지올,1034000,20,2,0,irregular,delivery_transport,secondary
53,2024,8,로지올,2109000,25,2,0,irregular,delivery_transport,secondary
53,2024,9,로지올,3105000,25,2,1,irregular,delivery_transport,secondary
53,2024,10,로지올,4977000,23,2,0,irregular,delivery_transport,secondary
53,2024,11,로지올,0,0,0,0,irregular,delivery_transport,secondary
53,2024,12,로지올,1652000,20,2,1,irregular,delivery_transport,secondary
53,2025,1,로지올,1191000,22,2,1,irregular,delivery_transport,secondary
53,2025,2,로지올,1523000,20,2,1,irregular,delivery_transport,secondary
53,2025,3,로지올,0,0,0,0,irregular,delivery_transport,secondary
53,2025,4,로지올,1777000,24,2,0,irregular,delivery_transport,secondary
53,2025,5,로지올,1318000,21,2,0,irregular,delivery_transport,secondary
53,2025,6,로지올,2788000,19,2,0,irregular,delivery_transport,secondary
53,2025,7,로지올,1809000,20,2,0,irregular,delivery_transport,secondary
53,2025,8,로지올,2341000,20,2,0,irregular,delivery_transport,secondary
53,2025,9,로지올,1080000,17,2,1,irregular,delivery_transport,secondary
53,2025,10,로지올,1459000,21,2,0,irregular,delivery_transport,secondary
53,2025,11,로지올,1476000,23,2,0,irregular,delivery_transport,secondary
53,2025,12,로지올,1416000,20,2,1,irregular,delivery_transport,secondary
53,2026,1,로지올,1182000,20,2,1,irregular,delivery_transport,secondary
53,2026,2,로지올,1872000,22,2,1,irregular,delivery_transport,secondary
53,2026,3,로지올,1890000,21,2,0,irregular,delivery_transport,secondary
53,2026,4,로지올,1916000,20,2,0,irregular,delivery_transport,secondary
53,2026,5,로지올,3193000,26,2,0,irregular,delivery_transport,secondary
54,2024,6,크몽,0,0,0,0,irregular,professional,primary
54,2024,7,크몽,0,0,0,0,irregular,professional,primary
54,2024,8,크몽,3824000,29,2,0,irregular,professional,primary
54,2024,9,크몽,1224000,9,1,1,irregular,professional,primary
54,2024,10,크몽,0,0,0,0,irregular,professional,primary
54,2024,11,크몽,3268000,26,2,0,irregular,professional,primary
54,2024,12,크몽,3182000,24,2,1,irregular,professional,primary
54,2025,1,크몽,5579000,28,2,1,irregular,professional,primary
54,2025,2,크몽,1804000,11,2,1,irregular,professional,primary
54,2025,3,크몽,3324000,25,2,0,irregular,professional,primary
54,2025,4,크몽,4841000,27,2,0,irregular,professional,primary
54,2025,5,크몽,4851000,31,2,0,irregular,professional,primary
54,2025,6,크몽,1951000,12,2,0,irregular,professional,primary
54,2025,7,크몽,0,0,0,0,irregular,professional,primary
54,2025,8,크몽,1435000,9,2,0,irregular,professional,primary
54,2025,9,크몽,2449000,19,2,1,irregular,professional,primary
54,2025,10,크몽,1096000,9,1,0,irregular,professional,primary
54,2025,11,크몽,2259000,13,2,0,irregular,professional,primary
54,2025,12,크몽,2720000,18,2,1,irregular,professional,primary
54,2026,1,크몽,1097000,8,1,1,irregular,professional,primary
54,2026,2,크몽,0,0,0,1,irregular,professional,primary
54,2026,3,크몽,0,0,0,0,irregular,professional,primary
54,2026,4,크몽,0,0,0,0,irregular,professional,primary
54,2026,5,크몽,0,0,0,0,irregular,professional,primary
55,2024,6,이랜서,4744000,31,1,0,irregular,it_service,primary
55,2024,7,이랜서,3875000,21,1,0,irregular,it_service,primary
55,2024,8,이랜서,0,0,0,0,irregular,it_service,primary
55,2024,9,이랜서,6858000,31,1,1,irregular,it_service,primary
55,2024,10,이랜서,5598000,26,1,0,irregular,it_service,primary
55,2024,11,이랜서,5270000,31,1,0,irregular,it_service,primary
55,2024,12,이랜서,0,0,0,1,irregular,it_service,primary
55,2025,1,이랜서,5233000,28,1,1,irregular,it_service,primary
55,2025,2,이랜서,9000000,33,1,1,irregular,it_service,primary
55,2025,3,이랜서,9000000,30,1,0,irregular,it_service,primary
55,2025,4,이랜서,9000000,33,1,0,irregular,it_service,primary
55,2025,5,이랜서,1019000,7,1,0,irregular,it_service,primary
55,2025,6,이랜서,7390000,33,1,0,irregular,it_service,primary
55,2025,7,이랜서,9000000,34,1,0,irregular,it_service,primary
55,2025,8,이랜서,9000000,28,1,0,irregular,it_service,primary
55,2025,9,이랜서,0,0,0,1,irregular,it_service,primary
55,2025,10,이랜서,3035000,16,1,0,irregular,it_service,primary
55,2025,11,이랜서,0,0,0,0,irregular,it_service,primary
55,2025,12,이랜서,8133000,30,1,1,irregular,it_service,primary
55,2026,1,이랜서,5505000,27,1,1,irregular,it_service,primary
55,2026,2,이랜서,8528000,31,1,1,irregular,it_service,primary
55,2026,3,이랜서,9000000,30,1,0,irregular,it_service,primary
55,2026,4,이랜서,3210000,22,1,0,irregular,it_service,primary
55,2026,5,이랜서,5773000,32,1,0,irregular,it_service,primary
56,2024,6,크몽,0,0,0,0,irregular,professional,secondary
56,2024,7,크몽,2980000,13,2,0,irregular,professional,secondary
56,2024,8,크몽,907000,7,2,0,irregular,professional,secondary
56,2024,9,크몽,1656000,11,2,1,irregular,professional,secondary
56,2024,10,크몽,0,0,0,0,irregular,professional,secondary
56,2024,11,크몽,0,0,0,0,irregular,professional,secondary
56,2024,12,크몽,930000,8,2,1,irregular,professional,secondary
56,2025,1,크몽,0,0,0,1,irregular,professional,secondary
56,2025,2,크몽,297000,2,1,1,irregular,professional,secondary
56,2025,3,크몽,722000,6,2,0,irregular,professional,secondary
56,2025,4,크몽,1265000,13,2,0,irregular,professional,secondary
56,2025,5,크몽,479000,4,2,0,irregular,professional,secondary
56,2025,6,크몽,0,0,0,0,irregular,professional,secondary
56,2025,7,크몽,1098000,11,2,0,irregular,professional,secondary
56,2025,8,크몽,443000,3,2,0,irregular,professional,secondary
56,2025,9,크몽,1002000,8,2,1,irregular,professional,secondary
56,2025,10,크몽,0,0,0,0,irregular,professional,secondary
56,2025,11,크몽,3185000,13,2,0,irregular,professional,secondary
56,2025,12,크몽,3986000,11,2,1,irregular,professional,secondary
56,2026,1,크몽,939000,9,2,1,irregular,professional,secondary
56,2026,2,크몽,1448000,11,2,1,irregular,professional,secondary
56,2026,3,크몽,224000,2,1,0,irregular,professional,secondary
56,2026,4,크몽,587000,6,2,0,irregular,professional,secondary
56,2026,5,크몽,1606000,14,2,0,irregular,professional,secondary
57,2024,6,쿠팡플렉스,2184000,17,2,0,regular,delivery_transport,primary
57,2024,7,쿠팡플렉스,2212000,19,2,0,regular,delivery_transport,primary
57,2024,8,쿠팡플렉스,2843000,25,2,0,regular,delivery_transport,primary
57,2024,9,쿠팡플렉스,2820000,23,2,1,regular,delivery_transport,primary
57,2024,10,쿠팡플렉스,2750000,22,2,0,regular,delivery_transport,primary
57,2024,11,쿠팡플렉스,2469000,24,2,0,regular,delivery_transport,primary
57,2024,12,쿠팡플렉스,2482000,24,2,1,regular,delivery_transport,primary
57,2025,1,쿠팡플렉스,2714000,22,2,1,regular,delivery_transport,primary
57,2025,2,쿠팡플렉스,2404000,24,2,1,regular,delivery_transport,primary
57,2025,3,쿠팡플렉스,2545000,21,2,0,regular,delivery_transport,primary
57,2025,4,쿠팡플렉스,2691000,20,2,0,regular,delivery_transport,primary
57,2025,5,쿠팡플렉스,2772000,21,2,0,regular,delivery_transport,primary
57,2025,6,쿠팡플렉스,2463000,22,2,0,regular,delivery_transport,primary
57,2025,7,쿠팡플렉스,2445000,20,2,0,regular,delivery_transport,primary
57,2025,8,쿠팡플렉스,2352000,23,2,0,regular,delivery_transport,primary
57,2025,9,쿠팡플렉스,1748000,17,2,1,regular,delivery_transport,primary
57,2025,10,쿠팡플렉스,2666000,27,2,0,regular,delivery_transport,primary
57,2025,11,쿠팡플렉스,2340000,21,2,0,regular,delivery_transport,primary
57,2025,12,쿠팡플렉스,2011000,19,2,1,regular,delivery_transport,primary
57,2026,1,쿠팡플렉스,2311000,23,2,1,regular,delivery_transport,primary
57,2026,2,쿠팡플렉스,2438000,21,2,1,regular,delivery_transport,primary
57,2026,3,쿠팡플렉스,2394000,24,2,0,regular,delivery_transport,primary
57,2026,4,쿠팡플렉스,2195000,17,2,0,regular,delivery_transport,primary
57,2026,5,쿠팡플렉스,2071000,21,2,0,regular,delivery_transport,primary
58,2024,6,에이모,1052000,14,1,0,seasonal,simple_computer,primary
58,2024,7,에이모,1675000,22,1,0,seasonal,simple_computer,primary
58,2024,8,에이모,1588000,21,1,0,seasonal,simple_computer,primary
58,2024,9,에이모,1547000,21,1,1,seasonal,simple_computer,primary
58,2024,10,에이모,1385000,18,1,0,seasonal,simple_computer,primary
58,2024,11,에이모,1304000,17,1,0,seasonal,simple_computer,primary
58,2024,12,에이모,1514000,22,1,1,seasonal,simple_computer,primary
58,2025,1,에이모,1278000,17,1,1,seasonal,simple_computer,primary
58,2025,2,에이모,1303000,15,1,1,seasonal,simple_computer,primary
58,2025,3,에이모,1709000,24,1,0,seasonal,simple_computer,primary
58,2025,4,에이모,1712000,24,1,0,seasonal,simple_computer,primary
58,2025,5,에이모,766000,9,1,0,seasonal,simple_computer,primary
58,2025,6,에이모,863000,12,1,0,seasonal,simple_computer,primary
58,2025,7,에이모,1586000,22,1,0,seasonal,simple_computer,primary
58,2025,8,에이모,1469000,19,1,0,seasonal,simple_computer,primary
58,2025,9,에이모,1580000,18,1,1,seasonal,simple_computer,primary
58,2025,10,에이모,1342000,18,1,0,seasonal,simple_computer,primary
58,2025,11,에이모,1421000,19,1,0,seasonal,simple_computer,primary
58,2025,12,에이모,1339000,19,1,1,seasonal,simple_computer,primary
58,2026,1,에이모,1541000,22,1,1,seasonal,simple_computer,primary
58,2026,2,에이모,1623000,22,1,1,seasonal,simple_computer,primary
58,2026,3,에이모,1410000,17,1,0,seasonal,simple_computer,primary
58,2026,4,에이모,1669000,23,1,0,seasonal,simple_computer,primary
58,2026,5,에이모,857000,11,1,0,seasonal,simple_computer,primary
59,2024,6,당근알바,358000,6,2,0,irregular,etc,occasional
59,2024,7,당근알바,472000,7,2,0,irregular,etc,occasional
59,2024,8,당근알바,415000,6,2,0,irregular,etc,occasional
59,2024,9,당근알바,629000,8,2,1,irregular,etc,occasional
59,2024,10,당근알바,881000,9,2,0,irregular,etc,occasional
59,2024,11,당근알바,732000,8,2,0,irregular,etc,occasional
59,2024,12,당근알바,947000,8,2,1,irregular,etc,occasional
59,2025,1,당근알바,560000,9,2,1,irregular,etc,occasional
59,2025,2,당근알바,470000,7,2,1,irregular,etc,occasional
59,2025,3,당근알바,325000,5,2,0,irregular,etc,occasional
59,2025,4,당근알바,505000,7,2,0,irregular,etc,occasional
59,2025,5,당근알바,522000,6,2,0,irregular,etc,occasional
59,2025,6,당근알바,385000,6,2,0,irregular,etc,occasional
59,2025,7,당근알바,734000,10,2,0,irregular,etc,occasional
59,2025,8,당근알바,686000,9,2,0,irregular,etc,occasional
59,2025,9,당근알바,0,0,0,1,irregular,etc,occasional
59,2025,10,당근알바,318000,5,2,0,irregular,etc,occasional
59,2025,11,당근알바,419000,6,2,0,irregular,etc,occasional
59,2025,12,당근알바,334000,5,2,1,irregular,etc,occasional
59,2026,1,당근알바,595000,9,2,1,irregular,etc,occasional
59,2026,2,당근알바,396000,6,2,1,irregular,etc,occasional
59,2026,3,당근알바,383000,5,2,0,irregular,etc,occasional
59,2026,4,당근알바,0,0,0,0,irregular,etc,occasional
59,2026,5,당근알바,304000,5,2,0,irregular,etc,occasional
60,2024,6,쿠팡이츠,1735000,18,3,0,seasonal,delivery_transport,primary
60,2024,7,쿠팡이츠,2495000,24,3,0,seasonal,delivery_transport,primary
60,2024,8,쿠팡이츠,2033000,20,3,0,seasonal,delivery_transport,primary
60,2024,9,쿠팡이츠,1846000,20,3,1,seasonal,delivery_transport,primary
60,2024,10,쿠팡이츠,1818000,16,3,0,seasonal,delivery_transport,primary
60,2024,11,쿠팡이츠,2341000,27,3,0,seasonal,delivery_transport,primary
60,2024,12,쿠팡이츠,1920000,19,3,1,seasonal,delivery_transport,primary
60,2025,1,쿠팡이츠,1828000,18,3,1,seasonal,delivery_transport,primary
60,2025,2,쿠팡이츠,1540000,15,3,1,seasonal,delivery_transport,primary
60,2025,3,쿠팡이츠,1869000,19,3,0,seasonal,delivery_transport,primary
60,2025,4,쿠팡이츠,2117000,20,3,0,seasonal,delivery_transport,primary
60,2025,5,쿠팡이츠,2150000,25,3,0,seasonal,delivery_transport,primary
60,2025,6,쿠팡이츠,1698000,19,3,0,seasonal,delivery_transport,primary
60,2025,7,쿠팡이츠,2308000,21,3,0,seasonal,delivery_transport,primary
60,2025,8,쿠팡이츠,1857000,22,3,0,seasonal,delivery_transport,primary
60,2025,9,쿠팡이츠,1793000,19,3,1,seasonal,delivery_transport,primary
60,2025,10,쿠팡이츠,1757000,20,3,0,seasonal,delivery_transport,primary
60,2025,11,쿠팡이츠,2278000,22,3,0,seasonal,delivery_transport,primary
60,2025,12,쿠팡이츠,2459000,22,3,1,seasonal,delivery_transport,primary
60,2026,1,쿠팡이츠,1738000,20,3,1,seasonal,delivery_transport,primary
60,2026,2,쿠팡이츠,1361000,15,3,1,seasonal,delivery_transport,primary
60,2026,3,쿠팡이츠,1847000,20,3,0,seasonal,delivery_transport,primary
60,2026,4,쿠팡이츠,2056000,24,3,0,seasonal,delivery_transport,primary
60,2026,5,쿠팡이츠,1886000,19,3,0,seasonal,delivery_transport,primary
61,2024,6,쿠팡이츠,2046000,20,1,0,regular,delivery_transport,primary
61,2024,7,쿠팡이츠,2231000,24,1,0,regular,delivery_transport,primary
61,2024,8,쿠팡이츠,2615000,27,1,0,regular,delivery_transport,primary
61,2024,9,쿠팡이츠,2431000,26,1,1,regular,delivery_transport,primary
61,2024,10,쿠팡이츠,2044000,23,1,0,regular,delivery_transport,primary
61,2024,11,쿠팡이츠,2028000,22,1,0,regular,delivery_transport,primary
61,2024,12,쿠팡이츠,2448000,24,1,1,regular,delivery_transport,primary
61,2025,1,쿠팡이츠,1757000,20,1,1,regular,delivery_transport,primary
61,2025,2,쿠팡이츠,1878000,23,1,1,regular,delivery_transport,primary
61,2025,3,쿠팡이츠,2805000,25,1,0,regular,delivery_transport,primary
61,2025,4,쿠팡이츠,2127000,25,1,0,regular,delivery_transport,primary
61,2025,5,쿠팡이츠,2369000,24,1,0,regular,delivery_transport,primary
61,2025,6,쿠팡이츠,1780000,20,1,0,regular,delivery_transport,primary
61,2025,7,쿠팡이츠,2445000,26,1,0,regular,delivery_transport,primary
61,2025,8,쿠팡이츠,1790000,20,1,0,regular,delivery_transport,primary
61,2025,9,쿠팡이츠,2012000,19,1,1,regular,delivery_transport,primary
61,2025,10,쿠팡이츠,2305000,27,1,0,regular,delivery_transport,primary
61,2025,11,쿠팡이츠,2188000,25,1,0,regular,delivery_transport,primary
61,2025,12,쿠팡이츠,2563000,30,1,1,regular,delivery_transport,primary
61,2026,1,쿠팡이츠,2028000,24,1,1,regular,delivery_transport,primary
61,2026,2,쿠팡이츠,1877000,17,1,1,regular,delivery_transport,primary
61,2026,3,쿠팡이츠,1651000,18,1,0,regular,delivery_transport,primary
61,2026,4,쿠팡이츠,2049000,20,1,0,regular,delivery_transport,primary
61,2026,5,쿠팡이츠,1586000,16,1,0,regular,delivery_transport,primary
62,2024,6,카카오T대리,1485000,21,1,0,irregular,delivery_transport,secondary
62,2024,7,카카오T대리,1739000,22,1,0,irregular,delivery_transport,secondary
62,2024,8,카카오T대리,2321000,20,1,0,irregular,delivery_transport,secondary
62,2024,9,카카오T대리,2874000,21,1,1,irregular,delivery_transport,secondary
62,2024,10,카카오T대리,1385000,18,1,0,irregular,delivery_transport,secondary
62,2024,11,카카오T대리,1199000,16,1,0,irregular,delivery_transport,secondary
62,2024,12,카카오T대리,1173000,13,1,1,irregular,delivery_transport,secondary
62,2025,1,카카오T대리,1174000,14,1,1,irregular,delivery_transport,secondary
62,2025,2,카카오T대리,1657000,23,1,1,irregular,delivery_transport,secondary
62,2025,3,카카오T대리,1667000,21,1,0,irregular,delivery_transport,secondary
62,2025,4,카카오T대리,1601000,19,1,0,irregular,delivery_transport,secondary
62,2025,5,카카오T대리,1532000,21,1,0,irregular,delivery_transport,secondary
62,2025,6,카카오T대리,1065000,13,1,0,irregular,delivery_transport,secondary
62,2025,7,카카오T대리,859000,9,1,0,irregular,delivery_transport,secondary
62,2025,8,카카오T대리,0,0,0,0,irregular,delivery_transport,secondary
62,2025,9,카카오T대리,1458000,20,1,1,irregular,delivery_transport,secondary
62,2025,10,카카오T대리,1274000,15,1,0,irregular,delivery_transport,secondary
62,2025,11,카카오T대리,1052000,13,1,0,irregular,delivery_transport,secondary
62,2025,12,카카오T대리,0,0,0,1,irregular,delivery_transport,secondary
62,2026,1,카카오T대리,880000,10,1,1,irregular,delivery_transport,secondary
62,2026,2,카카오T대리,1161000,14,1,1,irregular,delivery_transport,secondary
62,2026,3,카카오T대리,1935000,24,1,0,irregular,delivery_transport,secondary
62,2026,4,카카오T대리,3117000,18,1,0,irregular,delivery_transport,secondary
62,2026,5,카카오T대리,1253000,14,1,0,irregular,delivery_transport,secondary
63,2024,6,카카오모빌리티,707000,11,1,0,seasonal,delivery_transport,secondary
63,2024,7,카카오모빌리티,828000,15,1,0,seasonal,delivery_transport,secondary
63,2024,8,카카오모빌리티,838000,14,1,0,seasonal,delivery_transport,secondary
63,2024,9,카카오모빌리티,1022000,14,1,1,seasonal,delivery_transport,secondary
63,2024,10,카카오모빌리티,871000,13,1,0,seasonal,delivery_transport,secondary
63,2024,11,카카오모빌리티,1163000,19,1,0,seasonal,delivery_transport,secondary
63,2024,12,카카오모빌리티,1272000,18,1,1,seasonal,delivery_transport,secondary
63,2025,1,카카오모빌리티,755000,14,1,1,seasonal,delivery_transport,secondary
63,2025,2,카카오모빌리티,920000,15,1,1,seasonal,delivery_transport,secondary
63,2025,3,카카오모빌리티,1022000,17,1,0,seasonal,delivery_transport,secondary
63,2025,4,카카오모빌리티,928000,13,1,0,seasonal,delivery_transport,secondary
63,2025,5,카카오모빌리티,1252000,20,1,0,seasonal,delivery_transport,secondary
63,2025,6,카카오모빌리티,986000,17,1,0,seasonal,delivery_transport,secondary
63,2025,7,카카오모빌리티,761000,14,1,0,seasonal,delivery_transport,secondary
63,2025,8,카카오모빌리티,871000,17,1,0,seasonal,delivery_transport,secondary
63,2025,9,카카오모빌리티,958000,17,1,1,seasonal,delivery_transport,secondary
63,2025,10,카카오모빌리티,979000,16,1,0,seasonal,delivery_transport,secondary
63,2025,11,카카오모빌리티,1462000,20,1,0,seasonal,delivery_transport,secondary
63,2025,12,카카오모빌리티,1050000,18,1,1,seasonal,delivery_transport,secondary
63,2026,1,카카오모빌리티,910000,16,1,1,seasonal,delivery_transport,secondary
63,2026,2,카카오모빌리티,719000,12,1,1,seasonal,delivery_transport,secondary
63,2026,3,카카오모빌리티,851000,13,1,0,seasonal,delivery_transport,secondary
63,2026,4,카카오모빌리티,1113000,18,1,0,seasonal,delivery_transport,secondary
63,2026,5,카카오모빌리티,1105000,16,1,0,seasonal,delivery_transport,secondary
64,2024,6,쿠팡플렉스,395000,4,2,0,seasonal,delivery_transport,occasional
64,2024,7,쿠팡플렉스,408000,4,2,0,seasonal,delivery_transport,occasional
64,2024,8,쿠팡플렉스,402000,4,2,0,seasonal,delivery_transport,occasional
64,2024,9,쿠팡플렉스,323000,4,2,1,seasonal,delivery_transport,occasional
64,2024,10,쿠팡플렉스,376000,4,2,0,seasonal,delivery_transport,occasional
64,2024,11,쿠팡플렉스,462000,5,2,0,seasonal,delivery_transport,occasional
64,2024,12,쿠팡플렉스,314000,4,2,1,seasonal,delivery_transport,occasional
64,2025,1,쿠팡플렉스,343000,4,2,1,seasonal,delivery_transport,occasional
64,2025,2,쿠팡플렉스,358000,4,2,1,seasonal,delivery_transport,occasional
64,2025,3,쿠팡플렉스,320000,3,2,0,seasonal,delivery_transport,occasional
64,2025,4,쿠팡플렉스,385000,4,2,0,seasonal,delivery_transport,occasional
64,2025,5,쿠팡플렉스,403000,5,2,0,seasonal,delivery_transport,occasional
64,2025,6,쿠팡플렉스,369000,3,2,0,seasonal,delivery_transport,occasional
64,2025,7,쿠팡플렉스,383000,4,2,0,seasonal,delivery_transport,occasional
64,2025,8,쿠팡플렉스,438000,5,2,0,seasonal,delivery_transport,occasional
64,2025,9,쿠팡플렉스,359000,4,2,1,seasonal,delivery_transport,occasional
64,2025,10,쿠팡플렉스,249000,3,2,0,seasonal,delivery_transport,occasional
64,2025,11,쿠팡플렉스,391000,4,2,0,seasonal,delivery_transport,occasional
64,2025,12,쿠팡플렉스,311000,3,2,1,seasonal,delivery_transport,occasional
64,2026,1,쿠팡플렉스,374000,4,2,1,seasonal,delivery_transport,occasional
64,2026,2,쿠팡플렉스,323000,4,2,1,seasonal,delivery_transport,occasional
64,2026,3,쿠팡플렉스,338000,4,2,0,seasonal,delivery_transport,occasional
64,2026,4,쿠팡플렉스,418000,4,2,0,seasonal,delivery_transport,occasional
64,2026,5,쿠팡플렉스,380000,4,2,0,seasonal,delivery_transport,occasional
65,2024,6,바로고,1627000,24,2,0,regular,delivery_transport,primary
65,2024,7,바로고,1466000,20,2,0,regular,delivery_transport,primary
65,2024,8,바로고,2013000,23,2,0,regular,delivery_transport,primary
65,2024,9,바로고,1558000,18,2,1,regular,delivery_transport,primary
65,2024,10,바로고,1702000,22,2,0,regular,delivery_transport,primary
65,2024,11,바로고,1622000,24,2,0,regular,delivery_transport,primary
65,2024,12,바로고,1538000,22,2,1,regular,delivery_transport,primary
65,2025,1,바로고,1739000,24,2,1,regular,delivery_transport,primary
65,2025,2,바로고,1419000,21,2,1,regular,delivery_transport,primary
65,2025,3,바로고,1352000,18,2,0,regular,delivery_transport,primary
65,2025,4,바로고,1514000,18,2,0,regular,delivery_transport,primary
65,2025,5,바로고,1726000,23,2,0,regular,delivery_transport,primary
65,2025,6,바로고,1273000,19,2,0,regular,delivery_transport,primary
65,2025,7,바로고,1623000,24,2,0,regular,delivery_transport,primary
65,2025,8,바로고,1601000,23,2,0,regular,delivery_transport,primary
65,2025,9,바로고,1716000,19,2,1,regular,delivery_transport,primary
65,2025,10,바로고,1565000,21,2,0,regular,delivery_transport,primary
65,2025,11,바로고,1764000,23,2,0,regular,delivery_transport,primary
65,2025,12,바로고,1581000,22,2,1,regular,delivery_transport,primary
65,2026,1,바로고,1417000,18,2,1,regular,delivery_transport,primary
65,2026,2,바로고,1440000,18,2,1,regular,delivery_transport,primary
65,2026,3,바로고,1328000,18,2,0,regular,delivery_transport,primary
65,2026,4,바로고,1573000,19,2,0,regular,delivery_transport,primary
65,2026,5,바로고,1415000,18,2,0,regular,delivery_transport,primary
66,2024,6,트위치,0,0,0,0,irregular,creative,primary
66,2024,7,트위치,774000,9,1,0,irregular,creative,primary
66,2024,8,트위치,1126000,10,2,0,irregular,creative,primary
66,2024,9,트위치,0,0,0,1,irregular,creative,primary
66,2024,10,트위치,2094000,21,2,0,irregular,creative,primary
66,2024,11,트위치,956000,9,2,0,irregular,creative,primary
66,2024,12,트위치,518000,5,1,1,irregular,creative,primary
66,2025,1,트위치,4865000,34,2,1,irregular,creative,primary
66,2025,2,트위치,608000,7,1,1,irregular,creative,primary
66,2025,3,트위치,1595000,18,2,0,irregular,creative,primary
66,2025,4,트위치,4567000,35,2,0,irregular,creative,primary
66,2025,5,트위치,922000,10,1,0,irregular,creative,primary
66,2025,6,트위치,0,0,0,0,irregular,creative,primary
66,2025,7,트위치,4829000,31,2,0,irregular,creative,primary
66,2025,8,트위치,0,0,0,0,irregular,creative,primary
66,2025,9,트위치,0,0,0,1,irregular,creative,primary
66,2025,10,트위치,385000,4,1,0,irregular,creative,primary
66,2025,11,트위치,1723000,18,2,0,irregular,creative,primary
66,2025,12,트위치,185000,2,1,1,irregular,creative,primary
66,2026,1,트위치,0,0,0,1,irregular,creative,primary
66,2026,2,트위치,0,0,0,1,irregular,creative,primary
66,2026,3,트위치,0,0,0,0,irregular,creative,primary
66,2026,4,트위치,0,0,0,0,irregular,creative,primary
66,2026,5,트위치,0,0,0,0,irregular,creative,primary
67,2024,6,숨고,2466000,16,2,0,irregular,professional,primary
67,2024,7,숨고,2337000,14,2,0,irregular,professional,primary
67,2024,8,숨고,3871000,20,2,0,irregular,professional,primary
67,2024,9,숨고,0,0,0,1,irregular,professional,primary
67,2024,10,숨고,3377000,18,2,0,irregular,professional,primary
67,2024,11,숨고,1539000,8,2,0,irregular,professional,primary
67,2024,12,숨고,3841000,23,2,1,irregular,professional,primary
67,2025,1,숨고,5979000,25,2,1,irregular,professional,primary
67,2025,2,숨고,2725000,17,2,1,irregular,professional,primary
67,2025,3,숨고,2232000,15,2,0,irregular,professional,primary
67,2025,4,숨고,2252000,11,2,0,irregular,professional,primary
67,2025,5,숨고,6815000,29,2,0,irregular,professional,primary
67,2025,6,숨고,1072000,7,1,0,irregular,professional,primary
67,2025,7,숨고,680000,4,1,0,irregular,professional,primary
67,2025,8,숨고,0,0,0,0,irregular,professional,primary
67,2025,9,숨고,4105000,23,2,1,irregular,professional,primary
67,2025,10,숨고,710000,4,1,0,irregular,professional,primary
67,2025,11,숨고,0,0,0,0,irregular,professional,primary
67,2025,12,숨고,1107000,7,1,1,irregular,professional,primary
67,2026,1,숨고,3070000,15,2,1,irregular,professional,primary
67,2026,2,숨고,0,0,0,1,irregular,professional,primary
67,2026,3,숨고,3471000,19,2,0,irregular,professional,primary
67,2026,4,숨고,3487000,23,2,0,irregular,professional,primary
67,2026,5,숨고,1985000,10,2,0,irregular,professional,primary
68,2024,6,카카오T대리,2749000,15,2,0,regular,delivery_transport,primary
68,2024,7,카카오T대리,3657000,23,2,0,regular,delivery_transport,primary
68,2024,8,카카오T대리,3726000,22,2,0,regular,delivery_transport,primary
68,2024,9,카카오T대리,4106000,24,2,1,regular,delivery_transport,primary
68,2024,10,카카오T대리,3425000,18,2,0,regular,delivery_transport,primary
68,2024,11,카카오T대리,3962000,24,2,0,regular,delivery_transport,primary
68,2024,12,카카오T대리,3691000,21,2,1,regular,delivery_transport,primary
68,2025,1,카카오T대리,3423000,22,2,1,regular,delivery_transport,primary
68,2025,2,카카오T대리,3105000,19,2,1,regular,delivery_transport,primary
68,2025,3,카카오T대리,4022000,24,2,0,regular,delivery_transport,primary
68,2025,4,카카오T대리,3511000,23,2,0,regular,delivery_transport,primary
68,2025,5,카카오T대리,3550000,23,2,0,regular,delivery_transport,primary
68,2025,6,카카오T대리,4352000,27,2,0,regular,delivery_transport,primary
68,2025,7,카카오T대리,4279000,27,2,0,regular,delivery_transport,primary
68,2025,8,카카오T대리,3860000,24,2,0,regular,delivery_transport,primary
68,2025,9,카카오T대리,3259000,21,2,1,regular,delivery_transport,primary
68,2025,10,카카오T대리,3747000,24,2,0,regular,delivery_transport,primary
68,2025,11,카카오T대리,4181000,21,2,0,regular,delivery_transport,primary
68,2025,12,카카오T대리,3908000,20,2,1,regular,delivery_transport,primary
68,2026,1,카카오T대리,3643000,21,2,1,regular,delivery_transport,primary
68,2026,2,카카오T대리,3883000,21,2,1,regular,delivery_transport,primary
68,2026,3,카카오T대리,4357000,25,2,0,regular,delivery_transport,primary
68,2026,4,카카오T대리,3502000,20,2,0,regular,delivery_transport,primary
68,2026,5,카카오T대리,4207000,27,2,0,regular,delivery_transport,primary
69,2024,6,배달의민족,1675000,24,1,0,regular,delivery_transport,primary
69,2024,7,배달의민족,1616000,21,1,0,regular,delivery_transport,primary
69,2024,8,배달의민족,2059000,30,1,0,regular,delivery_transport,primary
69,2024,9,배달의민족,1386000,20,1,1,regular,delivery_transport,primary
69,2024,10,배달의민족,1927000,22,1,0,regular,delivery_transport,primary
69,2024,11,배달의민족,2145000,25,1,0,regular,delivery_transport,primary
69,2024,12,배달의민족,2341000,28,1,1,regular,delivery_transport,primary
69,2025,1,배달의민족,1540000,22,1,1,regular,delivery_transport,primary
69,2025,2,배달의민족,1745000,21,1,1,regular,delivery_transport,primary
69,2025,3,배달의민족,1855000,22,1,0,regular,delivery_transport,primary
69,2025,4,배달의민족,2172000,28,1,0,regular,delivery_transport,primary
69,2025,5,배달의민족,1586000,19,1,0,regular,delivery_transport,primary
69,2025,6,배달의민족,1692000,24,1,0,regular,delivery_transport,primary
69,2025,7,배달의민족,2222000,34,1,0,regular,delivery_transport,primary
69,2025,8,배달의민족,2299000,34,1,0,regular,delivery_transport,primary
69,2025,9,배달의민족,1876000,23,1,1,regular,delivery_transport,primary
69,2025,10,배달의민족,1721000,20,1,0,regular,delivery_transport,primary
69,2025,11,배달의민족,2110000,30,1,0,regular,delivery_transport,primary
69,2025,12,배달의민족,2243000,28,1,1,regular,delivery_transport,primary
69,2026,1,배달의민족,1379000,16,1,1,regular,delivery_transport,primary
69,2026,2,배달의민족,1189000,17,1,1,regular,delivery_transport,primary
69,2026,3,배달의민족,1866000,26,1,0,regular,delivery_transport,primary
69,2026,4,배달의민족,1669000,22,1,0,regular,delivery_transport,primary
69,2026,5,배달의민족,2141000,26,1,0,regular,delivery_transport,primary
70,2024,6,크몽,597000,10,2,0,irregular,professional,occasional
70,2024,7,크몽,1414000,14,2,0,irregular,professional,occasional
70,2024,8,크몽,1331000,14,2,0,irregular,professional,occasional
70,2024,9,크몽,920000,13,2,1,irregular,professional,occasional
70,2024,10,크몽,324000,5,2,0,irregular,professional,occasional
70,2024,11,크몽,386000,7,2,0,irregular,professional,occasional
70,2024,12,크몽,703000,11,2,1,irregular,professional,occasional
70,2025,1,크몽,93000,2,1,1,irregular,professional,occasional
70,2025,2,크몽,0,0,0,1,irregular,professional,occasional
70,2025,3,크몽,126000,2,1,0,irregular,professional,occasional
70,2025,4,크몽,0,0,0,0,irregular,professional,occasional
70,2025,5,크몽,99000,2,1,0,irregular,professional,occasional
70,2025,6,크몽,0,0,0,0,irregular,professional,occasional
70,2025,7,크몽,0,0,0,0,irregular,professional,occasional
70,2025,8,크몽,0,0,0,0,irregular,professional,occasional
70,2025,9,크몽,697000,13,2,1,irregular,professional,occasional
70,2025,10,크몽,112000,2,1,0,irregular,professional,occasional
70,2025,11,크몽,1879000,12,2,0,irregular,professional,occasional
70,2025,12,크몽,503000,9,2,1,irregular,professional,occasional
70,2026,1,크몽,360000,5,2,1,irregular,professional,occasional
70,2026,2,크몽,180000,3,1,1,irregular,professional,occasional
70,2026,3,크몽,288000,5,2,0,irregular,professional,occasional
70,2026,4,크몽,0,0,0,0,irregular,professional,occasional
70,2026,5,크몽,534000,9,2,0,irregular,professional,occasional
71,2024,6,쿠팡홈서비스,592000,6,2,0,irregular,etc,secondary
71,2024,7,쿠팡홈서비스,562000,6,2,0,irregular,etc,secondary
71,2024,8,쿠팡홈서비스,697000,7,2,0,irregular,etc,secondary
71,2024,9,쿠팡홈서비스,791000,8,2,1,irregular,etc,secondary
71,2024,10,쿠팡홈서비스,1044000,13,2,0,irregular,etc,secondary
71,2024,11,쿠팡홈서비스,856000,10,2,0,irregular,etc,secondary
71,2024,12,쿠팡홈서비스,1307000,13,2,1,irregular,etc,secondary
71,2025,1,쿠팡홈서비스,605000,6,2,1,irregular,etc,secondary
71,2025,2,쿠팡홈서비스,638000,6,2,1,irregular,etc,secondary
71,2025,3,쿠팡홈서비스,344000,3,1,0,irregular,etc,secondary
71,2025,4,쿠팡홈서비스,484000,6,2,0,irregular,etc,secondary
71,2025,5,쿠팡홈서비스,427000,5,2,0,irregular,etc,secondary
71,2025,6,쿠팡홈서비스,316000,3,1,0,irregular,etc,secondary
71,2025,7,쿠팡홈서비스,473000,4,2,0,irregular,etc,secondary
71,2025,8,쿠팡홈서비스,567000,6,2,0,irregular,etc,secondary
71,2025,9,쿠팡홈서비스,361000,3,1,1,irregular,etc,secondary
71,2025,10,쿠팡홈서비스,193000,2,1,0,irregular,etc,secondary
71,2025,11,쿠팡홈서비스,0,0,0,0,irregular,etc,secondary
71,2025,12,쿠팡홈서비스,349000,3,1,1,irregular,etc,secondary
71,2026,1,쿠팡홈서비스,196000,2,1,1,irregular,etc,secondary
71,2026,2,쿠팡홈서비스,302000,4,1,1,irregular,etc,secondary
71,2026,3,쿠팡홈서비스,380000,5,1,0,irregular,etc,secondary
71,2026,4,쿠팡홈서비스,243000,3,1,0,irregular,etc,secondary
71,2026,5,쿠팡홈서비스,0,0,0,0,irregular,etc,secondary
72,2024,6,숨고,907000,16,2,0,regular,professional,secondary
72,2024,7,숨고,994000,14,2,0,regular,professional,secondary
72,2024,8,숨고,1214000,21,2,0,regular,professional,secondary
72,2024,9,숨고,1196000,21,2,1,regular,professional,secondary
72,2024,10,숨고,951000,16,2,0,regular,professional,secondary
72,2024,11,숨고,1296000,16,2,0,regular,professional,secondary
72,2024,12,숨고,954000,15,2,1,regular,professional,secondary
72,2025,1,숨고,985000,17,2,1,regular,professional,secondary
72,2025,2,숨고,825000,13,2,1,regular,professional,secondary
72,2025,3,숨고,1239000,21,2,0,regular,professional,secondary
72,2025,4,숨고,915000,13,2,0,regular,professional,secondary
72,2025,5,숨고,703000,10,2,0,regular,professional,secondary
72,2025,6,숨고,1242000,18,2,0,regular,professional,secondary
72,2025,7,숨고,1209000,21,2,0,regular,professional,secondary
72,2025,8,숨고,1069000,15,2,0,regular,professional,secondary
72,2025,9,숨고,782000,12,2,1,regular,professional,secondary
72,2025,10,숨고,989000,15,2,0,regular,professional,secondary
72,2025,11,숨고,755000,11,2,0,regular,professional,secondary
72,2025,12,숨고,1164000,20,2,1,regular,professional,secondary
72,2026,1,숨고,791000,11,2,1,regular,professional,secondary
72,2026,2,숨고,1110000,18,2,1,regular,professional,secondary
72,2026,3,숨고,832000,13,2,0,regular,professional,secondary
72,2026,4,숨고,866000,12,2,0,regular,professional,secondary
72,2026,5,숨고,1299000,18,2,0,regular,professional,secondary
73,2024,6,크몽,2403000,15,1,0,irregular,professional,secondary
73,2024,7,크몽,837000,8,1,0,irregular,professional,secondary
73,2024,8,크몽,338000,3,1,0,irregular,professional,secondary
73,2024,9,크몽,0,0,0,1,irregular,professional,secondary
73,2024,10,크몽,1869000,13,1,0,irregular,professional,secondary
73,2024,11,크몽,0,0,0,0,irregular,professional,secondary
73,2024,12,크몽,763000,8,1,1,irregular,professional,secondary
73,2025,1,크몽,1069000,11,1,1,irregular,professional,secondary
73,2025,2,크몽,197000,2,1,1,irregular,professional,secondary
73,2025,3,크몽,1318000,14,1,0,irregular,professional,secondary
73,2025,4,크몽,888000,10,1,0,irregular,professional,secondary
73,2025,5,크몽,343000,3,1,0,irregular,professional,secondary
73,2025,6,크몽,503000,5,1,0,irregular,professional,secondary
73,2025,7,크몽,4517000,16,1,0,irregular,professional,secondary
73,2025,8,크몽,3954000,16,1,0,irregular,professional,secondary
73,2025,9,크몽,1897000,13,1,1,irregular,professional,secondary
73,2025,10,크몽,5197000,15,1,0,irregular,professional,secondary
73,2025,11,크몽,2537000,14,1,0,irregular,professional,secondary
73,2025,12,크몽,5454000,15,1,1,irregular,professional,secondary
73,2026,1,크몽,1444000,13,1,1,irregular,professional,secondary
73,2026,2,크몽,1443000,12,1,1,irregular,professional,secondary
73,2026,3,크몽,3093000,12,1,0,irregular,professional,secondary
73,2026,4,크몽,966000,11,1,0,irregular,professional,secondary
73,2026,5,크몽,1818000,15,1,0,irregular,professional,secondary
74,2024,6,셀렉트스타,0,0,0,0,irregular,simple_computer,primary
74,2024,7,셀렉트스타,1057000,10,1,0,irregular,simple_computer,primary
74,2024,8,셀렉트스타,2012000,21,1,0,irregular,simple_computer,primary
74,2024,9,셀렉트스타,1089000,11,1,1,irregular,simple_computer,primary
74,2024,10,셀렉트스타,0,0,0,0,irregular,simple_computer,primary
74,2024,11,셀렉트스타,602000,6,1,0,irregular,simple_computer,primary
74,2024,12,셀렉트스타,1060000,11,1,1,irregular,simple_computer,primary
74,2025,1,셀렉트스타,0,0,0,1,irregular,simple_computer,primary
74,2025,2,셀렉트스타,1996000,18,1,1,irregular,simple_computer,primary
74,2025,3,셀렉트스타,1247000,13,1,0,irregular,simple_computer,primary
74,2025,4,셀렉트스타,0,0,0,0,irregular,simple_computer,primary
74,2025,5,셀렉트스타,1337000,12,1,0,irregular,simple_computer,primary
74,2025,6,셀렉트스타,1055000,11,1,0,irregular,simple_computer,primary
74,2025,7,셀렉트스타,387000,4,1,0,irregular,simple_computer,primary
74,2025,8,셀렉트스타,902000,9,1,0,irregular,simple_computer,primary
74,2025,9,셀렉트스타,624000,5,1,1,irregular,simple_computer,primary
74,2025,10,셀렉트스타,1911000,18,1,0,irregular,simple_computer,primary
74,2025,11,셀렉트스타,1203000,10,1,0,irregular,simple_computer,primary
74,2025,12,셀렉트스타,531000,6,1,1,irregular,simple_computer,primary
74,2026,1,셀렉트스타,372000,4,1,1,irregular,simple_computer,primary
74,2026,2,셀렉트스타,913000,8,1,1,irregular,simple_computer,primary
74,2026,3,셀렉트스타,3213000,26,1,0,irregular,simple_computer,primary
74,2026,4,셀렉트스타,472000,4,1,0,irregular,simple_computer,primary
74,2026,5,셀렉트스타,866000,8,1,0,irregular,simple_computer,primary
75,2024,6,요기요,1478000,24,1,0,seasonal,delivery_transport,primary
75,2024,7,요기요,1773000,33,1,0,seasonal,delivery_transport,primary
75,2024,8,요기요,1890000,34,1,0,seasonal,delivery_transport,primary
75,2024,9,요기요,1539000,22,1,1,seasonal,delivery_transport,primary
75,2024,10,요기요,1291000,18,1,0,seasonal,delivery_transport,primary
75,2024,11,요기요,1456000,27,1,0,seasonal,delivery_transport,primary
75,2024,12,요기요,1528000,23,1,1,seasonal,delivery_transport,primary
75,2025,1,요기요,1083000,20,1,1,seasonal,delivery_transport,primary
75,2025,2,요기요,1460000,24,1,1,seasonal,delivery_transport,primary
75,2025,3,요기요,1398000,24,1,0,seasonal,delivery_transport,primary
75,2025,4,요기요,1369000,19,1,0,seasonal,delivery_transport,primary
75,2025,5,요기요,1463000,23,1,0,seasonal,delivery_transport,primary
75,2025,6,요기요,1364000,26,1,0,seasonal,delivery_transport,primary
75,2025,7,요기요,2039000,28,1,0,seasonal,delivery_transport,primary
75,2025,8,요기요,1892000,27,1,0,seasonal,delivery_transport,primary
75,2025,9,요기요,1644000,23,1,1,seasonal,delivery_transport,primary
75,2025,10,요기요,1302000,19,1,0,seasonal,delivery_transport,primary
75,2025,11,요기요,1696000,28,1,0,seasonal,delivery_transport,primary
75,2025,12,요기요,1771000,27,1,1,seasonal,delivery_transport,primary
75,2026,1,요기요,1628000,27,1,1,seasonal,delivery_transport,primary
75,2026,2,요기요,1170000,22,1,1,seasonal,delivery_transport,primary
75,2026,3,요기요,1480000,27,1,0,seasonal,delivery_transport,primary
75,2026,4,요기요,1466000,26,1,0,seasonal,delivery_transport,primary
75,2026,5,요기요,1414000,21,1,0,seasonal,delivery_transport,primary
76,2024,6,쿠팡플렉스,2628000,33,1,0,seasonal,delivery_transport,primary
76,2024,7,쿠팡플렉스,2134000,20,1,0,seasonal,delivery_transport,primary
76,2024,8,쿠팡플렉스,2669000,24,1,0,seasonal,delivery_transport,primary
76,2024,9,쿠팡플렉스,1693000,17,1,1,seasonal,delivery_transport,primary
76,2024,10,쿠팡플렉스,2393000,26,1,0,seasonal,delivery_transport,primary
76,2024,11,쿠팡플렉스,1714000,17,1,0,seasonal,delivery_transport,primary
76,2024,12,쿠팡플렉스,2760000,29,1,1,seasonal,delivery_transport,primary
76,2025,1,쿠팡플렉스,2865000,27,1,1,seasonal,delivery_transport,primary
76,2025,2,쿠팡플렉스,2062000,23,1,1,seasonal,delivery_transport,primary
76,2025,3,쿠팡플렉스,2565000,23,1,0,seasonal,delivery_transport,primary
76,2025,4,쿠팡플렉스,2204000,26,1,0,seasonal,delivery_transport,primary
76,2025,5,쿠팡플렉스,2070000,24,1,0,seasonal,delivery_transport,primary
76,2025,6,쿠팡플렉스,2415000,24,1,0,seasonal,delivery_transport,primary
76,2025,7,쿠팡플렉스,1907000,23,1,0,seasonal,delivery_transport,primary
76,2025,8,쿠팡플렉스,2419000,27,1,0,seasonal,delivery_transport,primary
76,2025,9,쿠팡플렉스,2285000,24,1,1,seasonal,delivery_transport,primary
76,2025,10,쿠팡플렉스,2021000,21,1,0,seasonal,delivery_transport,primary
76,2025,11,쿠팡플렉스,2077000,21,1,0,seasonal,delivery_transport,primary
76,2025,12,쿠팡플렉스,2748000,27,1,1,seasonal,delivery_transport,primary
76,2026,1,쿠팡플렉스,2181000,23,1,1,seasonal,delivery_transport,primary
76,2026,2,쿠팡플렉스,2045000,23,1,1,seasonal,delivery_transport,primary
76,2026,3,쿠팡플렉스,2717000,26,1,0,seasonal,delivery_transport,primary
76,2026,4,쿠팡플렉스,2412000,27,1,0,seasonal,delivery_transport,primary
76,2026,5,쿠팡플렉스,2373000,24,1,0,seasonal,delivery_transport,primary
77,2024,6,클래스101,822000,13,1,0,irregular,creative,secondary
77,2024,7,클래스101,466000,7,1,0,irregular,creative,secondary
77,2024,8,클래스101,654000,9,1,0,irregular,creative,secondary
77,2024,9,클래스101,563000,10,1,1,irregular,creative,secondary
77,2024,10,클래스101,773000,13,1,0,irregular,creative,secondary
77,2024,11,클래스101,1374000,16,1,0,irregular,creative,secondary
77,2024,12,클래스101,1536000,15,1,1,irregular,creative,secondary
77,2025,1,클래스101,200000,3,1,1,irregular,creative,secondary
77,2025,2,클래스101,2658000,20,1,1,irregular,creative,secondary
77,2025,3,클래스101,1957000,16,1,0,irregular,creative,secondary
77,2025,4,클래스101,0,0,0,0,irregular,creative,secondary
77,2025,5,클래스101,1001000,14,1,0,irregular,creative,secondary
77,2025,6,클래스101,626000,9,1,0,irregular,creative,secondary
77,2025,7,클래스101,1847000,17,1,0,irregular,creative,secondary
77,2025,8,클래스101,547000,9,1,0,irregular,creative,secondary
77,2025,9,클래스101,629000,8,1,1,irregular,creative,secondary
77,2025,10,클래스101,450000,7,1,0,irregular,creative,secondary
77,2025,11,클래스101,672000,10,1,0,irregular,creative,secondary
77,2025,12,클래스101,0,0,0,1,irregular,creative,secondary
77,2026,1,클래스101,2066000,17,1,1,irregular,creative,secondary
77,2026,2,클래스101,990000,17,1,1,irregular,creative,secondary
77,2026,3,클래스101,0,0,0,0,irregular,creative,secondary
77,2026,4,클래스101,235000,4,1,0,irregular,creative,secondary
77,2026,5,클래스101,703000,12,1,0,irregular,creative,secondary
78,2024,6,크라우드웍스,589000,16,3,0,seasonal,simple_computer,secondary
78,2024,7,크라우드웍스,470000,12,3,0,seasonal,simple_computer,secondary
78,2024,8,크라우드웍스,528000,14,3,0,seasonal,simple_computer,secondary
78,2024,9,크라우드웍스,656000,17,3,1,seasonal,simple_computer,secondary
78,2024,10,크라우드웍스,652000,15,3,0,seasonal,simple_computer,secondary
78,2024,11,크라우드웍스,607000,18,3,0,seasonal,simple_computer,secondary
78,2024,12,크라우드웍스,689000,19,3,1,seasonal,simple_computer,secondary
78,2025,1,크라우드웍스,715000,22,3,1,seasonal,simple_computer,secondary
78,2025,2,크라우드웍스,580000,14,3,1,seasonal,simple_computer,secondary
78,2025,3,크라우드웍스,777000,23,3,0,seasonal,simple_computer,secondary
78,2025,4,크라우드웍스,674000,19,3,0,seasonal,simple_computer,secondary
78,2025,5,크라우드웍스,695000,19,3,0,seasonal,simple_computer,secondary
78,2025,6,크라우드웍스,553000,13,3,0,seasonal,simple_computer,secondary
78,2025,7,크라우드웍스,649000,19,3,0,seasonal,simple_computer,secondary
78,2025,8,크라우드웍스,547000,15,3,0,seasonal,simple_computer,secondary
78,2025,9,크라우드웍스,684000,19,3,1,seasonal,simple_computer,secondary
78,2025,10,크라우드웍스,702000,18,3,0,seasonal,simple_computer,secondary
78,2025,11,크라우드웍스,511000,15,3,0,seasonal,simple_computer,secondary
78,2025,12,크라우드웍스,737000,23,3,1,seasonal,simple_computer,secondary
78,2026,1,크라우드웍스,811000,25,3,1,seasonal,simple_computer,secondary
78,2026,2,크라우드웍스,612000,17,3,1,seasonal,simple_computer,secondary
78,2026,3,크라우드웍스,688000,20,3,0,seasonal,simple_computer,secondary
78,2026,4,크라우드웍스,678000,20,3,0,seasonal,simple_computer,secondary
78,2026,5,크라우드웍스,734000,20,3,0,seasonal,simple_computer,secondary
79,2024,6,로지올,1533000,21,3,0,regular,delivery_transport,primary
79,2024,7,로지올,1259000,19,3,0,regular,delivery_transport,primary
79,2024,8,로지올,1752000,23,3,0,regular,delivery_transport,primary
79,2024,9,로지올,1647000,28,3,1,regular,delivery_transport,primary
79,2024,10,로지올,2076000,31,3,0,regular,delivery_transport,primary
79,2024,11,로지올,1175000,18,3,0,regular,delivery_transport,primary
79,2024,12,로지올,1556000,22,3,1,regular,delivery_transport,primary
79,2025,1,로지올,1604000,27,3,1,regular,delivery_transport,primary
79,2025,2,로지올,1470000,22,3,1,regular,delivery_transport,primary
79,2025,3,로지올,1459000,21,3,0,regular,delivery_transport,primary
79,2025,4,로지올,1815000,32,3,0,regular,delivery_transport,primary
79,2025,5,로지올,1504000,19,3,0,regular,delivery_transport,primary
79,2025,6,로지올,1292000,19,3,0,regular,delivery_transport,primary
79,2025,7,로지올,1974000,32,3,0,regular,delivery_transport,primary
79,2025,8,로지올,1595000,28,3,0,regular,delivery_transport,primary
79,2025,9,로지올,1920000,32,3,1,regular,delivery_transport,primary
79,2025,10,로지올,1762000,28,3,0,regular,delivery_transport,primary
79,2025,11,로지올,1549000,25,3,0,regular,delivery_transport,primary
79,2025,12,로지올,2594000,34,3,1,regular,delivery_transport,primary
79,2026,1,로지올,1147000,15,3,1,regular,delivery_transport,primary
79,2026,2,로지올,1482000,19,3,1,regular,delivery_transport,primary
79,2026,3,로지올,1480000,21,3,0,regular,delivery_transport,primary
79,2026,4,로지올,1284000,21,3,0,regular,delivery_transport,primary
79,2026,5,로지올,1597000,26,3,0,regular,delivery_transport,primary
80,2024,6,유튜브,368000,4,2,0,irregular,creative,primary
80,2024,7,유튜브,695000,7,2,0,irregular,creative,primary
80,2024,8,유튜브,1034000,11,3,0,irregular,creative,primary
80,2024,9,유튜브,0,0,0,1,irregular,creative,primary
80,2024,10,유튜브,0,0,0,0,irregular,creative,primary
80,2024,11,유튜브,1340000,13,3,0,irregular,creative,primary
80,2024,12,유튜브,119000,1,2,1,irregular,creative,primary
80,2025,1,유튜브,329000,3,2,1,irregular,creative,primary
80,2025,2,유튜브,1853000,20,3,1,irregular,creative,primary
80,2025,3,유튜브,1861000,19,3,0,irregular,creative,primary
80,2025,4,유튜브,2860000,30,3,0,irregular,creative,primary
80,2025,5,유튜브,2692000,25,3,0,irregular,creative,primary
80,2025,6,유튜브,1155000,13,3,0,irregular,creative,primary
80,2025,7,유튜브,0,0,0,0,irregular,creative,primary
80,2025,8,유튜브,4147000,33,3,0,irregular,creative,primary
80,2025,9,유튜브,5296000,29,3,1,irregular,creative,primary
80,2025,10,유튜브,416000,4,2,0,irregular,creative,primary
80,2025,11,유튜브,2386000,21,3,0,irregular,creative,primary
80,2025,12,유튜브,0,0,0,1,irregular,creative,primary
80,2026,1,유튜브,0,0,0,1,irregular,creative,primary
80,2026,2,유튜브,1963000,21,3,1,irregular,creative,primary
80,2026,3,유튜브,1373000,13,3,0,irregular,creative,primary
80,2026,4,유튜브,0,0,0,0,irregular,creative,primary
80,2026,5,유튜브,4420000,34,3,0,irregular,creative,primary
81,2024,6,카카오T대리,990000,17,2,0,regular,delivery_transport,secondary
81,2024,7,카카오T대리,708000,15,2,0,regular,delivery_transport,secondary
81,2024,8,카카오T대리,829000,15,2,0,regular,delivery_transport,secondary
81,2024,9,카카오T대리,944000,16,2,1,regular,delivery_transport,secondary
81,2024,10,카카오T대리,845000,18,2,0,regular,delivery_transport,secondary
81,2024,11,카카오T대리,940000,18,2,0,regular,delivery_transport,secondary
81,2024,12,카카오T대리,1023000,18,2,1,regular,delivery_transport,secondary
81,2025,1,카카오T대리,880000,19,2,1,regular,delivery_transport,secondary
81,2025,2,카카오T대리,911000,19,2,1,regular,delivery_transport,secondary
81,2025,3,카카오T대리,787000,14,2,0,regular,delivery_transport,secondary
81,2025,4,카카오T대리,920000,16,2,0,regular,delivery_transport,secondary
81,2025,5,카카오T대리,914000,15,2,0,regular,delivery_transport,secondary
81,2025,6,카카오T대리,787000,15,2,0,regular,delivery_transport,secondary
81,2025,7,카카오T대리,754000,16,2,0,regular,delivery_transport,secondary
81,2025,8,카카오T대리,894000,18,2,0,regular,delivery_transport,secondary
81,2025,9,카카오T대리,747000,16,2,1,regular,delivery_transport,secondary
81,2025,10,카카오T대리,842000,16,2,0,regular,delivery_transport,secondary
81,2025,11,카카오T대리,836000,17,2,0,regular,delivery_transport,secondary
81,2025,12,카카오T대리,833000,17,2,1,regular,delivery_transport,secondary
81,2026,1,카카오T대리,871000,16,2,1,regular,delivery_transport,secondary
81,2026,2,카카오T대리,917000,18,2,1,regular,delivery_transport,secondary
81,2026,3,카카오T대리,869000,15,2,0,regular,delivery_transport,secondary
81,2026,4,카카오T대리,899000,19,2,0,regular,delivery_transport,secondary
81,2026,5,카카오T대리,1026000,20,2,0,regular,delivery_transport,secondary
82,2024,6,쿠팡플렉스,1770000,17,1,0,regular,delivery_transport,primary
82,2024,7,쿠팡플렉스,2844000,24,1,0,regular,delivery_transport,primary
82,2024,8,쿠팡플렉스,2450000,28,1,0,regular,delivery_transport,primary
82,2024,9,쿠팡플렉스,1837000,18,1,1,regular,delivery_transport,primary
82,2024,10,쿠팡플렉스,1681000,21,1,0,regular,delivery_transport,primary
82,2024,11,쿠팡플렉스,1981000,23,1,0,regular,delivery_transport,primary
82,2024,12,쿠팡플렉스,2635000,23,1,1,regular,delivery_transport,primary
82,2025,1,쿠팡플렉스,1674000,17,1,1,regular,delivery_transport,primary
82,2025,2,쿠팡플렉스,1766000,19,1,1,regular,delivery_transport,primary
82,2025,3,쿠팡플렉스,2057000,24,1,0,regular,delivery_transport,primary
82,2025,4,쿠팡플렉스,2134000,19,1,0,regular,delivery_transport,primary
82,2025,5,쿠팡플렉스,2022000,23,1,0,regular,delivery_transport,primary
82,2025,6,쿠팡플렉스,1561000,18,1,0,regular,delivery_transport,primary
82,2025,7,쿠팡플렉스,1845000,18,1,0,regular,delivery_transport,primary
82,2025,8,쿠팡플렉스,2450000,28,1,0,regular,delivery_transport,primary
82,2025,9,쿠팡플렉스,1895000,21,1,1,regular,delivery_transport,primary
82,2025,10,쿠팡플렉스,2149000,22,1,0,regular,delivery_transport,primary
82,2025,11,쿠팡플렉스,1707000,21,1,0,regular,delivery_transport,primary
82,2025,12,쿠팡플렉스,1855000,20,1,1,regular,delivery_transport,primary
82,2026,1,쿠팡플렉스,1794000,22,1,1,regular,delivery_transport,primary
82,2026,2,쿠팡플렉스,1410000,17,1,1,regular,delivery_transport,primary
82,2026,3,쿠팡플렉스,2114000,22,1,0,regular,delivery_transport,primary
82,2026,4,쿠팡플렉스,2086000,20,1,0,regular,delivery_transport,primary
82,2026,5,쿠팡플렉스,2115000,23,1,0,regular,delivery_transport,primary
83,2024,6,숨고,619000,8,1,0,irregular,professional,occasional
83,2024,7,숨고,422000,8,1,0,irregular,professional,occasional
83,2024,8,숨고,170000,3,1,0,irregular,professional,occasional
83,2024,9,숨고,0,0,0,1,irregular,professional,occasional
83,2024,10,숨고,236000,4,1,0,irregular,professional,occasional
83,2024,11,숨고,1300000,8,1,0,irregular,professional,occasional
83,2024,12,숨고,0,0,0,1,irregular,professional,occasional
83,2025,1,숨고,517000,10,1,1,irregular,professional,occasional
83,2025,2,숨고,398000,6,1,1,irregular,professional,occasional
83,2025,3,숨고,144000,3,1,0,irregular,professional,occasional
83,2025,4,숨고,208000,3,1,0,irregular,professional,occasional
83,2025,5,숨고,191000,4,1,0,irregular,professional,occasional
83,2025,6,숨고,125000,2,1,0,irregular,professional,occasional
83,2025,7,숨고,201000,4,1,0,irregular,professional,occasional
83,2025,8,숨고,628000,9,1,0,irregular,professional,occasional
83,2025,9,숨고,139000,2,1,1,irregular,professional,occasional
83,2025,10,숨고,0,0,0,0,irregular,professional,occasional
83,2025,11,숨고,527000,9,1,0,irregular,professional,occasional
83,2025,12,숨고,274000,6,1,1,irregular,professional,occasional
83,2026,1,숨고,213000,4,1,1,irregular,professional,occasional
83,2026,2,숨고,229000,4,1,1,irregular,professional,occasional
83,2026,3,숨고,683000,8,1,0,irregular,professional,occasional
83,2026,4,숨고,1270000,8,1,0,irregular,professional,occasional
83,2026,5,숨고,0,0,0,0,irregular,professional,occasional
84,2024,6,바로고,447000,10,1,0,seasonal,delivery_transport,occasional
84,2024,7,바로고,516000,10,1,0,seasonal,delivery_transport,occasional
84,2024,8,바로고,534000,11,1,0,seasonal,delivery_transport,occasional
84,2024,9,바로고,571000,12,1,1,seasonal,delivery_transport,occasional
84,2024,10,바로고,328000,7,1,0,seasonal,delivery_transport,occasional
84,2024,11,바로고,399000,8,1,0,seasonal,delivery_transport,occasional
84,2024,12,바로고,810000,14,1,1,seasonal,delivery_transport,occasional
84,2025,1,바로고,338000,6,1,1,seasonal,delivery_transport,occasional
84,2025,2,바로고,285000,6,1,1,seasonal,delivery_transport,occasional
84,2025,3,바로고,422000,9,1,0,seasonal,delivery_transport,occasional
84,2025,4,바로고,437000,8,1,0,seasonal,delivery_transport,occasional
84,2025,5,바로고,435000,9,1,0,seasonal,delivery_transport,occasional
84,2025,6,바로고,474000,10,1,0,seasonal,delivery_transport,occasional
84,2025,7,바로고,755000,11,1,0,seasonal,delivery_transport,occasional
84,2025,8,바로고,421000,7,1,0,seasonal,delivery_transport,occasional
84,2025,9,바로고,603000,11,1,1,seasonal,delivery_transport,occasional
84,2025,10,바로고,438000,8,1,0,seasonal,delivery_transport,occasional
84,2025,11,바로고,563000,12,1,0,seasonal,delivery_transport,occasional
84,2025,12,바로고,585000,10,1,1,seasonal,delivery_transport,occasional
84,2026,1,바로고,362000,7,1,1,seasonal,delivery_transport,occasional
84,2026,2,바로고,315000,7,1,1,seasonal,delivery_transport,occasional
84,2026,3,바로고,584000,11,1,0,seasonal,delivery_transport,occasional
84,2026,4,바로고,430000,8,1,0,seasonal,delivery_transport,occasional
84,2026,5,바로고,640000,12,1,0,seasonal,delivery_transport,occasional
85,2024,6,카카오모빌리티,2876000,21,1,0,seasonal,delivery_transport,primary
85,2024,7,카카오모빌리티,3010000,21,1,0,seasonal,delivery_transport,primary
85,2024,8,카카오모빌리티,2443000,20,1,0,seasonal,delivery_transport,primary
85,2024,9,카카오모빌리티,2459000,19,1,1,seasonal,delivery_transport,primary
85,2024,10,카카오모빌리티,3290000,28,1,0,seasonal,delivery_transport,primary
85,2024,11,카카오모빌리티,3486000,30,1,0,seasonal,delivery_transport,primary
85,2024,12,카카오모빌리티,3686000,33,1,1,seasonal,delivery_transport,primary
85,2025,1,카카오모빌리티,1904000,15,1,1,seasonal,delivery_transport,primary
85,2025,2,카카오모빌리티,2168000,15,1,1,seasonal,delivery_transport,primary
85,2025,3,카카오모빌리티,2940000,25,1,0,seasonal,delivery_transport,primary
85,2025,4,카카오모빌리티,3322000,31,1,0,seasonal,delivery_transport,primary
85,2025,5,카카오모빌리티,3663000,32,1,0,seasonal,delivery_transport,primary
85,2025,6,카카오모빌리티,2779000,24,1,0,seasonal,delivery_transport,primary
85,2025,7,카카오모빌리티,2563000,21,1,0,seasonal,delivery_transport,primary
85,2025,8,카카오모빌리티,3155000,22,1,0,seasonal,delivery_transport,primary
85,2025,9,카카오모빌리티,2555000,22,1,1,seasonal,delivery_transport,primary
85,2025,10,카카오모빌리티,3122000,25,1,0,seasonal,delivery_transport,primary
85,2025,11,카카오모빌리티,4197000,30,1,0,seasonal,delivery_transport,primary
85,2025,12,카카오모빌리티,3527000,31,1,1,seasonal,delivery_transport,primary
85,2026,1,카카오모빌리티,2746000,25,1,1,seasonal,delivery_transport,primary
85,2026,2,카카오모빌리티,2069000,18,1,1,seasonal,delivery_transport,primary
85,2026,3,카카오모빌리티,2807000,20,1,0,seasonal,delivery_transport,primary
85,2026,4,카카오모빌리티,3271000,28,1,0,seasonal,delivery_transport,primary
85,2026,5,카카오모빌리티,2822000,22,1,0,seasonal,delivery_transport,primary
86,2024,6,카카오모빌리티,1098000,12,1,0,regular,delivery_transport,secondary
86,2024,7,카카오모빌리티,966000,11,1,0,regular,delivery_transport,secondary
86,2024,8,카카오모빌리티,860000,11,1,0,regular,delivery_transport,secondary
86,2024,9,카카오모빌리티,997000,12,1,1,regular,delivery_transport,secondary
86,2024,10,카카오모빌리티,1166000,11,1,0,regular,delivery_transport,secondary
86,2024,11,카카오모빌리티,1149000,11,1,0,regular,delivery_transport,secondary
86,2024,12,카카오모빌리티,1507000,15,1,1,regular,delivery_transport,secondary
86,2025,1,카카오모빌리티,877000,9,1,1,regular,delivery_transport,secondary
86,2025,2,카카오모빌리티,869000,10,1,1,regular,delivery_transport,secondary
86,2025,3,카카오모빌리티,886000,11,1,0,regular,delivery_transport,secondary
86,2025,4,카카오모빌리티,1335000,15,1,0,regular,delivery_transport,secondary
86,2025,5,카카오모빌리티,1503000,13,1,0,regular,delivery_transport,secondary
86,2025,6,카카오모빌리티,1190000,12,1,0,regular,delivery_transport,secondary
86,2025,7,카카오모빌리티,1094000,12,1,0,regular,delivery_transport,secondary
86,2025,8,카카오모빌리티,1320000,16,1,0,regular,delivery_transport,secondary
86,2025,9,카카오모빌리티,1131000,14,1,1,regular,delivery_transport,secondary
86,2025,10,카카오모빌리티,1120000,14,1,0,regular,delivery_transport,secondary
86,2025,11,카카오모빌리티,1595000,14,1,0,regular,delivery_transport,secondary
86,2025,12,카카오모빌리티,1352000,13,1,1,regular,delivery_transport,secondary
86,2026,1,카카오모빌리티,886000,11,1,1,regular,delivery_transport,secondary
86,2026,2,카카오모빌리티,983000,11,1,1,regular,delivery_transport,secondary
86,2026,3,카카오모빌리티,1019000,10,1,0,regular,delivery_transport,secondary
86,2026,4,카카오모빌리티,988000,12,1,0,regular,delivery_transport,secondary
86,2026,5,카카오모빌리티,1070000,13,1,0,regular,delivery_transport,secondary
87,2024,6,쿠팡이츠,1558000,23,1,0,seasonal,delivery_transport,primary
87,2024,7,쿠팡이츠,1739000,29,1,0,seasonal,delivery_transport,primary
87,2024,8,쿠팡이츠,1571000,20,1,0,seasonal,delivery_transport,primary
87,2024,9,쿠팡이츠,1711000,22,1,1,seasonal,delivery_transport,primary
87,2024,10,쿠팡이츠,1728000,26,1,0,seasonal,delivery_transport,primary
87,2024,11,쿠팡이츠,1692000,26,1,0,seasonal,delivery_transport,primary
87,2024,12,쿠팡이츠,1902000,29,1,1,seasonal,delivery_transport,primary
87,2025,1,쿠팡이츠,1456000,20,1,1,seasonal,delivery_transport,primary
87,2025,2,쿠팡이츠,1445000,18,1,1,seasonal,delivery_transport,primary
87,2025,3,쿠팡이츠,1490000,25,1,0,seasonal,delivery_transport,primary
87,2025,4,쿠팡이츠,1521000,26,1,0,seasonal,delivery_transport,primary
87,2025,5,쿠팡이츠,1587000,27,1,0,seasonal,delivery_transport,primary
87,2025,6,쿠팡이츠,1684000,24,1,0,seasonal,delivery_transport,primary
87,2025,7,쿠팡이츠,1608000,23,1,0,seasonal,delivery_transport,primary
87,2025,8,쿠팡이츠,1656000,21,1,0,seasonal,delivery_transport,primary
87,2025,9,쿠팡이츠,1443000,19,1,1,seasonal,delivery_transport,primary
87,2025,10,쿠팡이츠,1517000,20,1,0,seasonal,delivery_transport,primary
87,2025,11,쿠팡이츠,1534000,26,1,0,seasonal,delivery_transport,primary
87,2025,12,쿠팡이츠,1777000,29,1,1,seasonal,delivery_transport,primary
87,2026,1,쿠팡이츠,1597000,22,1,1,seasonal,delivery_transport,primary
87,2026,2,쿠팡이츠,1278000,17,1,1,seasonal,delivery_transport,primary
87,2026,3,쿠팡이츠,1716000,22,1,0,seasonal,delivery_transport,primary
87,2026,4,쿠팡이츠,1364000,21,1,0,seasonal,delivery_transport,primary
87,2026,5,쿠팡이츠,1349000,21,1,0,seasonal,delivery_transport,primary
88,2024,6,쿠팡홈서비스,361000,5,1,0,regular,etc,occasional
88,2024,7,쿠팡홈서비스,461000,7,1,0,regular,etc,occasional
88,2024,8,쿠팡홈서비스,520000,7,1,0,regular,etc,occasional
88,2024,9,쿠팡홈서비스,407000,8,1,1,regular,etc,occasional
88,2024,10,쿠팡홈서비스,407000,7,1,0,regular,etc,occasional
88,2024,11,쿠팡홈서비스,458000,7,1,0,regular,etc,occasional
88,2024,12,쿠팡홈서비스,444000,6,1,1,regular,etc,occasional
88,2025,1,쿠팡홈서비스,326000,6,1,1,regular,etc,occasional
88,2025,2,쿠팡홈서비스,368000,6,1,1,regular,etc,occasional
88,2025,3,쿠팡홈서비스,357000,7,1,0,regular,etc,occasional
88,2025,4,쿠팡홈서비스,484000,6,1,0,regular,etc,occasional
88,2025,5,쿠팡홈서비스,331000,6,1,0,regular,etc,occasional
88,2025,6,쿠팡홈서비스,351000,5,1,0,regular,etc,occasional
88,2025,7,쿠팡홈서비스,431000,6,1,0,regular,etc,occasional
88,2025,8,쿠팡홈서비스,350000,6,1,0,regular,etc,occasional
88,2025,9,쿠팡홈서비스,459000,7,1,1,regular,etc,occasional
88,2025,10,쿠팡홈서비스,461000,7,1,0,regular,etc,occasional
88,2025,11,쿠팡홈서비스,366000,6,1,0,regular,etc,occasional
88,2025,12,쿠팡홈서비스,358000,6,1,1,regular,etc,occasional
88,2026,1,쿠팡홈서비스,342000,6,1,1,regular,etc,occasional
88,2026,2,쿠팡홈서비스,487000,7,1,1,regular,etc,occasional
88,2026,3,쿠팡홈서비스,409000,6,1,0,regular,etc,occasional
88,2026,4,쿠팡홈서비스,496000,6,1,0,regular,etc,occasional
88,2026,5,쿠팡홈서비스,383000,6,1,0,regular,etc,occasional
89,2024,6,크몽,171000,1,1,0,irregular,professional,occasional
89,2024,7,크몽,852000,6,2,0,irregular,professional,occasional
89,2024,8,크몽,1329000,5,2,0,irregular,professional,occasional
89,2024,9,크몽,1971000,5,2,1,irregular,professional,occasional
89,2024,10,크몽,178000,1,1,0,irregular,professional,occasional
89,2024,11,크몽,929000,5,2,0,irregular,professional,occasional
89,2024,12,크몽,0,0,0,1,irregular,professional,occasional
89,2025,1,크몽,2131000,4,2,1,irregular,professional,occasional
89,2025,2,크몽,353000,3,2,1,irregular,professional,occasional
89,2025,3,크몽,41000,0,1,0,irregular,professional,occasional
89,2025,4,크몽,0,0,0,0,irregular,professional,occasional
89,2025,5,크몽,659000,5,2,0,irregular,professional,occasional
89,2025,6,크몽,912000,6,2,0,irregular,professional,occasional
89,2025,7,크몽,510000,4,2,0,irregular,professional,occasional
89,2025,8,크몽,265000,2,2,0,irregular,professional,occasional
89,2025,9,크몽,498000,4,2,1,irregular,professional,occasional
89,2025,10,크몽,0,0,0,0,irregular,professional,occasional
89,2025,11,크몽,993000,6,2,0,irregular,professional,occasional
89,2025,12,크몽,417000,3,2,1,irregular,professional,occasional
89,2026,1,크몽,0,0,0,1,irregular,professional,occasional
89,2026,2,크몽,0,0,0,1,irregular,professional,occasional
89,2026,3,크몽,76000,1,1,0,irregular,professional,occasional
89,2026,4,크몽,443000,4,2,0,irregular,professional,occasional
89,2026,5,크몽,489000,4,2,0,irregular,professional,occasional
90,2024,6,배달의민족,574000,8,1,0,regular,delivery_transport,secondary
90,2024,7,배달의민족,745000,11,1,0,regular,delivery_transport,secondary
90,2024,8,배달의민족,623000,8,1,0,regular,delivery_transport,secondary
90,2024,9,배달의민족,740000,11,1,1,regular,delivery_transport,secondary
90,2024,10,배달의민족,772000,10,1,0,regular,delivery_transport,secondary
90,2024,11,배달의민족,761000,9,1,0,regular,delivery_transport,secondary
90,2024,12,배달의민족,793000,9,1,1,regular,delivery_transport,secondary
90,2025,1,배달의민족,762000,11,1,1,regular,delivery_transport,secondary
90,2025,2,배달의민족,754000,8,1,1,regular,delivery_transport,secondary
90,2025,3,배달의민족,843000,10,1,0,regular,delivery_transport,secondary
90,2025,4,배달의민족,616000,9,1,0,regular,delivery_transport,secondary
90,2025,5,배달의민족,667000,9,1,0,regular,delivery_transport,secondary
90,2025,6,배달의민족,634000,8,1,0,regular,delivery_transport,secondary
90,2025,7,배달의민족,808000,12,1,0,regular,delivery_transport,secondary
90,2025,8,배달의민족,767000,9,1,0,regular,delivery_transport,secondary
90,2025,9,배달의민족,590000,8,1,1,regular,delivery_transport,secondary
90,2025,10,배달의민족,707000,9,1,0,regular,delivery_transport,secondary
90,2025,11,배달의민족,657000,9,1,0,regular,delivery_transport,secondary
90,2025,12,배달의민족,658000,9,1,1,regular,delivery_transport,secondary
90,2026,1,배달의민족,690000,10,1,1,regular,delivery_transport,secondary
90,2026,2,배달의민족,650000,8,1,1,regular,delivery_transport,secondary
90,2026,3,배달의민족,733000,10,1,0,regular,delivery_transport,secondary
90,2026,4,배달의민족,762000,10,1,0,regular,delivery_transport,secondary
90,2026,5,배달의민족,756000,11,1,0,regular,delivery_transport,secondary
91,2024,6,배달의민족,1069000,16,1,0,irregular,delivery_transport,secondary
91,2024,7,배달의민족,0,0,0,0,irregular,delivery_transport,secondary
91,2024,8,배달의민족,910000,15,1,0,irregular,delivery_transport,secondary
91,2024,9,배달의민족,804000,12,1,1,irregular,delivery_transport,secondary
91,2024,10,배달의민족,629000,10,1,0,irregular,delivery_transport,secondary
91,2024,11,배달의민족,1540000,21,1,0,irregular,delivery_transport,secondary
91,2024,12,배달의민족,1362000,19,1,1,irregular,delivery_transport,secondary
91,2025,1,배달의민족,1042000,16,1,1,irregular,delivery_transport,secondary
91,2025,2,배달의민족,0,0,0,1,irregular,delivery_transport,secondary
91,2025,3,배달의민족,1160000,15,1,0,irregular,delivery_transport,secondary
91,2025,4,배달의민족,1318000,17,1,0,irregular,delivery_transport,secondary
91,2025,5,배달의민족,0,0,0,0,irregular,delivery_transport,secondary
91,2025,6,배달의민족,860000,12,1,0,irregular,delivery_transport,secondary
91,2025,7,배달의민족,683000,9,1,0,irregular,delivery_transport,secondary
91,2025,8,배달의민족,1556000,23,1,0,irregular,delivery_transport,secondary
91,2025,9,배달의민족,1485000,20,1,1,irregular,delivery_transport,secondary
91,2025,10,배달의민족,1465000,19,1,0,irregular,delivery_transport,secondary
91,2025,11,배달의민족,0,0,0,0,irregular,delivery_transport,secondary
91,2025,12,배달의민족,1078000,14,1,1,irregular,delivery_transport,secondary
91,2026,1,배달의민족,957000,14,1,1,irregular,delivery_transport,secondary
91,2026,2,배달의민족,3417000,21,1,1,irregular,delivery_transport,secondary
91,2026,3,배달의민족,1865000,22,1,0,irregular,delivery_transport,secondary
91,2026,4,배달의민족,819000,11,1,0,irregular,delivery_transport,secondary
91,2026,5,배달의민족,1584000,23,1,0,irregular,delivery_transport,secondary
92,2024,6,트위치,665000,6,2,0,irregular,creative,occasional
92,2024,7,트위치,958000,8,2,0,irregular,creative,occasional
92,2024,8,트위치,2126000,9,2,0,irregular,creative,occasional
92,2024,9,트위치,663000,6,2,1,irregular,creative,occasional
92,2024,10,트위치,1321000,9,2,0,irregular,creative,occasional
92,2024,11,트위치,2081000,9,2,0,irregular,creative,occasional
92,2024,12,트위치,1953000,8,2,1,irregular,creative,occasional
92,2025,1,트위치,869000,7,2,1,irregular,creative,occasional
92,2025,2,트위치,639000,5,2,1,irregular,creative,occasional
92,2025,3,트위치,0,0,0,0,irregular,creative,occasional
92,2025,4,트위치,919000,7,2,0,irregular,creative,occasional
92,2025,5,트위치,1102000,7,2,0,irregular,creative,occasional
92,2025,6,트위치,747000,6,2,0,irregular,creative,occasional
92,2025,7,트위치,2089000,8,2,0,irregular,creative,occasional
92,2025,8,트위치,1101000,9,2,0,irregular,creative,occasional
92,2025,9,트위치,283000,3,1,1,irregular,creative,occasional
92,2025,10,트위치,596000,5,2,0,irregular,creative,occasional
92,2025,11,트위치,268000,2,1,0,irregular,creative,occasional
92,2025,12,트위치,2067000,8,2,1,irregular,creative,occasional
92,2026,1,트위치,284000,2,1,1,irregular,creative,occasional
92,2026,2,트위치,516000,4,2,1,irregular,creative,occasional
92,2026,3,트위치,0,0,0,0,irregular,creative,occasional
92,2026,4,트위치,0,0,0,0,irregular,creative,occasional
92,2026,5,트위치,0,0,0,0,irregular,creative,occasional
93,2024,6,생각대로,1243000,14,1,0,regular,delivery_transport,secondary
93,2024,7,생각대로,1038000,13,1,0,regular,delivery_transport,secondary
93,2024,8,생각대로,1344000,18,1,0,regular,delivery_transport,secondary
93,2024,9,생각대로,1073000,15,1,1,regular,delivery_transport,secondary
93,2024,10,생각대로,1055000,15,1,0,regular,delivery_transport,secondary
93,2024,11,생각대로,1093000,12,1,0,regular,delivery_transport,secondary
93,2024,12,생각대로,1281000,15,1,1,regular,delivery_transport,secondary
93,2025,1,생각대로,1263000,15,1,1,regular,delivery_transport,secondary
93,2025,2,생각대로,1489000,20,1,1,regular,delivery_transport,secondary
93,2025,3,생각대로,1272000,14,1,0,regular,delivery_transport,secondary
93,2025,4,생각대로,1210000,13,1,0,regular,delivery_transport,secondary
93,2025,5,생각대로,1353000,16,1,0,regular,delivery_transport,secondary
93,2025,6,생각대로,1262000,18,1,0,regular,delivery_transport,secondary
93,2025,7,생각대로,1190000,14,1,0,regular,delivery_transport,secondary
93,2025,8,생각대로,1267000,15,1,0,regular,delivery_transport,secondary
93,2025,9,생각대로,1287000,17,1,1,regular,delivery_transport,secondary
93,2025,10,생각대로,1485000,20,1,0,regular,delivery_transport,secondary
93,2025,11,생각대로,1287000,14,1,0,regular,delivery_transport,secondary
93,2025,12,생각대로,1250000,14,1,1,regular,delivery_transport,secondary
93,2026,1,생각대로,1335000,17,1,1,regular,delivery_transport,secondary
93,2026,2,생각대로,1159000,14,1,1,regular,delivery_transport,secondary
93,2026,3,생각대로,1137000,14,1,0,regular,delivery_transport,secondary
93,2026,4,생각대로,1141000,16,1,0,regular,delivery_transport,secondary
93,2026,5,생각대로,1459000,18,1,0,regular,delivery_transport,secondary
94,2024,6,카카오모빌리티,1774000,16,1,0,irregular,delivery_transport,primary
94,2024,7,카카오모빌리티,1176000,10,1,0,irregular,delivery_transport,primary
94,2024,8,카카오모빌리티,1299000,12,1,0,irregular,delivery_transport,primary
94,2024,9,카카오모빌리티,2491000,18,1,1,irregular,delivery_transport,primary
94,2024,10,카카오모빌리티,1210000,12,1,0,irregular,delivery_transport,primary
94,2024,11,카카오모빌리티,1763000,17,1,0,irregular,delivery_transport,primary
94,2024,12,카카오모빌리티,0,0,0,1,irregular,delivery_transport,primary
94,2025,1,카카오모빌리티,3091000,28,1,1,irregular,delivery_transport,primary
94,2025,2,카카오모빌리티,2515000,23,1,1,irregular,delivery_transport,primary
94,2025,3,카카오모빌리티,2476000,25,1,0,irregular,delivery_transport,primary
94,2025,4,카카오모빌리티,4784000,23,1,0,irregular,delivery_transport,primary
94,2025,5,카카오모빌리티,1419000,12,1,0,irregular,delivery_transport,primary
94,2025,6,카카오모빌리티,1242000,11,1,0,irregular,delivery_transport,primary
94,2025,7,카카오모빌리티,1045000,10,1,0,irregular,delivery_transport,primary
94,2025,8,카카오모빌리티,0,0,0,0,irregular,delivery_transport,primary
94,2025,9,카카오모빌리티,0,0,0,1,irregular,delivery_transport,primary
94,2025,10,카카오모빌리티,1150000,11,1,0,irregular,delivery_transport,primary
94,2025,11,카카오모빌리티,2340000,22,1,0,irregular,delivery_transport,primary
94,2025,12,카카오모빌리티,2058000,20,1,1,irregular,delivery_transport,primary
94,2026,1,카카오모빌리티,1956000,19,1,1,irregular,delivery_transport,primary
94,2026,2,카카오모빌리티,977000,8,1,1,irregular,delivery_transport,primary
94,2026,3,카카오모빌리티,1588000,14,1,0,irregular,delivery_transport,primary
94,2026,4,카카오모빌리티,1270000,11,1,0,irregular,delivery_transport,primary
94,2026,5,카카오모빌리티,0,0,0,0,irregular,delivery_transport,primary
95,2024,6,로지올,2385000,20,1,0,regular,delivery_transport,primary
95,2024,7,로지올,2976000,25,1,0,regular,delivery_transport,primary
95,2024,8,로지올,2765000,19,1,0,regular,delivery_transport,primary
95,2024,9,로지올,2291000,15,1,1,regular,delivery_transport,primary
95,2024,10,로지올,2481000,15,1,0,regular,delivery_transport,primary
95,2024,11,로지올,2724000,17,1,0,regular,delivery_transport,primary
95,2024,12,로지올,3079000,20,1,1,regular,delivery_transport,primary
95,2025,1,로지올,2713000,18,1,1,regular,delivery_transport,primary
95,2025,2,로지올,2631000,17,1,1,regular,delivery_transport,primary
95,2025,3,로지올,2086000,17,1,0,regular,delivery_transport,primary
95,2025,4,로지올,2664000,21,1,0,regular,delivery_transport,primary
95,2025,5,로지올,2744000,19,1,0,regular,delivery_transport,primary
95,2025,6,로지올,3601000,24,1,0,regular,delivery_transport,primary
95,2025,7,로지올,2664000,18,1,0,regular,delivery_transport,primary
95,2025,8,로지올,2694000,17,1,0,regular,delivery_transport,primary
95,2025,9,로지올,2502000,20,1,1,regular,delivery_transport,primary
95,2025,10,로지올,2542000,16,1,0,regular,delivery_transport,primary
95,2025,11,로지올,2366000,18,1,0,regular,delivery_transport,primary
95,2025,12,로지올,2615000,17,1,1,regular,delivery_transport,primary
95,2026,1,로지올,2501000,19,1,1,regular,delivery_transport,primary
95,2026,2,로지올,2981000,25,1,1,regular,delivery_transport,primary
95,2026,3,로지올,2993000,19,1,0,regular,delivery_transport,primary
95,2026,4,로지올,2805000,20,1,0,regular,delivery_transport,primary
95,2026,5,로지올,2428000,16,1,0,regular,delivery_transport,primary
96,2024,6,쿠팡플렉스,1924000,20,1,0,seasonal,delivery_transport,primary
96,2024,7,쿠팡플렉스,2158000,21,1,0,seasonal,delivery_transport,primary
96,2024,8,쿠팡플렉스,2322000,25,1,0,seasonal,delivery_transport,primary
96,2024,9,쿠팡플렉스,2030000,18,1,1,seasonal,delivery_transport,primary
96,2024,10,쿠팡플렉스,2211000,21,1,0,seasonal,delivery_transport,primary
96,2024,11,쿠팡플렉스,2458000,27,1,0,seasonal,delivery_transport,primary
96,2024,12,쿠팡플렉스,2816000,28,1,1,seasonal,delivery_transport,primary
96,2025,1,쿠팡플렉스,1888000,16,1,1,seasonal,delivery_transport,primary
96,2025,2,쿠팡플렉스,1550000,17,1,1,seasonal,delivery_transport,primary
96,2025,3,쿠팡플렉스,1595000,18,1,0,seasonal,delivery_transport,primary
96,2025,4,쿠팡플렉스,1951000,18,1,0,seasonal,delivery_transport,primary
96,2025,5,쿠팡플렉스,2364000,21,1,0,seasonal,delivery_transport,primary
96,2025,6,쿠팡플렉스,2048000,18,1,0,seasonal,delivery_transport,primary
96,2025,7,쿠팡플렉스,2448000,28,1,0,seasonal,delivery_transport,primary
96,2025,8,쿠팡플렉스,3011000,24,1,0,seasonal,delivery_transport,primary
96,2025,9,쿠팡플렉스,1515000,15,1,1,seasonal,delivery_transport,primary
96,2025,10,쿠팡플렉스,1872000,21,1,0,seasonal,delivery_transport,primary
96,2025,11,쿠팡플렉스,2128000,24,1,0,seasonal,delivery_transport,primary
96,2025,12,쿠팡플렉스,2752000,25,1,1,seasonal,delivery_transport,primary
96,2026,1,쿠팡플렉스,1362000,13,1,1,seasonal,delivery_transport,primary
96,2026,2,쿠팡플렉스,1733000,19,1,1,seasonal,delivery_transport,primary
96,2026,3,쿠팡플렉스,2287000,22,1,0,seasonal,delivery_transport,primary
96,2026,4,쿠팡플렉스,1832000,16,1,0,seasonal,delivery_transport,primary
96,2026,5,쿠팡플렉스,2455000,24,1,0,seasonal,delivery_transport,primary
97,2024,6,셀렉트스타,426000,9,1,0,irregular,simple_computer,occasional
97,2024,7,셀렉트스타,0,0,0,0,irregular,simple_computer,occasional
97,2024,8,셀렉트스타,470000,9,1,0,irregular,simple_computer,occasional
97,2024,9,셀렉트스타,0,0,0,1,irregular,simple_computer,occasional
97,2024,10,셀렉트스타,90000,2,1,0,irregular,simple_computer,occasional
97,2024,11,셀렉트스타,0,0,0,0,irregular,simple_computer,occasional
97,2024,12,셀렉트스타,849000,10,1,1,irregular,simple_computer,occasional
97,2025,1,셀렉트스타,0,0,0,1,irregular,simple_computer,occasional
97,2025,2,셀렉트스타,0,0,0,1,irregular,simple_computer,occasional
97,2025,3,셀렉트스타,0,0,0,0,irregular,simple_computer,occasional
97,2025,4,셀렉트스타,0,0,0,0,irregular,simple_computer,occasional
97,2025,5,셀렉트스타,0,0,0,0,irregular,simple_computer,occasional
97,2025,6,셀렉트스타,0,0,0,0,irregular,simple_computer,occasional
97,2025,7,셀렉트스타,237000,5,1,0,irregular,simple_computer,occasional
97,2025,8,셀렉트스타,155000,4,1,0,irregular,simple_computer,occasional
97,2025,9,셀렉트스타,92000,2,1,1,irregular,simple_computer,occasional
97,2025,10,셀렉트스타,808000,11,1,0,irregular,simple_computer,occasional
97,2025,11,셀렉트스타,705000,10,1,0,irregular,simple_computer,occasional
97,2025,12,셀렉트스타,583000,9,1,1,irregular,simple_computer,occasional
97,2026,1,셀렉트스타,108000,2,1,1,irregular,simple_computer,occasional
97,2026,2,셀렉트스타,473000,9,1,1,irregular,simple_computer,occasional
97,2026,3,셀렉트스타,0,0,0,0,irregular,simple_computer,occasional
97,2026,4,셀렉트스타,627000,10,1,0,irregular,simple_computer,occasional
97,2026,5,셀렉트스타,170000,4,1,0,irregular,simple_computer,occasional
98,2024,6,카카오T대리,1257000,8,2,0,seasonal,delivery_transport,secondary
98,2024,7,카카오T대리,1274000,9,2,0,seasonal,delivery_transport,secondary
98,2024,8,카카오T대리,1178000,9,2,0,seasonal,delivery_transport,secondary
98,2024,9,카카오T대리,1238000,8,2,1,seasonal,delivery_transport,secondary
98,2024,10,카카오T대리,1395000,11,2,0,seasonal,delivery_transport,secondary
98,2024,11,카카오T대리,1458000,10,2,0,seasonal,delivery_transport,secondary
98,2024,12,카카오T대리,1989000,14,2,1,seasonal,delivery_transport,secondary
98,2025,1,카카오T대리,866000,7,2,1,seasonal,delivery_transport,secondary
98,2025,2,카카오T대리,1172000,9,2,1,seasonal,delivery_transport,secondary
98,2025,3,카카오T대리,1453000,11,2,0,seasonal,delivery_transport,secondary
98,2025,4,카카오T대리,1622000,12,2,0,seasonal,delivery_transport,secondary
98,2025,5,카카오T대리,1417000,11,2,0,seasonal,delivery_transport,secondary
98,2025,6,카카오T대리,1369000,11,2,0,seasonal,delivery_transport,secondary
98,2025,7,카카오T대리,1228000,8,2,0,seasonal,delivery_transport,secondary
98,2025,8,카카오T대리,1429000,12,2,0,seasonal,delivery_transport,secondary
98,2025,9,카카오T대리,1524000,13,2,1,seasonal,delivery_transport,secondary
98,2025,10,카카오T대리,1661000,11,2,0,seasonal,delivery_transport,secondary
98,2025,11,카카오T대리,1526000,12,2,0,seasonal,delivery_transport,secondary
98,2025,12,카카오T대리,1619000,14,2,1,seasonal,delivery_transport,secondary
98,2026,1,카카오T대리,987000,7,2,1,seasonal,delivery_transport,secondary
98,2026,2,카카오T대리,1114000,9,2,1,seasonal,delivery_transport,secondary
98,2026,3,카카오T대리,1339000,10,2,0,seasonal,delivery_transport,secondary
98,2026,4,카카오T대리,1499000,12,2,0,seasonal,delivery_transport,secondary
98,2026,5,카카오T대리,1946000,12,2,0,seasonal,delivery_transport,secondary
99,2024,6,청소연구소,1143000,19,1,0,irregular,care_cleaning,secondary
99,2024,7,청소연구소,733000,17,1,0,irregular,care_cleaning,secondary
99,2024,8,청소연구소,886000,18,1,0,irregular,care_cleaning,secondary
99,2024,9,청소연구소,0,0,0,1,irregular,care_cleaning,secondary
99,2024,10,청소연구소,428000,9,1,0,irregular,care_cleaning,secondary
99,2024,11,청소연구소,0,0,0,0,irregular,care_cleaning,secondary
99,2024,12,청소연구소,0,0,0,1,irregular,care_cleaning,secondary
99,2025,1,청소연구소,483000,10,1,1,irregular,care_cleaning,secondary
99,2025,2,청소연구소,685000,14,1,1,irregular,care_cleaning,secondary
99,2025,3,청소연구소,680000,13,1,0,irregular,care_cleaning,secondary
99,2025,4,청소연구소,840000,16,1,0,irregular,care_cleaning,secondary
99,2025,5,청소연구소,1449000,17,1,0,irregular,care_cleaning,secondary
99,2025,6,청소연구소,2794000,21,1,0,irregular,care_cleaning,secondary
99,2025,7,청소연구소,588000,13,1,0,irregular,care_cleaning,secondary
99,2025,8,청소연구소,1195000,20,1,0,irregular,care_cleaning,secondary
99,2025,9,청소연구소,1300000,19,1,1,irregular,care_cleaning,secondary
99,2025,10,청소연구소,3118000,17,1,0,irregular,care_cleaning,secondary
99,2025,11,청소연구소,2058000,23,1,0,irregular,care_cleaning,secondary
99,2025,12,청소연구소,2366000,22,1,1,irregular,care_cleaning,secondary
99,2026,1,청소연구소,465000,10,1,1,irregular,care_cleaning,secondary
99,2026,2,청소연구소,653000,15,1,1,irregular,care_cleaning,secondary
99,2026,3,청소연구소,426000,9,1,0,irregular,care_cleaning,secondary
99,2026,4,청소연구소,0,0,0,0,irregular,care_cleaning,secondary
99,2026,5,청소연구소,404000,10,1,0,irregular,care_cleaning,secondary
100,2024,6,숨고,2373000,22,1,0,regular,professional,primary
100,2024,7,숨고,2417000,20,1,0,regular,professional,primary
100,2024,8,숨고,2750000,25,1,0,regular,professional,primary
100,2024,9,숨고,2295000,21,1,1,regular,professional,primary
100,2024,10,숨고,2315000,21,1,0,regular,professional,primary
100,2024,11,숨고,2594000,18,1,0,regular,professional,primary
100,2024,12,숨고,2602000,24,1,1,regular,professional,primary
100,2025,1,숨고,2150000,16,1,1,regular,professional,primary
100,2025,2,숨고,2860000,25,1,1,regular,professional,primary
100,2025,3,숨고,2373000,20,1,0,regular,professional,primary
100,2025,4,숨고,2723000,20,1,0,regular,professional,primary
100,2025,5,숨고,2643000,19,1,0,regular,professional,primary
100,2025,6,숨고,2573000,23,1,0,regular,professional,primary
100,2025,7,숨고,2644000,18,1,0,regular,professional,primary
100,2025,8,숨고,2323000,17,1,0,regular,professional,primary
100,2025,9,숨고,2681000,21,1,1,regular,professional,primary
100,2025,10,숨고,2788000,24,1,0,regular,professional,primary
100,2025,11,숨고,2334000,20,1,0,regular,professional,primary
100,2025,12,숨고,2491000,22,1,1,regular,professional,primary
100,2026,1,숨고,2044000,16,1,1,regular,professional,primary
100,2026,2,숨고,2686000,21,1,1,regular,professional,primary
100,2026,3,숨고,2261000,16,1,0,regular,professional,primary
100,2026,4,숨고,2534000,20,1,0,regular,professional,primary
100,2026,5,숨고,2662000,23,1,0,regular,professional,primary
101,2024,6,크몽,1379000,20,1,0,regular,professional,primary
101,2024,7,크몽,1686000,18,1,0,regular,professional,primary
101,2024,8,크몽,1520000,21,1,0,regular,professional,primary
101,2024,9,크몽,1567000,20,1,1,regular,professional,primary
101,2024,10,크몽,1683000,19,1,0,regular,professional,primary
101,2024,11,크몽,1838000,25,1,0,regular,professional,primary
101,2024,12,크몽,1563000,23,1,1,regular,professional,primary
101,2025,1,크몽,1297000,18,1,1,regular,professional,primary
101,2025,2,크몽,1590000,20,1,1,regular,professional,primary
101,2025,3,크몽,1559000,17,1,0,regular,professional,primary
101,2025,4,크몽,1265000,16,1,0,regular,professional,primary
101,2025,5,크몽,2541000,24,1,0,regular,professional,primary
101,2025,6,크몽,1928000,28,1,0,regular,professional,primary
101,2025,7,크몽,2084000,25,1,0,regular,professional,primary
101,2025,8,크몽,2098000,30,1,0,regular,professional,primary
101,2025,9,크몽,1777000,26,1,1,regular,professional,primary
101,2025,10,크몽,2033000,25,1,0,regular,professional,primary
101,2025,11,크몽,1632000,19,1,0,regular,professional,primary
101,2025,12,크몽,1498000,18,1,1,regular,professional,primary
101,2026,1,크몽,1672000,23,1,1,regular,professional,primary
101,2026,2,크몽,1259000,18,1,1,regular,professional,primary
101,2026,3,크몽,2073000,23,1,0,regular,professional,primary
101,2026,4,크몽,1985000,24,1,0,regular,professional,primary
101,2026,5,크몽,1758000,26,1,0,regular,professional,primary
102,2024,6,크몽,1565000,6,1,0,irregular,professional,primary
102,2024,7,크몽,803000,4,1,0,irregular,professional,primary
102,2024,8,크몽,642000,3,1,0,irregular,professional,primary
102,2024,9,크몽,692000,3,1,1,irregular,professional,primary
102,2024,10,크몽,779000,4,1,0,irregular,professional,primary
102,2024,11,크몽,7957000,31,2,0,irregular,professional,primary
102,2024,12,크몽,0,0,0,1,irregular,professional,primary
102,2025,1,크몽,1057000,4,1,1,irregular,professional,primary
102,2025,2,크몽,0,0,0,1,irregular,professional,primary
102,2025,3,크몽,495000,2,1,0,irregular,professional,primary
102,2025,4,크몽,0,0,0,0,irregular,professional,primary
102,2025,5,크몽,601000,3,1,0,irregular,professional,primary
102,2025,6,크몽,3993000,18,2,0,irregular,professional,primary
102,2025,7,크몽,1917000,8,2,0,irregular,professional,primary
102,2025,8,크몽,3835000,18,2,0,irregular,professional,primary
102,2025,9,크몽,4669000,22,2,1,irregular,professional,primary
102,2025,10,크몽,9000000,24,2,0,irregular,professional,primary
102,2025,11,크몽,9000000,30,2,0,irregular,professional,primary
102,2025,12,크몽,9000000,27,2,1,irregular,professional,primary
102,2026,1,크몽,9000000,29,2,1,irregular,professional,primary
102,2026,2,크몽,9000000,29,2,1,irregular,professional,primary
102,2026,3,크몽,2587000,14,2,0,irregular,professional,primary
102,2026,4,크몽,8876000,33,2,0,irregular,professional,primary
102,2026,5,크몽,8305000,27,2,0,irregular,professional,primary
103,2024,6,쿠팡플렉스,2998000,28,1,0,seasonal,delivery_transport,primary
103,2024,7,쿠팡플렉스,3602000,31,1,0,seasonal,delivery_transport,primary
103,2024,8,쿠팡플렉스,2644000,26,1,0,seasonal,delivery_transport,primary
103,2024,9,쿠팡플렉스,2907000,26,1,1,seasonal,delivery_transport,primary
103,2024,10,쿠팡플렉스,2502000,22,1,0,seasonal,delivery_transport,primary
103,2024,11,쿠팡플렉스,2417000,22,1,0,seasonal,delivery_transport,primary
103,2024,12,쿠팡플렉스,3405000,28,1,1,seasonal,delivery_transport,primary
103,2025,1,쿠팡플렉스,1631000,18,1,1,seasonal,delivery_transport,primary
103,2025,2,쿠팡플렉스,2295000,22,1,1,seasonal,delivery_transport,primary
103,2025,3,쿠팡플렉스,2273000,20,1,0,seasonal,delivery_transport,primary
103,2025,4,쿠팡플렉스,2305000,23,1,0,seasonal,delivery_transport,primary
103,2025,5,쿠팡플렉스,2836000,27,1,0,seasonal,delivery_transport,primary
103,2025,6,쿠팡플렉스,2161000,22,1,0,seasonal,delivery_transport,primary
103,2025,7,쿠팡플렉스,3413000,31,1,0,seasonal,delivery_transport,primary
103,2025,8,쿠팡플렉스,2423000,26,1,0,seasonal,delivery_transport,primary
103,2025,9,쿠팡플렉스,1944000,17,1,1,seasonal,delivery_transport,primary
103,2025,10,쿠팡플렉스,2655000,24,1,0,seasonal,delivery_transport,primary
103,2025,11,쿠팡플렉스,1842000,17,1,0,seasonal,delivery_transport,primary
103,2025,12,쿠팡플렉스,2356000,22,1,1,seasonal,delivery_transport,primary
103,2026,1,쿠팡플렉스,2171000,23,1,1,seasonal,delivery_transport,primary
103,2026,2,쿠팡플렉스,1760000,19,1,1,seasonal,delivery_transport,primary
103,2026,3,쿠팡플렉스,2137000,18,1,0,seasonal,delivery_transport,primary
103,2026,4,쿠팡플렉스,2919000,24,1,0,seasonal,delivery_transport,primary
103,2026,5,쿠팡플렉스,2391000,23,1,0,seasonal,delivery_transport,primary
104,2024,6,배달의민족,778000,10,1,0,seasonal,delivery_transport,secondary
104,2024,7,배달의민족,939000,11,1,0,seasonal,delivery_transport,secondary
104,2024,8,배달의민족,1093000,15,1,0,seasonal,delivery_transport,secondary
104,2024,9,배달의민족,886000,11,1,1,seasonal,delivery_transport,secondary
104,2024,10,배달의민족,648000,9,1,0,seasonal,delivery_transport,secondary
104,2024,11,배달의민족,926000,14,1,0,seasonal,delivery_transport,secondary
104,2024,12,배달의민족,1122000,13,1,1,seasonal,delivery_transport,secondary
104,2025,1,배달의민족,866000,13,1,1,seasonal,delivery_transport,secondary
104,2025,2,배달의민족,738000,10,1,1,seasonal,delivery_transport,secondary
104,2025,3,배달의민족,992000,14,1,0,seasonal,delivery_transport,secondary
104,2025,4,배달의민족,758000,12,1,0,seasonal,delivery_transport,secondary
104,2025,5,배달의민족,1151000,16,1,0,seasonal,delivery_transport,secondary
104,2025,6,배달의민족,905000,12,1,0,seasonal,delivery_transport,secondary
104,2025,7,배달의민족,1083000,13,1,0,seasonal,delivery_transport,secondary
104,2025,8,배달의민족,977000,15,1,0,seasonal,delivery_transport,secondary
104,2025,9,배달의민족,717000,11,1,1,seasonal,delivery_transport,secondary
104,2025,10,배달의민족,886000,14,1,0,seasonal,delivery_transport,secondary
104,2025,11,배달의민족,1003000,15,1,0,seasonal,delivery_transport,secondary
104,2025,12,배달의민족,1277000,13,1,1,seasonal,delivery_transport,secondary
104,2026,1,배달의민족,830000,10,1,1,seasonal,delivery_transport,secondary
104,2026,2,배달의민족,645000,10,1,1,seasonal,delivery_transport,secondary
104,2026,3,배달의민족,1012000,13,1,0,seasonal,delivery_transport,secondary
104,2026,4,배달의민족,912000,14,1,0,seasonal,delivery_transport,secondary
104,2026,5,배달의민족,887000,12,1,0,seasonal,delivery_transport,secondary
105,2024,6,요기요,1974000,16,1,0,irregular,delivery_transport,primary
105,2024,7,요기요,1407000,11,1,0,irregular,delivery_transport,primary
105,2024,8,요기요,1152000,12,1,0,irregular,delivery_transport,primary
105,2024,9,요기요,1866000,16,1,1,irregular,delivery_transport,primary
105,2024,10,요기요,2349000,19,1,0,irregular,delivery_transport,primary
105,2024,11,요기요,1923000,17,1,0,irregular,delivery_transport,primary
105,2024,12,요기요,671000,6,1,1,irregular,delivery_transport,primary
105,2025,1,요기요,0,0,0,1,irregular,delivery_transport,primary
105,2025,2,요기요,857000,7,1,1,irregular,delivery_transport,primary
105,2025,3,요기요,1685000,17,1,0,irregular,delivery_transport,primary
105,2025,4,요기요,0,0,0,0,irregular,delivery_transport,primary
105,2025,5,요기요,796000,7,1,0,irregular,delivery_transport,primary
105,2025,6,요기요,776000,6,1,0,irregular,delivery_transport,primary
105,2025,7,요기요,964000,10,1,0,irregular,delivery_transport,primary
105,2025,8,요기요,1614000,16,1,0,irregular,delivery_transport,primary
105,2025,9,요기요,2137000,17,1,1,irregular,delivery_transport,primary
105,2025,10,요기요,3164000,30,1,0,irregular,delivery_transport,primary
105,2025,11,요기요,1197000,9,1,0,irregular,delivery_transport,primary
105,2025,12,요기요,1529000,16,1,1,irregular,delivery_transport,primary
105,2026,1,요기요,1988000,16,1,1,irregular,delivery_transport,primary
105,2026,2,요기요,1386000,11,1,1,irregular,delivery_transport,primary
105,2026,3,요기요,1296000,13,1,0,irregular,delivery_transport,primary
105,2026,4,요기요,1785000,14,1,0,irregular,delivery_transport,primary
105,2026,5,요기요,1567000,16,1,0,irregular,delivery_transport,primary
106,2024,6,요기요,1341000,16,3,0,regular,delivery_transport,secondary
106,2024,7,요기요,1333000,15,3,0,regular,delivery_transport,secondary
106,2024,8,요기요,1809000,18,3,0,regular,delivery_transport,secondary
106,2024,9,요기요,1252000,12,3,1,regular,delivery_transport,secondary
106,2024,10,요기요,1448000,17,3,0,regular,delivery_transport,secondary
106,2024,11,요기요,1514000,19,3,0,regular,delivery_transport,secondary
106,2024,12,요기요,1464000,16,3,1,regular,delivery_transport,secondary
106,2025,1,요기요,1496000,19,3,1,regular,delivery_transport,secondary
106,2025,2,요기요,912000,11,3,1,regular,delivery_transport,secondary
106,2025,3,요기요,1043000,10,3,0,regular,delivery_transport,secondary
106,2025,4,요기요,1311000,15,3,0,regular,delivery_transport,secondary
106,2025,5,요기요,1537000,15,3,0,regular,delivery_transport,secondary
106,2025,6,요기요,1056000,13,3,0,regular,delivery_transport,secondary
106,2025,7,요기요,1404000,14,3,0,regular,delivery_transport,secondary
106,2025,8,요기요,1451000,17,3,0,regular,delivery_transport,secondary
106,2025,9,요기요,1679000,19,3,1,regular,delivery_transport,secondary
106,2025,10,요기요,1079000,12,3,0,regular,delivery_transport,secondary
106,2025,11,요기요,1638000,18,3,0,regular,delivery_transport,secondary
106,2025,12,요기요,1774000,17,3,1,regular,delivery_transport,secondary
106,2026,1,요기요,1038000,10,3,1,regular,delivery_transport,secondary
106,2026,2,요기요,1426000,15,3,1,regular,delivery_transport,secondary
106,2026,3,요기요,1194000,15,3,0,regular,delivery_transport,secondary
106,2026,4,요기요,1452000,17,3,0,regular,delivery_transport,secondary
106,2026,5,요기요,1747000,17,3,0,regular,delivery_transport,secondary
107,2024,6,청소연구소,2192000,21,3,0,regular,care_cleaning,primary
107,2024,7,청소연구소,1831000,15,3,0,regular,care_cleaning,primary
107,2024,8,청소연구소,2325000,23,3,0,regular,care_cleaning,primary
107,2024,9,청소연구소,2098000,21,3,1,regular,care_cleaning,primary
107,2024,10,청소연구소,1862000,19,3,0,regular,care_cleaning,primary
107,2024,11,청소연구소,2540000,22,3,0,regular,care_cleaning,primary
107,2024,12,청소연구소,2168000,19,3,1,regular,care_cleaning,primary
107,2025,1,청소연구소,1552000,13,3,1,regular,care_cleaning,primary
107,2025,2,청소연구소,2021000,21,3,1,regular,care_cleaning,primary
107,2025,3,청소연구소,2016000,17,3,0,regular,care_cleaning,primary
107,2025,4,청소연구소,1827000,14,3,0,regular,care_cleaning,primary
107,2025,5,청소연구소,2075000,19,3,0,regular,care_cleaning,primary
107,2025,6,청소연구소,2450000,22,3,0,regular,care_cleaning,primary
107,2025,7,청소연구소,2205000,21,3,0,regular,care_cleaning,primary
107,2025,8,청소연구소,1892000,16,3,0,regular,care_cleaning,primary
107,2025,9,청소연구소,2132000,20,3,1,regular,care_cleaning,primary
107,2025,10,청소연구소,2663000,26,3,0,regular,care_cleaning,primary
107,2025,11,청소연구소,2194000,21,3,0,regular,care_cleaning,primary
107,2025,12,청소연구소,2074000,17,3,1,regular,care_cleaning,primary
107,2026,1,청소연구소,2289000,19,3,1,regular,care_cleaning,primary
107,2026,2,청소연구소,1632000,13,3,1,regular,care_cleaning,primary
107,2026,3,청소연구소,2467000,21,3,0,regular,care_cleaning,primary
107,2026,4,청소연구소,2140000,17,3,0,regular,care_cleaning,primary
107,2026,5,청소연구소,2157000,18,3,0,regular,care_cleaning,primary
108,2024,6,크몽,1020000,8,1,0,irregular,professional,primary
108,2024,7,크몽,2295000,20,1,0,irregular,professional,primary
108,2024,8,크몽,742000,6,1,0,irregular,professional,primary
108,2024,9,크몽,5096000,37,1,1,irregular,professional,primary
108,2024,10,크몽,4131000,28,1,0,irregular,professional,primary
108,2024,11,크몽,3479000,27,1,0,irregular,professional,primary
108,2024,12,크몽,1697000,17,1,1,irregular,professional,primary
108,2025,1,크몽,4609000,37,1,1,irregular,professional,primary
108,2025,2,크몽,0,0,0,1,irregular,professional,primary
108,2025,3,크몽,3792000,29,1,0,irregular,professional,primary
108,2025,4,크몽,4398000,33,1,0,irregular,professional,primary
108,2025,5,크몽,5507000,34,1,0,irregular,professional,primary
108,2025,6,크몽,4055000,28,1,0,irregular,professional,primary
108,2025,7,크몽,3648000,30,1,0,irregular,professional,primary
108,2025,8,크몽,3480000,35,1,0,irregular,professional,primary
108,2025,9,크몽,0,0,0,1,irregular,professional,primary
108,2025,10,크몽,626000,5,1,0,irregular,professional,primary
108,2025,11,크몽,0,0,0,0,irregular,professional,primary
108,2025,12,크몽,5222000,35,1,1,irregular,professional,primary
108,2026,1,크몽,2525000,24,1,1,irregular,professional,primary
108,2026,2,크몽,3534000,33,1,1,irregular,professional,primary
108,2026,3,크몽,1337000,12,1,0,irregular,professional,primary
108,2026,4,크몽,837000,8,1,0,irregular,professional,primary
108,2026,5,크몽,2184000,22,1,0,irregular,professional,primary
109,2024,6,생각대로,596000,14,1,0,regular,delivery_transport,secondary
109,2024,7,생각대로,747000,19,1,0,regular,delivery_transport,secondary
109,2024,8,생각대로,562000,14,1,0,regular,delivery_transport,secondary
109,2024,9,생각대로,602000,13,1,1,regular,delivery_transport,secondary
109,2024,10,생각대로,510000,11,1,0,regular,delivery_transport,secondary
109,2024,11,생각대로,765000,18,1,0,regular,delivery_transport,secondary
109,2024,12,생각대로,922000,20,1,1,regular,delivery_transport,secondary
109,2025,1,생각대로,480000,10,1,1,regular,delivery_transport,secondary
109,2025,2,생각대로,573000,11,1,1,regular,delivery_transport,secondary
109,2025,3,생각대로,560000,12,1,0,regular,delivery_transport,secondary
109,2025,4,생각대로,672000,17,1,0,regular,delivery_transport,secondary
109,2025,5,생각대로,632000,15,1,0,regular,delivery_transport,secondary
109,2025,6,생각대로,481000,12,1,0,regular,delivery_transport,secondary
109,2025,7,생각대로,784000,19,1,0,regular,delivery_transport,secondary
109,2025,8,생각대로,491000,12,1,0,regular,delivery_transport,secondary
109,2025,9,생각대로,699000,18,1,1,regular,delivery_transport,secondary
109,2025,10,생각대로,766000,20,1,0,regular,delivery_transport,secondary
109,2025,11,생각대로,639000,17,1,0,regular,delivery_transport,secondary
109,2025,12,생각대로,551000,12,1,1,regular,delivery_transport,secondary
109,2026,1,생각대로,528000,11,1,1,regular,delivery_transport,secondary
109,2026,2,생각대로,597000,15,1,1,regular,delivery_transport,secondary
109,2026,3,생각대로,580000,12,1,0,regular,delivery_transport,secondary
109,2026,4,생각대로,462000,10,1,0,regular,delivery_transport,secondary
109,2026,5,생각대로,623000,14,1,0,regular,delivery_transport,secondary
110,2024,6,바로고,479000,7,1,0,regular,delivery_transport,occasional
110,2024,7,바로고,580000,6,1,0,regular,delivery_transport,occasional
110,2024,8,바로고,502000,6,1,0,regular,delivery_transport,occasional
110,2024,9,바로고,512000,7,1,1,regular,delivery_transport,occasional
110,2024,10,바로고,608000,8,1,0,regular,delivery_transport,occasional
110,2024,11,바로고,473000,6,1,0,regular,delivery_transport,occasional
110,2024,12,바로고,459000,5,1,1,regular,delivery_transport,occasional
110,2025,1,바로고,530000,7,1,1,regular,delivery_transport,occasional
110,2025,2,바로고,517000,6,1,1,regular,delivery_transport,occasional
110,2025,3,바로고,436000,5,1,0,regular,delivery_transport,occasional
110,2025,4,바로고,495000,6,1,0,regular,delivery_transport,occasional
110,2025,5,바로고,486000,6,1,0,regular,delivery_transport,occasional
110,2025,6,바로고,578000,8,1,0,regular,delivery_transport,occasional
110,2025,7,바로고,417000,4,1,0,regular,delivery_transport,occasional
110,2025,8,바로고,504000,6,1,0,regular,delivery_transport,occasional
110,2025,9,바로고,490000,7,1,1,regular,delivery_transport,occasional
110,2025,10,바로고,534000,7,1,0,regular,delivery_transport,occasional
110,2025,11,바로고,537000,6,1,0,regular,delivery_transport,occasional
110,2025,12,바로고,517000,6,1,1,regular,delivery_transport,occasional
110,2026,1,바로고,481000,6,1,1,regular,delivery_transport,occasional
110,2026,2,바로고,464000,6,1,1,regular,delivery_transport,occasional
110,2026,3,바로고,545000,7,1,0,regular,delivery_transport,occasional
110,2026,4,바로고,545000,8,1,0,regular,delivery_transport,occasional
110,2026,5,바로고,459000,6,1,0,regular,delivery_transport,occasional
111,2024,6,에이모,1610000,27,2,0,irregular,simple_computer,primary
111,2024,7,에이모,1511000,27,2,0,irregular,simple_computer,primary
111,2024,8,에이모,1252000,22,2,0,irregular,simple_computer,primary
111,2024,9,에이모,1299000,24,2,1,irregular,simple_computer,primary
111,2024,10,에이모,1444000,28,2,0,irregular,simple_computer,primary
111,2024,11,에이모,2179000,30,2,0,irregular,simple_computer,primary
111,2024,12,에이모,1509000,31,2,1,irregular,simple_computer,primary
111,2025,1,에이모,1397000,30,2,1,irregular,simple_computer,primary
111,2025,2,에이모,1587000,27,2,1,irregular,simple_computer,primary
111,2025,3,에이모,807000,17,2,0,irregular,simple_computer,primary
111,2025,4,에이모,1309000,23,2,0,irregular,simple_computer,primary
111,2025,5,에이모,1249000,24,2,0,irregular,simple_computer,primary
111,2025,6,에이모,0,0,0,0,irregular,simple_computer,primary
111,2025,7,에이모,0,0,0,0,irregular,simple_computer,primary
111,2025,8,에이모,1688000,31,2,0,irregular,simple_computer,primary
111,2025,9,에이모,1068000,22,2,1,irregular,simple_computer,primary
111,2025,10,에이모,2307000,29,2,0,irregular,simple_computer,primary
111,2025,11,에이모,3551000,27,2,0,irregular,simple_computer,primary
111,2025,12,에이모,1344000,23,2,1,irregular,simple_computer,primary
111,2026,1,에이모,1090000,20,2,1,irregular,simple_computer,primary
111,2026,2,에이모,810000,17,2,1,irregular,simple_computer,primary
111,2026,3,에이모,1179000,22,2,0,irregular,simple_computer,primary
111,2026,4,에이모,183000,4,1,0,irregular,simple_computer,primary
111,2026,5,에이모,525000,9,2,0,irregular,simple_computer,primary
112,2024,6,크몽,1842000,22,2,0,irregular,professional,primary
112,2024,7,크몽,1104000,12,2,0,irregular,professional,primary
112,2024,8,크몽,960000,11,2,0,irregular,professional,primary
112,2024,9,크몽,6279000,33,2,1,irregular,professional,primary
112,2024,10,크몽,3290000,37,2,0,irregular,professional,primary
112,2024,11,크몽,6851000,28,2,0,irregular,professional,primary
112,2024,12,크몽,1469000,17,2,1,irregular,professional,primary
112,2025,1,크몽,1216000,14,2,1,irregular,professional,primary
112,2025,2,크몽,5301000,30,2,1,irregular,professional,primary
112,2025,3,크몽,8765000,34,2,0,irregular,professional,primary
112,2025,4,크몽,5725000,36,2,0,irregular,professional,primary
112,2025,5,크몽,2073000,22,2,0,irregular,professional,primary
112,2025,6,크몽,0,0,0,0,irregular,professional,primary
112,2025,7,크몽,1157000,11,2,0,irregular,professional,primary
112,2025,8,크몽,755000,8,1,0,irregular,professional,primary
112,2025,9,크몽,4902000,27,2,1,irregular,professional,primary
112,2025,10,크몽,0,0,0,0,irregular,professional,primary
112,2025,11,크몽,3758000,34,2,0,irregular,professional,primary
112,2025,12,크몽,2432000,28,2,1,irregular,professional,primary
112,2026,1,크몽,1390000,15,2,1,irregular,professional,primary
112,2026,2,크몽,2035000,25,2,1,irregular,professional,primary
112,2026,3,크몽,669000,6,1,0,irregular,professional,primary
112,2026,4,크몽,2713000,27,2,0,irregular,professional,primary
112,2026,5,크몽,909000,9,1,0,irregular,professional,primary
113,2024,6,바로고,359000,9,3,0,regular,delivery_transport,occasional
113,2024,7,바로고,471000,9,3,0,regular,delivery_transport,occasional
113,2024,8,바로고,380000,9,3,0,regular,delivery_transport,occasional
113,2024,9,바로고,404000,10,3,1,regular,delivery_transport,occasional
113,2024,10,바로고,429000,10,3,0,regular,delivery_transport,occasional
113,2024,11,바로고,377000,9,3,0,regular,delivery_transport,occasional
113,2024,12,바로고,391000,10,3,1,regular,delivery_transport,occasional
113,2025,1,바로고,404000,8,3,1,regular,delivery_transport,occasional
113,2025,2,바로고,392000,9,3,1,regular,delivery_transport,occasional
113,2025,3,바로고,414000,8,3,0,regular,delivery_transport,occasional
113,2025,4,바로고,320000,7,3,0,regular,delivery_transport,occasional
113,2025,5,바로고,459000,9,3,0,regular,delivery_transport,occasional
113,2025,6,바로고,398000,10,3,0,regular,delivery_transport,occasional
113,2025,7,바로고,421000,8,3,0,regular,delivery_transport,occasional
113,2025,8,바로고,357000,7,3,0,regular,delivery_transport,occasional
113,2025,9,바로고,341000,8,3,1,regular,delivery_transport,occasional
113,2025,10,바로고,256000,6,3,0,regular,delivery_transport,occasional
113,2025,11,바로고,402000,9,3,0,regular,delivery_transport,occasional
113,2025,12,바로고,445000,10,3,1,regular,delivery_transport,occasional
113,2026,1,바로고,360000,9,3,1,regular,delivery_transport,occasional
113,2026,2,바로고,413000,8,3,1,regular,delivery_transport,occasional
113,2026,3,바로고,301000,6,3,0,regular,delivery_transport,occasional
113,2026,4,바로고,382000,10,3,0,regular,delivery_transport,occasional
113,2026,5,바로고,314000,8,3,0,regular,delivery_transport,occasional
114,2024,6,숨고,6732000,24,2,0,irregular,professional,primary
114,2024,7,숨고,3299000,13,2,0,irregular,professional,primary
114,2024,8,숨고,805000,4,1,0,irregular,professional,primary
114,2024,9,숨고,0,0,0,1,irregular,professional,primary
114,2024,10,숨고,6983000,28,2,0,irregular,professional,primary
114,2024,11,숨고,4288000,18,2,0,irregular,professional,primary
114,2024,12,숨고,4282000,18,2,1,irregular,professional,primary
114,2025,1,숨고,4435000,20,2,1,irregular,professional,primary
114,2025,2,숨고,1764000,6,1,1,irregular,professional,primary
114,2025,3,숨고,9000000,24,2,0,irregular,professional,primary
114,2025,4,숨고,9000000,28,2,0,irregular,professional,primary
114,2025,5,숨고,1585000,6,1,0,irregular,professional,primary
114,2025,6,숨고,0,0,0,0,irregular,professional,primary
114,2025,7,숨고,1967000,9,2,0,irregular,professional,primary
114,2025,8,숨고,2688000,12,2,0,irregular,professional,primary
114,2025,9,숨고,0,0,0,1,irregular,professional,primary
114,2025,10,숨고,0,0,0,0,irregular,professional,primary
114,2025,11,숨고,1115000,4,1,0,irregular,professional,primary
114,2025,12,숨고,1863000,7,2,1,irregular,professional,primary
114,2026,1,숨고,0,0,0,1,irregular,professional,primary
114,2026,2,숨고,0,0,0,1,irregular,professional,primary
114,2026,3,숨고,829000,4,1,0,irregular,professional,primary
114,2026,4,숨고,752000,3,1,0,irregular,professional,primary
114,2026,5,숨고,3534000,14,2,0,irregular,professional,primary
115,2024,6,크몽,7457000,33,1,0,irregular,professional,primary
115,2024,7,크몽,2218000,15,1,0,irregular,professional,primary
115,2024,8,크몽,2092000,11,1,0,irregular,professional,primary
115,2024,9,크몽,9000000,32,1,1,irregular,professional,primary
115,2024,10,크몽,8564000,24,1,0,irregular,professional,primary
115,2024,11,크몽,3866000,20,1,0,irregular,professional,primary
115,2024,12,크몽,0,0,0,1,irregular,professional,primary
115,2025,1,크몽,6278000,24,1,1,irregular,professional,primary
115,2025,2,크몽,2467000,15,1,1,irregular,professional,primary
115,2025,3,크몽,726000,4,1,0,irregular,professional,primary
115,2025,4,크몽,2708000,14,1,0,irregular,professional,primary
115,2025,5,크몽,406000,2,1,0,irregular,professional,primary
115,2025,6,크몽,5164000,26,1,0,irregular,professional,primary
115,2025,7,크몽,3320000,23,1,0,irregular,professional,primary
115,2025,8,크몽,4092000,27,1,0,irregular,professional,primary
115,2025,9,크몽,1143000,7,1,1,irregular,professional,primary
115,2025,10,크몽,3431000,22,1,0,irregular,professional,primary
115,2025,11,크몽,3116000,21,1,0,irregular,professional,primary
115,2025,12,크몽,5900000,30,1,1,irregular,professional,primary
115,2026,1,크몽,9000000,29,1,1,irregular,professional,primary
115,2026,2,크몽,9000000,27,1,1,irregular,professional,primary
115,2026,3,크몽,6153000,31,1,0,irregular,professional,primary
115,2026,4,크몽,4689000,24,1,0,irregular,professional,primary
115,2026,5,크몽,3680000,20,1,0,irregular,professional,primary
116,2024,6,바로고,2035000,22,2,0,seasonal,delivery_transport,primary
116,2024,7,바로고,2689000,34,2,0,seasonal,delivery_transport,primary
116,2024,8,바로고,2462000,28,2,0,seasonal,delivery_transport,primary
116,2024,9,바로고,1944000,25,2,1,seasonal,delivery_transport,primary
116,2024,10,바로고,2114000,21,2,0,seasonal,delivery_transport,primary
116,2024,11,바로고,2400000,31,2,0,seasonal,delivery_transport,primary
116,2024,12,바로고,2817000,28,2,1,seasonal,delivery_transport,primary
116,2025,1,바로고,1728000,21,2,1,seasonal,delivery_transport,primary
116,2025,2,바로고,1925000,25,2,1,seasonal,delivery_transport,primary
116,2025,3,바로고,2570000,33,2,0,seasonal,delivery_transport,primary
116,2025,4,바로고,1795000,20,2,0,seasonal,delivery_transport,primary
116,2025,5,바로고,2061000,22,2,0,seasonal,delivery_transport,primary
116,2025,6,바로고,2207000,28,2,0,seasonal,delivery_transport,primary
116,2025,7,바로고,2635000,33,2,0,seasonal,delivery_transport,primary
116,2025,8,바로고,2532000,27,2,0,seasonal,delivery_transport,primary
116,2025,9,바로고,2217000,25,2,1,seasonal,delivery_transport,primary
116,2025,10,바로고,2352000,24,2,0,seasonal,delivery_transport,primary
116,2025,11,바로고,2044000,21,2,0,seasonal,delivery_transport,primary
116,2025,12,바로고,2272000,22,2,1,seasonal,delivery_transport,primary
116,2026,1,바로고,2021000,21,2,1,seasonal,delivery_transport,primary
116,2026,2,바로고,1866000,18,2,1,seasonal,delivery_transport,primary
116,2026,3,바로고,2352000,29,2,0,seasonal,delivery_transport,primary
116,2026,4,바로고,2373000,29,2,0,seasonal,delivery_transport,primary
116,2026,5,바로고,2334000,26,2,0,seasonal,delivery_transport,primary
117,2024,6,쿠팡이츠,1371000,14,1,0,seasonal,delivery_transport,secondary
117,2024,7,쿠팡이츠,1921000,18,1,0,seasonal,delivery_transport,secondary
117,2024,8,쿠팡이츠,1566000,17,1,0,seasonal,delivery_transport,secondary
117,2024,9,쿠팡이츠,1663000,15,1,1,seasonal,delivery_transport,secondary
117,2024,10,쿠팡이츠,1280000,15,1,0,seasonal,delivery_transport,secondary
117,2024,11,쿠팡이츠,1578000,17,1,0,seasonal,delivery_transport,secondary
117,2024,12,쿠팡이츠,1782000,16,1,1,seasonal,delivery_transport,secondary
117,2025,1,쿠팡이츠,1077000,9,1,1,seasonal,delivery_transport,secondary
117,2025,2,쿠팡이츠,1256000,13,1,1,seasonal,delivery_transport,secondary
117,2025,3,쿠팡이츠,1236000,11,1,0,seasonal,delivery_transport,secondary
117,2025,4,쿠팡이츠,1403000,14,1,0,seasonal,delivery_transport,secondary
117,2025,5,쿠팡이츠,1566000,16,1,0,seasonal,delivery_transport,secondary
117,2025,6,쿠팡이츠,1550000,14,1,0,seasonal,delivery_transport,secondary
117,2025,7,쿠팡이츠,2020000,18,1,0,seasonal,delivery_transport,secondary
117,2025,8,쿠팡이츠,1521000,13,1,0,seasonal,delivery_transport,secondary
117,2025,9,쿠팡이츠,1591000,18,1,1,seasonal,delivery_transport,secondary
117,2025,10,쿠팡이츠,1647000,15,1,0,seasonal,delivery_transport,secondary
117,2025,11,쿠팡이츠,1494000,16,1,0,seasonal,delivery_transport,secondary
117,2025,12,쿠팡이츠,1679000,16,1,1,seasonal,delivery_transport,secondary
117,2026,1,쿠팡이츠,1477000,13,1,1,seasonal,delivery_transport,secondary
117,2026,2,쿠팡이츠,1248000,11,1,1,seasonal,delivery_transport,secondary
117,2026,3,쿠팡이츠,1687000,15,1,0,seasonal,delivery_transport,secondary
117,2026,4,쿠팡이츠,1390000,13,1,0,seasonal,delivery_transport,secondary
117,2026,5,쿠팡이츠,1479000,15,1,0,seasonal,delivery_transport,secondary
118,2024,6,크몽,4033000,19,2,0,regular,professional,primary
118,2024,7,크몽,4654000,23,2,0,regular,professional,primary
118,2024,8,크몽,3843000,20,2,0,regular,professional,primary
118,2024,9,크몽,3322000,20,2,1,regular,professional,primary
118,2024,10,크몽,3852000,21,2,0,regular,professional,primary
118,2024,11,크몽,3069000,18,2,0,regular,professional,primary
118,2024,12,크몽,3489000,21,2,1,regular,professional,primary
118,2025,1,크몽,3665000,18,2,1,regular,professional,primary
118,2025,2,크몽,3709000,18,2,1,regular,professional,primary
118,2025,3,크몽,4400000,25,2,0,regular,professional,primary
118,2025,4,크몽,3855000,20,2,0,regular,professional,primary
118,2025,5,크몽,2975000,17,2,0,regular,professional,primary
118,2025,6,크몽,3560000,22,2,0,regular,professional,primary
118,2025,7,크몽,3869000,19,2,0,regular,professional,primary
118,2025,8,크몽,3920000,21,2,0,regular,professional,primary
118,2025,9,크몽,3861000,18,2,1,regular,professional,primary
118,2025,10,크몽,4407000,24,2,0,regular,professional,primary
118,2025,11,크몽,4651000,25,2,0,regular,professional,primary
118,2025,12,크몽,3899000,24,2,1,regular,professional,primary
118,2026,1,크몽,4405000,27,2,1,regular,professional,primary
118,2026,2,크몽,4750000,23,2,1,regular,professional,primary
118,2026,3,크몽,4108000,25,2,0,regular,professional,primary
118,2026,4,크몽,4397000,24,2,0,regular,professional,primary
118,2026,5,크몽,4292000,24,2,0,regular,professional,primary
119,2024,6,카카오T대리,718000,8,1,0,seasonal,delivery_transport,occasional
119,2024,7,카카오T대리,714000,8,1,0,seasonal,delivery_transport,occasional
119,2024,8,카카오T대리,681000,7,1,0,seasonal,delivery_transport,occasional
119,2024,9,카카오T대리,649000,9,1,1,seasonal,delivery_transport,occasional
119,2024,10,카카오T대리,766000,11,1,0,seasonal,delivery_transport,occasional
119,2024,11,카카오T대리,829000,11,1,0,seasonal,delivery_transport,occasional
119,2024,12,카카오T대리,889000,9,1,1,seasonal,delivery_transport,occasional
119,2025,1,카카오T대리,530000,7,1,1,seasonal,delivery_transport,occasional
119,2025,2,카카오T대리,456000,6,1,1,seasonal,delivery_transport,occasional
119,2025,3,카카오T대리,579000,7,1,0,seasonal,delivery_transport,occasional
119,2025,4,카카오T대리,696000,7,1,0,seasonal,delivery_transport,occasional
119,2025,5,카카오T대리,804000,11,1,0,seasonal,delivery_transport,occasional
119,2025,6,카카오T대리,631000,8,1,0,seasonal,delivery_transport,occasional
119,2025,7,카카오T대리,677000,9,1,0,seasonal,delivery_transport,occasional
119,2025,8,카카오T대리,678000,8,1,0,seasonal,delivery_transport,occasional
119,2025,9,카카오T대리,661000,8,1,1,seasonal,delivery_transport,occasional
119,2025,10,카카오T대리,700000,10,1,0,seasonal,delivery_transport,occasional
119,2025,11,카카오T대리,881000,11,1,0,seasonal,delivery_transport,occasional
119,2025,12,카카오T대리,993000,10,1,1,seasonal,delivery_transport,occasional
119,2026,1,카카오T대리,415000,5,1,1,seasonal,delivery_transport,occasional
119,2026,2,카카오T대리,611000,6,1,1,seasonal,delivery_transport,occasional
119,2026,3,카카오T대리,553000,7,1,0,seasonal,delivery_transport,occasional
119,2026,4,카카오T대리,806000,8,1,0,seasonal,delivery_transport,occasional
119,2026,5,카카오T대리,778000,9,1,0,seasonal,delivery_transport,occasional
120,2024,6,미소,1171000,16,1,0,regular,care_cleaning,primary
120,2024,7,미소,1380000,17,1,0,regular,care_cleaning,primary
120,2024,8,미소,1252000,20,1,0,regular,care_cleaning,primary
120,2024,9,미소,1372000,22,1,1,regular,care_cleaning,primary
120,2024,10,미소,1039000,14,1,0,regular,care_cleaning,primary
120,2024,11,미소,1275000,19,1,0,regular,care_cleaning,primary
120,2024,12,미소,1123000,14,1,1,regular,care_cleaning,primary
120,2025,1,미소,1152000,16,1,1,regular,care_cleaning,primary
120,2025,2,미소,1184000,18,1,1,regular,care_cleaning,primary
120,2025,3,미소,1727000,27,1,0,regular,care_cleaning,primary
120,2025,4,미소,1677000,27,1,0,regular,care_cleaning,primary
120,2025,5,미소,1382000,23,1,0,regular,care_cleaning,primary
120,2025,6,미소,1412000,21,1,0,regular,care_cleaning,primary
120,2025,7,미소,1447000,22,1,0,regular,care_cleaning,primary
120,2025,8,미소,1322000,22,1,0,regular,care_cleaning,primary
120,2025,9,미소,1079000,17,1,1,regular,care_cleaning,primary
120,2025,10,미소,1312000,16,1,0,regular,care_cleaning,primary
120,2025,11,미소,1674000,26,1,0,regular,care_cleaning,primary
120,2025,12,미소,1591000,25,1,1,regular,care_cleaning,primary
120,2026,1,미소,1448000,23,1,1,regular,care_cleaning,primary
120,2026,2,미소,1668000,27,1,1,regular,care_cleaning,primary
120,2026,3,미소,1543000,21,1,0,regular,care_cleaning,primary
120,2026,4,미소,1429000,23,1,0,regular,care_cleaning,primary
120,2026,5,미소,1318000,18,1,0,regular,care_cleaning,primary
121,2024,6,생각대로,1506000,25,1,0,regular,delivery_transport,primary
121,2024,7,생각대로,1869000,25,1,0,regular,delivery_transport,primary
121,2024,8,생각대로,1949000,25,1,0,regular,delivery_transport,primary
121,2024,9,생각대로,1694000,22,1,1,regular,delivery_transport,primary
121,2024,10,생각대로,1822000,23,1,0,regular,delivery_transport,primary
121,2024,11,생각대로,1391000,22,1,0,regular,delivery_transport,primary
121,2024,12,생각대로,1842000,24,1,1,regular,delivery_transport,primary
121,2025,1,생각대로,1439000,25,1,1,regular,delivery_transport,primary
121,2025,2,생각대로,1579000,25,1,1,regular,delivery_transport,primary
121,2025,3,생각대로,2160000,27,1,0,regular,delivery_transport,primary
121,2025,4,생각대로,1683000,29,1,0,regular,delivery_transport,primary
121,2025,5,생각대로,1829000,30,1,0,regular,delivery_transport,primary
121,2025,6,생각대로,1402000,21,1,0,regular,delivery_transport,primary
121,2025,7,생각대로,1809000,29,1,0,regular,delivery_transport,primary
121,2025,8,생각대로,1683000,27,1,0,regular,delivery_transport,primary
121,2025,9,생각대로,1603000,27,1,1,regular,delivery_transport,primary
121,2025,10,생각대로,1682000,23,1,0,regular,delivery_transport,primary
121,2025,11,생각대로,1680000,23,1,0,regular,delivery_transport,primary
121,2025,12,생각대로,2000000,33,1,1,regular,delivery_transport,primary
121,2026,1,생각대로,1709000,29,1,1,regular,delivery_transport,primary
121,2026,2,생각대로,1535000,19,1,1,regular,delivery_transport,primary
121,2026,3,생각대로,1678000,27,1,0,regular,delivery_transport,primary
121,2026,4,생각대로,1396000,23,1,0,regular,delivery_transport,primary
121,2026,5,생각대로,1412000,20,1,0,regular,delivery_transport,primary
122,2024,6,유튜브,668000,6,1,0,irregular,creative,primary
122,2024,7,유튜브,1684000,14,2,0,irregular,creative,primary
122,2024,8,유튜브,438000,4,1,0,irregular,creative,primary
122,2024,9,유튜브,1529000,13,2,1,irregular,creative,primary
122,2024,10,유튜브,361000,3,1,0,irregular,creative,primary
122,2024,11,유튜브,2704000,22,2,0,irregular,creative,primary
122,2024,12,유튜브,3833000,23,2,1,irregular,creative,primary
122,2025,1,유튜브,9000000,26,2,1,irregular,creative,primary
122,2025,2,유튜브,2614000,25,2,1,irregular,creative,primary
122,2025,3,유튜브,817000,8,1,0,irregular,creative,primary
122,2025,4,유튜브,705000,6,1,0,irregular,creative,primary
122,2025,5,유튜브,1907000,14,2,0,irregular,creative,primary
122,2025,6,유튜브,0,0,0,0,irregular,creative,primary
122,2025,7,유튜브,3507000,28,2,0,irregular,creative,primary
122,2025,8,유튜브,2709000,23,2,0,irregular,creative,primary
122,2025,9,유튜브,0,0,0,1,irregular,creative,primary
122,2025,10,유튜브,0,0,0,0,irregular,creative,primary
122,2025,11,유튜브,0,0,0,0,irregular,creative,primary
122,2025,12,유튜브,1792000,13,2,1,irregular,creative,primary
122,2026,1,유튜브,2781000,23,2,1,irregular,creative,primary
122,2026,2,유튜브,5451000,23,2,1,irregular,creative,primary
122,2026,3,유튜브,7710000,25,2,0,irregular,creative,primary
122,2026,4,유튜브,1152000,8,2,0,irregular,creative,primary
122,2026,5,유튜브,917000,9,2,0,irregular,creative,primary
123,2024,6,크몽,2226000,7,1,0,irregular,professional,occasional
123,2024,7,크몽,339000,2,1,0,irregular,professional,occasional
123,2024,8,크몽,381000,3,1,0,irregular,professional,occasional
123,2024,9,크몽,649000,5,1,1,irregular,professional,occasional
123,2024,10,크몽,1159000,8,1,0,irregular,professional,occasional
123,2024,11,크몽,1775000,8,1,0,irregular,professional,occasional
123,2024,12,크몽,2882000,8,1,1,irregular,professional,occasional
123,2025,1,크몽,1182000,7,1,1,irregular,professional,occasional
123,2025,2,크몽,1568000,7,1,1,irregular,professional,occasional
123,2025,3,크몽,2814000,8,1,0,irregular,professional,occasional
123,2025,4,크몽,473000,3,1,0,irregular,professional,occasional
123,2025,5,크몽,3039000,7,1,0,irregular,professional,occasional
123,2025,6,크몽,4154000,8,1,0,irregular,professional,occasional
123,2025,7,크몽,1658000,8,1,0,irregular,professional,occasional
123,2025,8,크몽,735000,5,1,0,irregular,professional,occasional
123,2025,9,크몽,0,0,0,1,irregular,professional,occasional
123,2025,10,크몽,0,0,0,0,irregular,professional,occasional
123,2025,11,크몽,627000,5,1,0,irregular,professional,occasional
123,2025,12,크몽,0,0,0,1,irregular,professional,occasional
123,2026,1,크몽,671000,4,1,1,irregular,professional,occasional
123,2026,2,크몽,1094000,7,1,1,irregular,professional,occasional
123,2026,3,크몽,713000,5,1,0,irregular,professional,occasional
123,2026,4,크몽,1011000,6,1,0,irregular,professional,occasional
123,2026,5,크몽,587000,4,1,0,irregular,professional,occasional
124,2024,6,카카오T대리,2765000,20,1,0,regular,delivery_transport,primary
124,2024,7,카카오T대리,3287000,28,1,0,regular,delivery_transport,primary
124,2024,8,카카오T대리,2514000,19,1,0,regular,delivery_transport,primary
124,2024,9,카카오T대리,2322000,15,1,1,regular,delivery_transport,primary
124,2024,10,카카오T대리,2662000,23,1,0,regular,delivery_transport,primary
124,2024,11,카카오T대리,3050000,22,1,0,regular,delivery_transport,primary
124,2024,12,카카오T대리,2436000,21,1,1,regular,delivery_transport,primary
124,2025,1,카카오T대리,3245000,24,1,1,regular,delivery_transport,primary
124,2025,2,카카오T대리,2847000,22,1,1,regular,delivery_transport,primary
124,2025,3,카카오T대리,2438000,19,1,0,regular,delivery_transport,primary
124,2025,4,카카오T대리,2553000,22,1,0,regular,delivery_transport,primary
124,2025,5,카카오T대리,3402000,28,1,0,regular,delivery_transport,primary
124,2025,6,카카오T대리,2513000,21,1,0,regular,delivery_transport,primary
124,2025,7,카카오T대리,3142000,26,1,0,regular,delivery_transport,primary
124,2025,8,카카오T대리,3006000,22,1,0,regular,delivery_transport,primary
124,2025,9,카카오T대리,2431000,20,1,1,regular,delivery_transport,primary
124,2025,10,카카오T대리,2360000,19,1,0,regular,delivery_transport,primary
124,2025,11,카카오T대리,2713000,20,1,0,regular,delivery_transport,primary
124,2025,12,카카오T대리,3408000,24,1,1,regular,delivery_transport,primary
124,2026,1,카카오T대리,3306000,23,1,1,regular,delivery_transport,primary
124,2026,2,카카오T대리,2584000,18,1,1,regular,delivery_transport,primary
124,2026,3,카카오T대리,2872000,25,1,0,regular,delivery_transport,primary
124,2026,4,카카오T대리,3657000,26,1,0,regular,delivery_transport,primary
124,2026,5,카카오T대리,2887000,22,1,0,regular,delivery_transport,primary
125,2024,6,당근알바,396000,10,3,0,regular,care_cleaning,occasional
125,2024,7,당근알바,565000,12,3,0,regular,care_cleaning,occasional
125,2024,8,당근알바,513000,10,3,0,regular,care_cleaning,occasional
125,2024,9,당근알바,463000,10,3,1,regular,care_cleaning,occasional
125,2024,10,당근알바,366000,10,3,0,regular,care_cleaning,occasional
125,2024,11,당근알바,405000,10,3,0,regular,care_cleaning,occasional
125,2024,12,당근알바,466000,11,3,1,regular,care_cleaning,occasional
125,2025,1,당근알바,326000,8,3,1,regular,care_cleaning,occasional
125,2025,2,당근알바,291000,7,3,1,regular,care_cleaning,occasional
125,2025,3,당근알바,467000,9,3,0,regular,care_cleaning,occasional
125,2025,4,당근알바,443000,10,3,0,regular,care_cleaning,occasional
125,2025,5,당근알바,400000,8,3,0,regular,care_cleaning,occasional
125,2025,6,당근알바,439000,11,3,0,regular,care_cleaning,occasional
125,2025,7,당근알바,432000,9,3,0,regular,care_cleaning,occasional
125,2025,8,당근알바,410000,8,3,0,regular,care_cleaning,occasional
125,2025,9,당근알바,404000,10,3,1,regular,care_cleaning,occasional
125,2025,10,당근알바,394000,8,3,0,regular,care_cleaning,occasional
125,2025,11,당근알바,499000,12,3,0,regular,care_cleaning,occasional
125,2025,12,당근알바,501000,13,3,1,regular,care_cleaning,occasional
125,2026,1,당근알바,457000,10,3,1,regular,care_cleaning,occasional
125,2026,2,당근알바,346000,8,3,1,regular,care_cleaning,occasional
125,2026,3,당근알바,359000,9,3,0,regular,care_cleaning,occasional
125,2026,4,당근알바,468000,12,3,0,regular,care_cleaning,occasional
125,2026,5,당근알바,512000,11,3,0,regular,care_cleaning,occasional
126,2024,6,요기요,3573000,26,1,0,regular,delivery_transport,primary
126,2024,7,요기요,3149000,19,1,0,regular,delivery_transport,primary
126,2024,8,요기요,3284000,19,1,0,regular,delivery_transport,primary
126,2024,9,요기요,2734000,16,1,1,regular,delivery_transport,primary
126,2024,10,요기요,3450000,26,1,0,regular,delivery_transport,primary
126,2024,11,요기요,3405000,19,1,0,regular,delivery_transport,primary
126,2024,12,요기요,2888000,18,1,1,regular,delivery_transport,primary
126,2025,1,요기요,3565000,21,1,1,regular,delivery_transport,primary
126,2025,2,요기요,3130000,21,1,1,regular,delivery_transport,primary
126,2025,3,요기요,3242000,22,1,0,regular,delivery_transport,primary
126,2025,4,요기요,3451000,22,1,0,regular,delivery_transport,primary
126,2025,5,요기요,3466000,20,1,0,regular,delivery_transport,primary
126,2025,6,요기요,2683000,17,1,0,regular,delivery_transport,primary
126,2025,7,요기요,3410000,22,1,0,regular,delivery_transport,primary
126,2025,8,요기요,3071000,20,1,0,regular,delivery_transport,primary
126,2025,9,요기요,4095000,29,1,1,regular,delivery_transport,primary
126,2025,10,요기요,3600000,24,1,0,regular,delivery_transport,primary
126,2025,11,요기요,2382000,14,1,0,regular,delivery_transport,primary
126,2025,12,요기요,3561000,24,1,1,regular,delivery_transport,primary
126,2026,1,요기요,3400000,21,1,1,regular,delivery_transport,primary
126,2026,2,요기요,3089000,18,1,1,regular,delivery_transport,primary
126,2026,3,요기요,3729000,24,1,0,regular,delivery_transport,primary
126,2026,4,요기요,3292000,25,1,0,regular,delivery_transport,primary
126,2026,5,요기요,3394000,20,1,0,regular,delivery_transport,primary
127,2024,6,크몽,465000,7,1,0,irregular,professional,occasional
127,2024,7,크몽,1532000,11,1,0,irregular,professional,occasional
127,2024,8,크몽,868000,12,1,0,irregular,professional,occasional
127,2024,9,크몽,0,0,0,1,irregular,professional,occasional
127,2024,10,크몽,261000,3,1,0,irregular,professional,occasional
127,2024,11,크몽,174000,2,1,0,irregular,professional,occasional
127,2024,12,크몽,506000,6,1,1,irregular,professional,occasional
127,2025,1,크몽,477000,7,1,1,irregular,professional,occasional
127,2025,2,크몽,2181000,13,1,1,irregular,professional,occasional
127,2025,3,크몽,187000,2,1,0,irregular,professional,occasional
127,2025,4,크몽,363000,5,1,0,irregular,professional,occasional
127,2025,5,크몽,183000,2,1,0,irregular,professional,occasional
127,2025,6,크몽,1750000,13,1,0,irregular,professional,occasional
127,2025,7,크몽,1633000,14,1,0,irregular,professional,occasional
127,2025,8,크몽,2222000,12,1,0,irregular,professional,occasional
127,2025,9,크몽,557000,7,1,1,irregular,professional,occasional
127,2025,10,크몽,677000,8,1,0,irregular,professional,occasional
127,2025,11,크몽,2514000,14,1,0,irregular,professional,occasional
127,2025,12,크몽,0,0,0,1,irregular,professional,occasional
127,2026,1,크몽,0,0,0,1,irregular,professional,occasional
127,2026,2,크몽,1413000,14,1,1,irregular,professional,occasional
127,2026,3,크몽,1101000,15,1,0,irregular,professional,occasional
127,2026,4,크몽,574000,8,1,0,irregular,professional,occasional
127,2026,5,크몽,485000,5,1,0,irregular,professional,occasional
128,2024,6,로지올,2714000,23,1,0,regular,delivery_transport,primary
128,2024,7,로지올,2622000,24,1,0,regular,delivery_transport,primary
128,2024,8,로지올,2903000,28,1,0,regular,delivery_transport,primary
128,2024,9,로지올,2424000,27,1,1,regular,delivery_transport,primary
128,2024,10,로지올,2868000,25,1,0,regular,delivery_transport,primary
128,2024,11,로지올,2357000,26,1,0,regular,delivery_transport,primary
128,2024,12,로지올,2107000,17,1,1,regular,delivery_transport,primary
128,2025,1,로지올,2449000,25,1,1,regular,delivery_transport,primary
128,2025,2,로지올,2866000,27,1,1,regular,delivery_transport,primary
128,2025,3,로지올,2577000,28,1,0,regular,delivery_transport,primary
128,2025,4,로지올,2669000,30,1,0,regular,delivery_transport,primary
128,2025,5,로지올,2587000,24,1,0,regular,delivery_transport,primary
128,2025,6,로지올,2262000,24,1,0,regular,delivery_transport,primary
128,2025,7,로지올,2683000,23,1,0,regular,delivery_transport,primary
128,2025,8,로지올,2766000,26,1,0,regular,delivery_transport,primary
128,2025,9,로지올,2433000,25,1,1,regular,delivery_transport,primary
128,2025,10,로지올,2746000,27,1,0,regular,delivery_transport,primary
128,2025,11,로지올,2890000,25,1,0,regular,delivery_transport,primary
128,2025,12,로지올,2741000,28,1,1,regular,delivery_transport,primary
128,2026,1,로지올,2697000,29,1,1,regular,delivery_transport,primary
128,2026,2,로지올,2786000,26,1,1,regular,delivery_transport,primary
128,2026,3,로지올,2602000,28,1,0,regular,delivery_transport,primary
128,2026,4,로지올,2743000,31,1,0,regular,delivery_transport,primary
128,2026,5,로지올,2715000,30,1,0,regular,delivery_transport,primary
129,2024,6,크몽,3333000,27,2,0,regular,professional,primary
129,2024,7,크몽,3584000,28,2,0,regular,professional,primary
129,2024,8,크몽,3472000,25,2,0,regular,professional,primary
129,2024,9,크몽,3129000,20,2,1,regular,professional,primary
129,2024,10,크몽,3284000,24,2,0,regular,professional,primary
129,2024,11,크몽,3676000,25,2,0,regular,professional,primary
129,2024,12,크몽,3678000,30,2,1,regular,professional,primary
129,2025,1,크몽,3258000,26,2,1,regular,professional,primary
129,2025,2,크몽,3267000,27,2,1,regular,professional,primary
129,2025,3,크몽,3935000,28,2,0,regular,professional,primary
129,2025,4,크몽,3489000,29,2,0,regular,professional,primary
129,2025,5,크몽,3583000,27,2,0,regular,professional,primary
129,2025,6,크몽,3866000,32,2,0,regular,professional,primary
129,2025,7,크몽,3951000,29,2,0,regular,professional,primary
129,2025,8,크몽,3640000,28,2,0,regular,professional,primary
129,2025,9,크몽,3524000,26,2,1,regular,professional,primary
129,2025,10,크몽,3240000,27,2,0,regular,professional,primary
129,2025,11,크몽,4020000,31,2,0,regular,professional,primary
129,2025,12,크몽,3662000,25,2,1,regular,professional,primary
129,2026,1,크몽,4210000,32,2,1,regular,professional,primary
129,2026,2,크몽,3511000,24,2,1,regular,professional,primary
129,2026,3,크몽,3455000,27,2,0,regular,professional,primary
129,2026,4,크몽,3620000,26,2,0,regular,professional,primary
129,2026,5,크몽,4166000,34,2,0,regular,professional,primary
130,2024,6,에이모,1312000,33,2,0,irregular,simple_computer,primary
130,2024,7,에이모,1332000,27,2,0,irregular,simple_computer,primary
130,2024,8,에이모,0,0,0,0,irregular,simple_computer,primary
130,2024,9,에이모,609000,15,2,1,irregular,simple_computer,primary
130,2024,10,에이모,303000,7,1,0,irregular,simple_computer,primary
130,2024,11,에이모,0,0,0,0,irregular,simple_computer,primary
130,2024,12,에이모,921000,25,2,1,irregular,simple_computer,primary
130,2025,1,에이모,1439000,26,2,1,irregular,simple_computer,primary
130,2025,2,에이모,0,0,0,1,irregular,simple_computer,primary
130,2025,3,에이모,1254000,34,2,0,irregular,simple_computer,primary
130,2025,4,에이모,4089000,27,2,0,irregular,simple_computer,primary
130,2025,5,에이모,3008000,29,2,0,irregular,simple_computer,primary
130,2025,6,에이모,882000,21,2,0,irregular,simple_computer,primary
130,2025,7,에이모,1985000,29,2,0,irregular,simple_computer,primary
130,2025,8,에이모,2328000,33,2,0,irregular,simple_computer,primary
130,2025,9,에이모,783000,18,2,1,irregular,simple_computer,primary
130,2025,10,에이모,477000,13,2,0,irregular,simple_computer,primary
130,2025,11,에이모,864000,20,2,0,irregular,simple_computer,primary
130,2025,12,에이모,1090000,28,2,1,irregular,simple_computer,primary
130,2026,1,에이모,449000,14,2,1,irregular,simple_computer,primary
130,2026,2,에이모,1652000,33,2,1,irregular,simple_computer,primary
130,2026,3,에이모,2348000,31,2,0,irregular,simple_computer,primary
130,2026,4,에이모,1594000,26,2,0,irregular,simple_computer,primary
130,2026,5,에이모,1401000,26,2,0,irregular,simple_computer,primary
131,2024,6,생각대로,913000,9,1,0,irregular,delivery_transport,secondary
131,2024,7,생각대로,568000,5,1,0,irregular,delivery_transport,secondary
131,2024,8,생각대로,325000,3,1,0,irregular,delivery_transport,secondary
131,2024,9,생각대로,700000,7,1,1,irregular,delivery_transport,secondary
131,2024,10,생각대로,772000,7,1,0,irregular,delivery_transport,secondary
131,2024,11,생각대로,545000,6,1,0,irregular,delivery_transport,secondary
131,2024,12,생각대로,489000,5,1,1,irregular,delivery_transport,secondary
131,2025,1,생각대로,0,0,0,1,irregular,delivery_transport,secondary
131,2025,2,생각대로,596000,5,1,1,irregular,delivery_transport,secondary
131,2025,3,생각대로,794000,8,1,0,irregular,delivery_transport,secondary
131,2025,4,생각대로,602000,6,1,0,irregular,delivery_transport,secondary
131,2025,5,생각대로,533000,5,1,0,irregular,delivery_transport,secondary
131,2025,6,생각대로,672000,7,1,0,irregular,delivery_transport,secondary
131,2025,7,생각대로,1203000,13,1,0,irregular,delivery_transport,secondary
131,2025,8,생각대로,545000,6,1,0,irregular,delivery_transport,secondary
131,2025,9,생각대로,0,0,0,1,irregular,delivery_transport,secondary
131,2025,10,생각대로,375000,4,1,0,irregular,delivery_transport,secondary
131,2025,11,생각대로,442000,4,1,0,irregular,delivery_transport,secondary
131,2025,12,생각대로,335000,3,1,1,irregular,delivery_transport,secondary
131,2026,1,생각대로,348000,3,1,1,irregular,delivery_transport,secondary
131,2026,2,생각대로,378000,4,1,1,irregular,delivery_transport,secondary
131,2026,3,생각대로,1202000,13,1,0,irregular,delivery_transport,secondary
131,2026,4,생각대로,582000,5,1,0,irregular,delivery_transport,secondary
131,2026,5,생각대로,1095000,10,1,0,irregular,delivery_transport,secondary
132,2024,6,에이모,0,0,0,0,irregular,simple_computer,primary
132,2024,7,에이모,0,0,0,0,irregular,simple_computer,primary
132,2024,8,에이모,0,0,0,0,irregular,simple_computer,primary
132,2024,9,에이모,0,0,0,1,irregular,simple_computer,primary
132,2024,10,에이모,0,0,0,0,irregular,simple_computer,primary
132,2024,11,에이모,616000,8,1,0,irregular,simple_computer,primary
132,2024,12,에이모,809000,10,2,1,irregular,simple_computer,primary
132,2025,1,에이모,136000,1,1,1,irregular,simple_computer,primary
132,2025,2,에이모,2483000,26,2,1,irregular,simple_computer,primary
132,2025,3,에이모,624000,6,1,0,irregular,simple_computer,primary
132,2025,4,에이모,1667000,19,2,0,irregular,simple_computer,primary
132,2025,5,에이모,326000,4,1,0,irregular,simple_computer,primary
132,2025,6,에이모,1273000,16,2,0,irregular,simple_computer,primary
132,2025,7,에이모,0,0,0,0,irregular,simple_computer,primary
132,2025,8,에이모,2102000,27,2,0,irregular,simple_computer,primary
132,2025,9,에이모,926000,12,2,1,irregular,simple_computer,primary
132,2025,10,에이모,1289000,16,2,0,irregular,simple_computer,primary
132,2025,11,에이모,2069000,23,2,0,irregular,simple_computer,primary
132,2025,12,에이모,827000,9,2,1,irregular,simple_computer,primary
132,2026,1,에이모,0,0,0,1,irregular,simple_computer,primary
132,2026,2,에이모,0,0,0,1,irregular,simple_computer,primary
132,2026,3,에이모,224000,3,1,0,irregular,simple_computer,primary
132,2026,4,에이모,540000,7,1,0,irregular,simple_computer,primary
132,2026,5,에이모,0,0,0,0,irregular,simple_computer,primary
133,2024,6,클래스101,1587000,21,1,0,irregular,creative,primary
133,2024,7,클래스101,0,0,0,0,irregular,creative,primary
133,2024,8,클래스101,0,0,0,0,irregular,creative,primary
133,2024,9,클래스101,1243000,14,1,1,irregular,creative,primary
133,2024,10,클래스101,1784000,19,1,0,irregular,creative,primary
133,2024,11,클래스101,1838000,22,1,0,irregular,creative,primary
133,2024,12,클래스101,1361000,14,1,1,irregular,creative,primary
133,2025,1,클래스101,661000,9,1,1,irregular,creative,primary
133,2025,2,클래스101,0,0,0,1,irregular,creative,primary
133,2025,3,클래스101,3991000,32,1,0,irregular,creative,primary
133,2025,4,클래스101,2862000,29,1,0,irregular,creative,primary
133,2025,5,클래스101,2621000,24,1,0,irregular,creative,primary
133,2025,6,클래스101,6217000,24,1,0,irregular,creative,primary
133,2025,7,클래스101,4093000,27,1,0,irregular,creative,primary
133,2025,8,클래스101,1503000,15,1,0,irregular,creative,primary
133,2025,9,클래스101,4709000,27,1,1,irregular,creative,primary
133,2025,10,클래스101,1284000,14,1,0,irregular,creative,primary
133,2025,11,클래스101,2755000,27,1,0,irregular,creative,primary
133,2025,12,클래스101,2665000,29,1,1,irregular,creative,primary
133,2026,1,클래스101,3079000,29,1,1,irregular,creative,primary
133,2026,2,클래스101,0,0,0,1,irregular,creative,primary
133,2026,3,클래스101,0,0,0,0,irregular,creative,primary
133,2026,4,클래스101,531000,5,1,0,irregular,creative,primary
133,2026,5,클래스101,0,0,0,0,irregular,creative,primary
134,2024,6,카카오T대리,979000,6,2,0,seasonal,delivery_transport,occasional
134,2024,7,카카오T대리,1119000,7,2,0,seasonal,delivery_transport,occasional
134,2024,8,카카오T대리,1093000,8,2,0,seasonal,delivery_transport,occasional
134,2024,9,카카오T대리,1452000,9,2,1,seasonal,delivery_transport,occasional
134,2024,10,카카오T대리,1169000,7,2,0,seasonal,delivery_transport,occasional
134,2024,11,카카오T대리,1770000,8,2,0,seasonal,delivery_transport,occasional
134,2024,12,카카오T대리,1643000,9,2,1,seasonal,delivery_transport,occasional
134,2025,1,카카오T대리,753000,5,2,1,seasonal,delivery_transport,occasional
134,2025,2,카카오T대리,801000,5,2,1,seasonal,delivery_transport,occasional
134,2025,3,카카오T대리,867000,5,2,0,seasonal,delivery_transport,occasional
134,2025,4,카카오T대리,1164000,7,2,0,seasonal,delivery_transport,occasional
134,2025,5,카카오T대리,947000,5,2,0,seasonal,delivery_transport,occasional
134,2025,6,카카오T대리,1262000,7,2,0,seasonal,delivery_transport,occasional
134,2025,7,카카오T대리,829000,5,2,0,seasonal,delivery_transport,occasional
134,2025,8,카카오T대리,1057000,6,2,0,seasonal,delivery_transport,occasional
134,2025,9,카카오T대리,700000,4,2,1,seasonal,delivery_transport,occasional
134,2025,10,카카오T대리,1027000,7,2,0,seasonal,delivery_transport,occasional
134,2025,11,카카오T대리,1368000,8,2,0,seasonal,delivery_transport,occasional
134,2025,12,카카오T대리,1340000,8,2,1,seasonal,delivery_transport,occasional
134,2026,1,카카오T대리,1067000,6,2,1,seasonal,delivery_transport,occasional
134,2026,2,카카오T대리,999000,7,2,1,seasonal,delivery_transport,occasional
134,2026,3,카카오T대리,854000,6,2,0,seasonal,delivery_transport,occasional
134,2026,4,카카오T대리,1383000,8,2,0,seasonal,delivery_transport,occasional
134,2026,5,카카오T대리,732000,5,2,0,seasonal,delivery_transport,occasional
135,2024,6,요기요,2903000,17,2,0,irregular,delivery_transport,primary
135,2024,7,요기요,2193000,15,2,0,irregular,delivery_transport,primary
135,2024,8,요기요,2513000,18,2,0,irregular,delivery_transport,primary
135,2024,9,요기요,4555000,25,2,1,irregular,delivery_transport,primary
135,2024,10,요기요,2719000,15,2,0,irregular,delivery_transport,primary
135,2024,11,요기요,4902000,30,2,0,irregular,delivery_transport,primary
135,2024,12,요기요,6834000,27,2,1,irregular,delivery_transport,primary
135,2025,1,요기요,7088000,32,2,1,irregular,delivery_transport,primary
135,2025,2,요기요,3537000,25,2,1,irregular,delivery_transport,primary
135,2025,3,요기요,0,0,0,0,irregular,delivery_transport,primary
135,2025,4,요기요,2897000,22,2,0,irregular,delivery_transport,primary
135,2025,5,요기요,2489000,15,2,0,irregular,delivery_transport,primary
135,2025,6,요기요,3003000,18,2,0,irregular,delivery_transport,primary
135,2025,7,요기요,3497000,20,2,0,irregular,delivery_transport,primary
135,2025,8,요기요,3545000,23,2,0,irregular,delivery_transport,primary
135,2025,9,요기요,2688000,19,2,1,irregular,delivery_transport,primary
135,2025,10,요기요,0,0,0,0,irregular,delivery_transport,primary
135,2025,11,요기요,2356000,15,2,0,irregular,delivery_transport,primary
135,2025,12,요기요,0,0,0,1,irregular,delivery_transport,primary
135,2026,1,요기요,0,0,0,1,irregular,delivery_transport,primary
135,2026,2,요기요,3448000,26,2,1,irregular,delivery_transport,primary
135,2026,3,요기요,2553000,17,2,0,irregular,delivery_transport,primary
135,2026,4,요기요,2303000,13,2,0,irregular,delivery_transport,primary
135,2026,5,요기요,0,0,0,0,irregular,delivery_transport,primary
136,2024,6,클래스101,0,0,0,0,irregular,creative,secondary
136,2024,7,클래스101,171000,2,1,0,irregular,creative,secondary
136,2024,8,클래스101,869000,10,1,0,irregular,creative,secondary
136,2024,9,클래스101,2868000,15,1,1,irregular,creative,secondary
136,2024,10,클래스101,995000,10,1,0,irregular,creative,secondary
136,2024,11,클래스101,1492000,15,1,0,irregular,creative,secondary
136,2024,12,클래스101,1504000,12,1,1,irregular,creative,secondary
136,2025,1,클래스101,6639000,15,1,1,irregular,creative,secondary
136,2025,2,클래스101,6192000,13,1,1,irregular,creative,secondary
136,2025,3,클래스101,4514000,13,1,0,irregular,creative,secondary
136,2025,4,클래스101,3078000,15,1,0,irregular,creative,secondary
136,2025,5,클래스101,0,0,0,0,irregular,creative,secondary
136,2025,6,클래스101,1777000,14,1,0,irregular,creative,secondary
136,2025,7,클래스101,1056000,13,1,0,irregular,creative,secondary
136,2025,8,클래스101,837000,10,1,0,irregular,creative,secondary
136,2025,9,클래스101,1716000,13,1,1,irregular,creative,secondary
136,2025,10,클래스101,555000,6,1,0,irregular,creative,secondary
136,2025,11,클래스101,734000,8,1,0,irregular,creative,secondary
136,2025,12,클래스101,1174000,12,1,1,irregular,creative,secondary
136,2026,1,클래스101,477000,6,1,1,irregular,creative,secondary
136,2026,2,클래스101,0,0,0,1,irregular,creative,secondary
136,2026,3,클래스101,2886000,15,1,0,irregular,creative,secondary
136,2026,4,클래스101,6260000,12,1,0,irregular,creative,secondary
136,2026,5,클래스101,3123000,14,1,0,irregular,creative,secondary
137,2024,6,요기요,1096000,9,1,0,seasonal,delivery_transport,secondary
137,2024,7,요기요,1418000,12,1,0,seasonal,delivery_transport,secondary
137,2024,8,요기요,1383000,12,1,0,seasonal,delivery_transport,secondary
137,2024,9,요기요,1263000,10,1,1,seasonal,delivery_transport,secondary
137,2024,10,요기요,1397000,12,1,0,seasonal,delivery_transport,secondary
137,2024,11,요기요,1361000,10,1,0,seasonal,delivery_transport,secondary
137,2024,12,요기요,1684000,14,1,1,seasonal,delivery_transport,secondary
137,2025,1,요기요,1323000,9,1,1,seasonal,delivery_transport,secondary
137,2025,2,요기요,919000,7,1,1,seasonal,delivery_transport,secondary
137,2025,3,요기요,1299000,10,1,0,seasonal,delivery_transport,secondary
137,2025,4,요기요,1166000,9,1,0,seasonal,delivery_transport,secondary
137,2025,5,요기요,1431000,13,1,0,seasonal,delivery_transport,secondary
137,2025,6,요기요,1253000,11,1,0,seasonal,delivery_transport,secondary
137,2025,7,요기요,1319000,10,1,0,seasonal,delivery_transport,secondary
137,2025,8,요기요,1115000,10,1,0,seasonal,delivery_transport,secondary
137,2025,9,요기요,1137000,9,1,1,seasonal,delivery_transport,secondary
137,2025,10,요기요,1284000,11,1,0,seasonal,delivery_transport,secondary
137,2025,11,요기요,1321000,10,1,0,seasonal,delivery_transport,secondary
137,2025,12,요기요,1371000,11,1,1,seasonal,delivery_transport,secondary
137,2026,1,요기요,1134000,9,1,1,seasonal,delivery_transport,secondary
137,2026,2,요기요,1101000,8,1,1,seasonal,delivery_transport,secondary
137,2026,3,요기요,1143000,9,1,0,seasonal,delivery_transport,secondary
137,2026,4,요기요,957000,8,1,0,seasonal,delivery_transport,secondary
137,2026,5,요기요,1179000,9,1,0,seasonal,delivery_transport,secondary
138,2024,6,생각대로,638000,10,1,0,seasonal,delivery_transport,occasional
138,2024,7,생각대로,581000,8,1,0,seasonal,delivery_transport,occasional
138,2024,8,생각대로,643000,9,1,0,seasonal,delivery_transport,occasional
138,2024,9,생각대로,527000,7,1,1,seasonal,delivery_transport,occasional
138,2024,10,생각대로,571000,9,1,0,seasonal,delivery_transport,occasional
138,2024,11,생각대로,562000,8,1,0,seasonal,delivery_transport,occasional
138,2024,12,생각대로,586000,9,1,1,seasonal,delivery_transport,occasional
138,2025,1,생각대로,527000,9,1,1,seasonal,delivery_transport,occasional
138,2025,2,생각대로,550000,7,1,1,seasonal,delivery_transport,occasional
138,2025,3,생각대로,645000,9,1,0,seasonal,delivery_transport,occasional
138,2025,4,생각대로,531000,6,1,0,seasonal,delivery_transport,occasional
138,2025,5,생각대로,605000,9,1,0,seasonal,delivery_transport,occasional
138,2025,6,생각대로,582000,7,1,0,seasonal,delivery_transport,occasional
138,2025,7,생각대로,580000,8,1,0,seasonal,delivery_transport,occasional
138,2025,8,생각대로,570000,7,1,0,seasonal,delivery_transport,occasional
138,2025,9,생각대로,457000,6,1,1,seasonal,delivery_transport,occasional
138,2025,10,생각대로,535000,7,1,0,seasonal,delivery_transport,occasional
138,2025,11,생각대로,646000,8,1,0,seasonal,delivery_transport,occasional
138,2025,12,생각대로,543000,7,1,1,seasonal,delivery_transport,occasional
138,2026,1,생각대로,569000,9,1,1,seasonal,delivery_transport,occasional
138,2026,2,생각대로,624000,9,1,1,seasonal,delivery_transport,occasional
138,2026,3,생각대로,734000,12,1,0,seasonal,delivery_transport,occasional
138,2026,4,생각대로,639000,9,1,0,seasonal,delivery_transport,occasional
138,2026,5,생각대로,614000,10,1,0,seasonal,delivery_transport,occasional
139,2024,6,셀렉트스타,502000,11,1,0,irregular,simple_computer,secondary
139,2024,7,셀렉트스타,558000,9,1,0,irregular,simple_computer,secondary
139,2024,8,셀렉트스타,500000,10,1,0,irregular,simple_computer,secondary
139,2024,9,셀렉트스타,555000,11,1,1,irregular,simple_computer,secondary
139,2024,10,셀렉트스타,2103000,24,1,0,irregular,simple_computer,secondary
139,2024,11,셀렉트스타,258000,4,1,0,irregular,simple_computer,secondary
139,2024,12,셀렉트스타,0,0,0,1,irregular,simple_computer,secondary
139,2025,1,셀렉트스타,0,0,0,1,irregular,simple_computer,secondary
139,2025,2,셀렉트스타,0,0,0,1,irregular,simple_computer,secondary
139,2025,3,셀렉트스타,0,0,0,0,irregular,simple_computer,secondary
139,2025,4,셀렉트스타,803000,18,1,0,irregular,simple_computer,secondary
139,2025,5,셀렉트스타,0,0,0,0,irregular,simple_computer,secondary
139,2025,6,셀렉트스타,285000,5,1,0,irregular,simple_computer,secondary
139,2025,7,셀렉트스타,744000,13,1,0,irregular,simple_computer,secondary
139,2025,8,셀렉트스타,984000,21,1,0,irregular,simple_computer,secondary
139,2025,9,셀렉트스타,0,0,0,1,irregular,simple_computer,secondary
139,2025,10,셀렉트스타,1376000,20,1,0,irregular,simple_computer,secondary
139,2025,11,셀렉트스타,710000,15,1,0,irregular,simple_computer,secondary
139,2025,12,셀렉트스타,1898000,21,1,1,irregular,simple_computer,secondary
139,2026,1,셀렉트스타,1975000,25,1,1,irregular,simple_computer,secondary
139,2026,2,셀렉트스타,594000,13,1,1,irregular,simple_computer,secondary
139,2026,3,셀렉트스타,1251000,22,1,0,irregular,simple_computer,secondary
139,2026,4,셀렉트스타,942000,16,1,0,irregular,simple_computer,secondary
139,2026,5,셀렉트스타,0,0,0,0,irregular,simple_computer,secondary
140,2024,6,요기요,3542000,22,1,0,irregular,delivery_transport,primary
140,2024,7,요기요,4041000,27,1,0,irregular,delivery_transport,primary
140,2024,8,요기요,4635000,27,1,0,irregular,delivery_transport,primary
140,2024,9,요기요,5025000,26,1,1,irregular,delivery_transport,primary
140,2024,10,요기요,4155000,27,1,0,irregular,delivery_transport,primary
140,2024,11,요기요,3276000,19,1,0,irregular,delivery_transport,primary
140,2024,12,요기요,0,0,0,1,irregular,delivery_transport,primary
140,2025,1,요기요,0,0,0,1,irregular,delivery_transport,primary
140,2025,2,요기요,3730000,22,1,1,irregular,delivery_transport,primary
140,2025,3,요기요,0,0,0,0,irregular,delivery_transport,primary
140,2025,4,요기요,3250000,21,1,0,irregular,delivery_transport,primary
140,2025,5,요기요,4454000,28,1,0,irregular,delivery_transport,primary
140,2025,6,요기요,3538000,21,1,0,irregular,delivery_transport,primary
140,2025,7,요기요,0,0,0,0,irregular,delivery_transport,primary
140,2025,8,요기요,4269000,27,1,0,irregular,delivery_transport,primary
140,2025,9,요기요,9000000,26,1,1,irregular,delivery_transport,primary
140,2025,10,요기요,6806000,25,1,0,irregular,delivery_transport,primary
140,2025,11,요기요,4510000,25,1,0,irregular,delivery_transport,primary
140,2025,12,요기요,4951000,32,1,1,irregular,delivery_transport,primary
140,2026,1,요기요,3363000,18,1,1,irregular,delivery_transport,primary
140,2026,2,요기요,4699000,23,1,1,irregular,delivery_transport,primary
140,2026,3,요기요,8756000,26,1,0,irregular,delivery_transport,primary
140,2026,4,요기요,6038000,30,1,0,irregular,delivery_transport,primary
140,2026,5,요기요,0,0,0,0,irregular,delivery_transport,primary
141,2024,6,위시켓,3279000,27,1,0,irregular,it_service,primary
141,2024,7,위시켓,2227000,20,1,0,irregular,it_service,primary
141,2024,8,위시켓,6079000,32,1,0,irregular,it_service,primary
141,2024,9,위시켓,2109000,18,1,1,irregular,it_service,primary
141,2024,10,위시켓,2708000,26,1,0,irregular,it_service,primary
141,2024,11,위시켓,5753000,28,1,0,irregular,it_service,primary
141,2024,12,위시켓,0,0,0,1,irregular,it_service,primary
141,2025,1,위시켓,2628000,24,1,1,irregular,it_service,primary
141,2025,2,위시켓,8463000,29,1,1,irregular,it_service,primary
141,2025,3,위시켓,1265000,11,1,0,irregular,it_service,primary
141,2025,4,위시켓,2515000,25,1,0,irregular,it_service,primary
141,2025,5,위시켓,3766000,30,1,0,irregular,it_service,primary
141,2025,6,위시켓,6729000,26,1,0,irregular,it_service,primary
141,2025,7,위시켓,9000000,25,1,0,irregular,it_service,primary
141,2025,8,위시켓,5333000,29,1,0,irregular,it_service,primary
141,2025,9,위시켓,1987000,17,1,1,irregular,it_service,primary
141,2025,10,위시켓,1611000,16,1,0,irregular,it_service,primary
141,2025,11,위시켓,0,0,0,0,irregular,it_service,primary
141,2025,12,위시켓,979000,9,1,1,irregular,it_service,primary
141,2026,1,위시켓,5773000,29,1,1,irregular,it_service,primary
141,2026,2,위시켓,6352000,27,1,1,irregular,it_service,primary
141,2026,3,위시켓,304000,3,1,0,irregular,it_service,primary
141,2026,4,위시켓,6314000,26,1,0,irregular,it_service,primary
141,2026,5,위시켓,0,0,0,0,irregular,it_service,primary
142,2024,6,미소,1162000,32,1,0,regular,care_cleaning,primary
142,2024,7,미소,1210000,26,1,0,regular,care_cleaning,primary
142,2024,8,미소,1146000,24,1,0,regular,care_cleaning,primary
142,2024,9,미소,962000,22,1,1,regular,care_cleaning,primary
142,2024,10,미소,1145000,27,1,0,regular,care_cleaning,primary
142,2024,11,미소,842000,23,1,0,regular,care_cleaning,primary
142,2024,12,미소,1290000,32,1,1,regular,care_cleaning,primary
142,2025,1,미소,1033000,23,1,1,regular,care_cleaning,primary
142,2025,2,미소,1215000,26,1,1,regular,care_cleaning,primary
142,2025,3,미소,1229000,31,1,0,regular,care_cleaning,primary
142,2025,4,미소,1215000,30,1,0,regular,care_cleaning,primary
142,2025,5,미소,1239000,28,1,0,regular,care_cleaning,primary
142,2025,6,미소,1058000,26,1,0,regular,care_cleaning,primary
142,2025,7,미소,1118000,31,1,0,regular,care_cleaning,primary
142,2025,8,미소,978000,24,1,0,regular,care_cleaning,primary
142,2025,9,미소,1259000,32,1,1,regular,care_cleaning,primary
142,2025,10,미소,1206000,33,1,0,regular,care_cleaning,primary
142,2025,11,미소,935000,23,1,0,regular,care_cleaning,primary
142,2025,12,미소,1216000,25,1,1,regular,care_cleaning,primary
142,2026,1,미소,994000,25,1,1,regular,care_cleaning,primary
142,2026,2,미소,988000,27,1,1,regular,care_cleaning,primary
142,2026,3,미소,1049000,25,1,0,regular,care_cleaning,primary
142,2026,4,미소,1141000,31,1,0,regular,care_cleaning,primary
142,2026,5,미소,1005000,24,1,0,regular,care_cleaning,primary
143,2024,6,배달의민족,1956000,17,1,0,regular,delivery_transport,primary
143,2024,7,배달의민족,1969000,19,1,0,regular,delivery_transport,primary
143,2024,8,배달의민족,1922000,19,1,0,regular,delivery_transport,primary
143,2024,9,배달의민족,2121000,24,1,1,regular,delivery_transport,primary
143,2024,10,배달의민족,2478000,24,1,0,regular,delivery_transport,primary
143,2024,11,배달의민족,2038000,20,1,0,regular,delivery_transport,primary
143,2024,12,배달의민족,1727000,16,1,1,regular,delivery_transport,primary
143,2025,1,배달의민족,1840000,19,1,1,regular,delivery_transport,primary
143,2025,2,배달의민족,1768000,19,1,1,regular,delivery_transport,primary
143,2025,3,배달의민족,1854000,18,1,0,regular,delivery_transport,primary
143,2025,4,배달의민족,1920000,18,1,0,regular,delivery_transport,primary
143,2025,5,배달의민족,2682000,27,1,0,regular,delivery_transport,primary
143,2025,6,배달의민족,3041000,25,1,0,regular,delivery_transport,primary
143,2025,7,배달의민족,2462000,22,1,0,regular,delivery_transport,primary
143,2025,8,배달의민족,2212000,20,1,0,regular,delivery_transport,primary
143,2025,9,배달의민족,1932000,19,1,1,regular,delivery_transport,primary
143,2025,10,배달의민족,2457000,28,1,0,regular,delivery_transport,primary
143,2025,11,배달의민족,2075000,24,1,0,regular,delivery_transport,primary
143,2025,12,배달의민족,2847000,26,1,1,regular,delivery_transport,primary
143,2026,1,배달의민족,1363000,14,1,1,regular,delivery_transport,primary
143,2026,2,배달의민족,1881000,18,1,1,regular,delivery_transport,primary
143,2026,3,배달의민족,1881000,21,1,0,regular,delivery_transport,primary
143,2026,4,배달의민족,3054000,25,1,0,regular,delivery_transport,primary
143,2026,5,배달의민족,2216000,26,1,0,regular,delivery_transport,primary
144,2024,6,청소연구소,928000,18,1,0,irregular,care_cleaning,primary
144,2024,7,청소연구소,835000,16,1,0,irregular,care_cleaning,primary
144,2024,8,청소연구소,889000,17,1,0,irregular,care_cleaning,primary
144,2024,9,청소연구소,968000,17,1,1,irregular,care_cleaning,primary
144,2024,10,청소연구소,1071000,21,1,0,irregular,care_cleaning,primary
144,2024,11,청소연구소,3409000,28,1,0,irregular,care_cleaning,primary
144,2024,12,청소연구소,2192000,28,1,1,irregular,care_cleaning,primary
144,2025,1,청소연구소,1754000,32,1,1,irregular,care_cleaning,primary
144,2025,2,청소연구소,0,0,0,1,irregular,care_cleaning,primary
144,2025,3,청소연구소,896000,18,1,0,irregular,care_cleaning,primary
144,2025,4,청소연구소,1021000,20,1,0,irregular,care_cleaning,primary
144,2025,5,청소연구소,1210000,19,1,0,irregular,care_cleaning,primary
144,2025,6,청소연구소,2092000,27,1,0,irregular,care_cleaning,primary
144,2025,7,청소연구소,4382000,28,1,0,irregular,care_cleaning,primary
144,2025,8,청소연구소,3522000,34,1,0,irregular,care_cleaning,primary
144,2025,9,청소연구소,2907000,31,1,1,irregular,care_cleaning,primary
144,2025,10,청소연구소,5092000,28,1,0,irregular,care_cleaning,primary
144,2025,11,청소연구소,1941000,27,1,0,irregular,care_cleaning,primary
144,2025,12,청소연구소,1967000,30,1,1,irregular,care_cleaning,primary
144,2026,1,청소연구소,0,0,0,1,irregular,care_cleaning,primary
144,2026,2,청소연구소,5558000,26,1,1,irregular,care_cleaning,primary
144,2026,3,청소연구소,2879000,26,1,0,irregular,care_cleaning,primary
144,2026,4,청소연구소,3799000,31,1,0,irregular,care_cleaning,primary
144,2026,5,청소연구소,2406000,32,1,0,irregular,care_cleaning,primary
145,2024,6,바로고,248000,5,3,0,regular,delivery_transport,occasional
145,2024,7,바로고,268000,5,3,0,regular,delivery_transport,occasional
145,2024,8,바로고,313000,6,3,0,regular,delivery_transport,occasional
145,2024,9,바로고,373000,7,3,1,regular,delivery_transport,occasional
145,2024,10,바로고,350000,8,3,0,regular,delivery_transport,occasional
145,2024,11,바로고,299000,5,3,0,regular,delivery_transport,occasional
145,2024,12,바로고,379000,8,3,1,regular,delivery_transport,occasional
145,2025,1,바로고,275000,6,3,1,regular,delivery_transport,occasional
145,2025,2,바로고,266000,5,3,1,regular,delivery_transport,occasional
145,2025,3,바로고,309000,5,3,0,regular,delivery_transport,occasional
145,2025,4,바로고,305000,6,3,0,regular,delivery_transport,occasional
145,2025,5,바로고,272000,6,3,0,regular,delivery_transport,occasional
145,2025,6,바로고,346000,7,3,0,regular,delivery_transport,occasional
145,2025,7,바로고,303000,7,3,0,regular,delivery_transport,occasional
145,2025,8,바로고,348000,7,3,0,regular,delivery_transport,occasional
145,2025,9,바로고,356000,6,3,1,regular,delivery_transport,occasional
145,2025,10,바로고,308000,7,3,0,regular,delivery_transport,occasional
145,2025,11,바로고,324000,6,3,0,regular,delivery_transport,occasional
145,2025,12,바로고,334000,6,3,1,regular,delivery_transport,occasional
145,2026,1,바로고,266000,5,3,1,regular,delivery_transport,occasional
145,2026,2,바로고,348000,6,3,1,regular,delivery_transport,occasional
145,2026,3,바로고,351000,7,3,0,regular,delivery_transport,occasional
145,2026,4,바로고,316000,7,3,0,regular,delivery_transport,occasional
145,2026,5,바로고,367000,8,3,0,regular,delivery_transport,occasional
146,2024,6,바로고,552000,11,1,0,regular,delivery_transport,occasional
146,2024,7,바로고,543000,9,1,0,regular,delivery_transport,occasional
146,2024,8,바로고,617000,11,1,0,regular,delivery_transport,occasional
146,2024,9,바로고,556000,8,1,1,regular,delivery_transport,occasional
146,2024,10,바로고,566000,9,1,0,regular,delivery_transport,occasional
146,2024,11,바로고,533000,10,1,0,regular,delivery_transport,occasional
146,2024,12,바로고,669000,12,1,1,regular,delivery_transport,occasional
146,2025,1,바로고,595000,9,1,1,regular,delivery_transport,occasional
146,2025,2,바로고,555000,10,1,1,regular,delivery_transport,occasional
146,2025,3,바로고,598000,9,1,0,regular,delivery_transport,occasional
146,2025,4,바로고,605000,11,1,0,regular,delivery_transport,occasional
146,2025,5,바로고,527000,9,1,0,regular,delivery_transport,occasional
146,2025,6,바로고,560000,9,1,0,regular,delivery_transport,occasional
146,2025,7,바로고,562000,11,1,0,regular,delivery_transport,occasional
146,2025,8,바로고,585000,10,1,0,regular,delivery_transport,occasional
146,2025,9,바로고,559000,9,1,1,regular,delivery_transport,occasional
146,2025,10,바로고,516000,9,1,0,regular,delivery_transport,occasional
146,2025,11,바로고,531000,8,1,0,regular,delivery_transport,occasional
146,2025,12,바로고,615000,10,1,1,regular,delivery_transport,occasional
146,2026,1,바로고,615000,10,1,1,regular,delivery_transport,occasional
146,2026,2,바로고,577000,11,1,1,regular,delivery_transport,occasional
146,2026,3,바로고,579000,11,1,0,regular,delivery_transport,occasional
146,2026,4,바로고,504000,9,1,0,regular,delivery_transport,occasional
146,2026,5,바로고,568000,10,1,0,regular,delivery_transport,occasional
147,2024,6,바로고,1868000,18,2,0,regular,delivery_transport,primary
147,2024,7,바로고,1684000,17,2,0,regular,delivery_transport,primary
147,2024,8,바로고,2012000,17,2,0,regular,delivery_transport,primary
147,2024,9,바로고,2140000,22,2,1,regular,delivery_transport,primary
147,2024,10,바로고,2163000,22,2,0,regular,delivery_transport,primary
147,2024,11,바로고,2202000,19,2,0,regular,delivery_transport,primary
147,2024,12,바로고,2529000,26,2,1,regular,delivery_transport,primary
147,2025,1,바로고,1627000,17,2,1,regular,delivery_transport,primary
147,2025,2,바로고,1653000,16,2,1,regular,delivery_transport,primary
147,2025,3,바로고,1981000,17,2,0,regular,delivery_transport,primary
147,2025,4,바로고,2130000,24,2,0,regular,delivery_transport,primary
147,2025,5,바로고,2320000,24,2,0,regular,delivery_transport,primary
147,2025,6,바로고,2117000,24,2,0,regular,delivery_transport,primary
147,2025,7,바로고,2616000,27,2,0,regular,delivery_transport,primary
147,2025,8,바로고,2741000,26,2,0,regular,delivery_transport,primary
147,2025,9,바로고,2793000,29,2,1,regular,delivery_transport,primary
147,2025,10,바로고,2438000,24,2,0,regular,delivery_transport,primary
147,2025,11,바로고,2757000,28,2,0,regular,delivery_transport,primary
147,2025,12,바로고,2176000,18,2,1,regular,delivery_transport,primary
147,2026,1,바로고,2076000,21,2,1,regular,delivery_transport,primary
147,2026,2,바로고,1891000,20,2,1,regular,delivery_transport,primary
147,2026,3,바로고,2414000,22,2,0,regular,delivery_transport,primary
147,2026,4,바로고,2086000,21,2,0,regular,delivery_transport,primary
147,2026,5,바로고,2436000,22,2,0,regular,delivery_transport,primary
148,2024,6,프리모아,2780000,22,2,0,regular,it_service,primary
148,2024,7,프리모아,2494000,21,2,0,regular,it_service,primary
148,2024,8,프리모아,2908000,25,2,0,regular,it_service,primary
148,2024,9,프리모아,3375000,26,2,1,regular,it_service,primary
148,2024,10,프리모아,2830000,23,2,0,regular,it_service,primary
148,2024,11,프리모아,3028000,21,2,0,regular,it_service,primary
148,2024,12,프리모아,2585000,16,2,1,regular,it_service,primary
148,2025,1,프리모아,2920000,21,2,1,regular,it_service,primary
148,2025,2,프리모아,3470000,25,2,1,regular,it_service,primary
148,2025,3,프리모아,3240000,24,2,0,regular,it_service,primary
148,2025,4,프리모아,2805000,24,2,0,regular,it_service,primary
148,2025,5,프리모아,2761000,24,2,0,regular,it_service,primary
148,2025,6,프리모아,2874000,18,2,0,regular,it_service,primary
148,2025,7,프리모아,2814000,18,2,0,regular,it_service,primary
148,2025,8,프리모아,2733000,19,2,0,regular,it_service,primary
148,2025,9,프리모아,3046000,26,2,1,regular,it_service,primary
148,2025,10,프리모아,2976000,20,2,0,regular,it_service,primary
148,2025,11,프리모아,2638000,17,2,0,regular,it_service,primary
148,2025,12,프리모아,3157000,22,2,1,regular,it_service,primary
148,2026,1,프리모아,2699000,18,2,1,regular,it_service,primary
148,2026,2,프리모아,2226000,14,2,1,regular,it_service,primary
148,2026,3,프리모아,2589000,19,2,0,regular,it_service,primary
148,2026,4,프리모아,2378000,18,2,0,regular,it_service,primary
148,2026,5,프리모아,2635000,18,2,0,regular,it_service,primary
149,2024,6,쿠팡플렉스,3252000,18,1,0,seasonal,delivery_transport,primary
149,2024,7,쿠팡플렉스,4125000,24,1,0,seasonal,delivery_transport,primary
149,2024,8,쿠팡플렉스,3821000,22,1,0,seasonal,delivery_transport,primary
149,2024,9,쿠팡플렉스,2938000,17,1,1,seasonal,delivery_transport,primary
149,2024,10,쿠팡플렉스,2836000,18,1,0,seasonal,delivery_transport,primary
149,2024,11,쿠팡플렉스,3169000,17,1,0,seasonal,delivery_transport,primary
149,2024,12,쿠팡플렉스,5003000,28,1,1,seasonal,delivery_transport,primary
149,2025,1,쿠팡플렉스,2617000,17,1,1,seasonal,delivery_transport,primary
149,2025,2,쿠팡플렉스,3040000,18,1,1,seasonal,delivery_transport,primary
149,2025,3,쿠팡플렉스,3861000,22,1,0,seasonal,delivery_transport,primary
149,2025,4,쿠팡플렉스,3274000,19,1,0,seasonal,delivery_transport,primary
149,2025,5,쿠팡플렉스,3459000,23,1,0,seasonal,delivery_transport,primary
149,2025,6,쿠팡플렉스,3585000,22,1,0,seasonal,delivery_transport,primary
149,2025,7,쿠팡플렉스,3484000,24,1,0,seasonal,delivery_transport,primary
149,2025,8,쿠팡플렉스,4384000,28,1,0,seasonal,delivery_transport,primary
149,2025,9,쿠팡플렉스,3971000,23,1,1,seasonal,delivery_transport,primary
149,2025,10,쿠팡플렉스,2932000,17,1,0,seasonal,delivery_transport,primary
149,2025,11,쿠팡플렉스,3554000,25,1,0,seasonal,delivery_transport,primary
149,2025,12,쿠팡플렉스,3949000,24,1,1,seasonal,delivery_transport,primary
149,2026,1,쿠팡플렉스,3106000,19,1,1,seasonal,delivery_transport,primary
149,2026,2,쿠팡플렉스,2842000,15,1,1,seasonal,delivery_transport,primary
149,2026,3,쿠팡플렉스,3565000,25,1,0,seasonal,delivery_transport,primary
149,2026,4,쿠팡플렉스,4122000,29,1,0,seasonal,delivery_transport,primary
149,2026,5,쿠팡플렉스,3493000,25,1,0,seasonal,delivery_transport,primary
150,2024,6,요기요,1954000,18,1,0,regular,delivery_transport,primary
150,2024,7,요기요,2031000,24,1,0,regular,delivery_transport,primary
150,2024,8,요기요,1920000,18,1,0,regular,delivery_transport,primary
150,2024,9,요기요,1511000,15,1,1,regular,delivery_transport,primary
150,2024,10,요기요,1581000,14,1,0,regular,delivery_transport,primary
150,2024,11,요기요,1906000,18,1,0,regular,delivery_transport,primary
150,2024,12,요기요,1652000,16,1,1,regular,delivery_transport,primary
150,2025,1,요기요,1762000,16,1,1,regular,delivery_transport,primary
150,2025,2,요기요,1649000,18,1,1,regular,delivery_transport,primary
150,2025,3,요기요,1803000,17,1,0,regular,delivery_transport,primary
150,2025,4,요기요,1757000,15,1,0,regular,delivery_transport,primary
150,2025,5,요기요,1899000,20,1,0,regular,delivery_transport,primary
150,2025,6,요기요,1680000,18,1,0,regular,delivery_transport,primary
150,2025,7,요기요,2329000,25,1,0,regular,delivery_transport,primary
150,2025,8,요기요,2850000,28,1,0,regular,delivery_transport,primary
150,2025,9,요기요,2181000,23,1,1,regular,delivery_transport,primary
150,2025,10,요기요,2689000,21,1,0,regular,delivery_transport,primary
150,2025,11,요기요,2290000,24,1,0,regular,delivery_transport,primary
150,2025,12,요기요,2133000,23,1,1,regular,delivery_transport,primary
150,2026,1,요기요,2406000,22,1,1,regular,delivery_transport,primary
150,2026,2,요기요,1932000,18,1,1,regular,delivery_transport,primary
150,2026,3,요기요,2106000,24,1,0,regular,delivery_transport,primary
150,2026,4,요기요,2455000,28,1,0,regular,delivery_transport,primary
150,2026,5,요기요,1858000,17,1,0,regular,delivery_transport,primary
151,2024,6,미소,422000,5,2,0,regular,care_cleaning,occasional
151,2024,7,미소,464000,5,2,0,regular,care_cleaning,occasional
151,2024,8,미소,514000,6,2,0,regular,care_cleaning,occasional
151,2024,9,미소,409000,5,2,1,regular,care_cleaning,occasional
151,2024,10,미소,553000,7,2,0,regular,care_cleaning,occasional
151,2024,11,미소,362000,4,2,0,regular,care_cleaning,occasional
151,2024,12,미소,634000,7,2,1,regular,care_cleaning,occasional
151,2025,1,미소,389000,5,2,1,regular,care_cleaning,occasional
151,2025,2,미소,440000,6,2,1,regular,care_cleaning,occasional
151,2025,3,미소,500000,6,2,0,regular,care_cleaning,occasional
151,2025,4,미소,478000,7,2,0,regular,care_cleaning,occasional
151,2025,5,미소,421000,6,2,0,regular,care_cleaning,occasional
151,2025,6,미소,523000,7,2,0,regular,care_cleaning,occasional
151,2025,7,미소,453000,6,2,0,regular,care_cleaning,occasional
151,2025,8,미소,602000,7,2,0,regular,care_cleaning,occasional
151,2025,9,미소,408000,5,2,1,regular,care_cleaning,occasional
151,2025,10,미소,449000,7,2,0,regular,care_cleaning,occasional
151,2025,11,미소,620000,7,2,0,regular,care_cleaning,occasional
151,2025,12,미소,566000,7,2,1,regular,care_cleaning,occasional
151,2026,1,미소,379000,5,2,1,regular,care_cleaning,occasional
151,2026,2,미소,392000,5,2,1,regular,care_cleaning,occasional
151,2026,3,미소,409000,5,2,0,regular,care_cleaning,occasional
151,2026,4,미소,561000,7,2,0,regular,care_cleaning,occasional
151,2026,5,미소,407000,6,2,0,regular,care_cleaning,occasional
152,2024,6,카카오T대리,2925000,27,2,0,regular,delivery_transport,primary
152,2024,7,카카오T대리,2310000,24,2,0,regular,delivery_transport,primary
152,2024,8,카카오T대리,2172000,19,2,0,regular,delivery_transport,primary
152,2024,9,카카오T대리,2243000,26,2,1,regular,delivery_transport,primary
152,2024,10,카카오T대리,2665000,29,2,0,regular,delivery_transport,primary
152,2024,11,카카오T대리,1552000,16,2,0,regular,delivery_transport,primary
152,2024,12,카카오T대리,2004000,17,2,1,regular,delivery_transport,primary
152,2025,1,카카오T대리,2184000,23,2,1,regular,delivery_transport,primary
152,2025,2,카카오T대리,2112000,22,2,1,regular,delivery_transport,primary
152,2025,3,카카오T대리,1985000,18,2,0,regular,delivery_transport,primary
152,2025,4,카카오T대리,2139000,24,2,0,regular,delivery_transport,primary
152,2025,5,카카오T대리,2265000,21,2,0,regular,delivery_transport,primary
152,2025,6,카카오T대리,1871000,21,2,0,regular,delivery_transport,primary
152,2025,7,카카오T대리,2441000,24,2,0,regular,delivery_transport,primary
152,2025,8,카카오T대리,2131000,24,2,0,regular,delivery_transport,primary
152,2025,9,카카오T대리,2087000,20,2,1,regular,delivery_transport,primary
152,2025,10,카카오T대리,1908000,16,2,0,regular,delivery_transport,primary
152,2025,11,카카오T대리,2633000,28,2,0,regular,delivery_transport,primary
152,2025,12,카카오T대리,2340000,22,2,1,regular,delivery_transport,primary
152,2026,1,카카오T대리,2346000,25,2,1,regular,delivery_transport,primary
152,2026,2,카카오T대리,1870000,17,2,1,regular,delivery_transport,primary
152,2026,3,카카오T대리,2240000,23,2,0,regular,delivery_transport,primary
152,2026,4,카카오T대리,2623000,28,2,0,regular,delivery_transport,primary
152,2026,5,카카오T대리,1916000,18,2,0,regular,delivery_transport,primary
153,2024,6,숨고,1347000,12,1,0,irregular,professional,occasional
153,2024,7,숨고,1537000,9,1,0,irregular,professional,occasional
153,2024,8,숨고,964000,10,1,0,irregular,professional,occasional
153,2024,9,숨고,283000,4,1,1,irregular,professional,occasional
153,2024,10,숨고,397000,6,1,0,irregular,professional,occasional
153,2024,11,숨고,494000,7,1,0,irregular,professional,occasional
153,2024,12,숨고,138000,2,1,1,irregular,professional,occasional
153,2025,1,숨고,0,0,0,1,irregular,professional,occasional
153,2025,2,숨고,343000,4,1,1,irregular,professional,occasional
153,2025,3,숨고,151000,2,1,0,irregular,professional,occasional
153,2025,4,숨고,171000,3,1,0,irregular,professional,occasional
153,2025,5,숨고,794000,10,1,0,irregular,professional,occasional
153,2025,6,숨고,557000,9,1,0,irregular,professional,occasional
153,2025,7,숨고,110000,2,1,0,irregular,professional,occasional
153,2025,8,숨고,370000,5,1,0,irregular,professional,occasional
153,2025,9,숨고,0,0,0,1,irregular,professional,occasional
153,2025,10,숨고,2061000,11,1,0,irregular,professional,occasional
153,2025,11,숨고,441000,5,1,0,irregular,professional,occasional
153,2025,12,숨고,177000,2,1,1,irregular,professional,occasional
153,2026,1,숨고,199000,2,1,1,irregular,professional,occasional
153,2026,2,숨고,421000,6,1,1,irregular,professional,occasional
153,2026,3,숨고,247000,4,1,0,irregular,professional,occasional
153,2026,4,숨고,0,0,0,0,irregular,professional,occasional
153,2026,5,숨고,408000,6,1,0,irregular,professional,occasional
154,2024,6,배달의민족,1375000,17,1,0,seasonal,delivery_transport,secondary
154,2024,7,배달의민족,1758000,18,1,0,seasonal,delivery_transport,secondary
154,2024,8,배달의민족,1490000,15,1,0,seasonal,delivery_transport,secondary
154,2024,9,배달의민족,1239000,15,1,1,seasonal,delivery_transport,secondary
154,2024,10,배달의민족,1174000,14,1,0,seasonal,delivery_transport,secondary
154,2024,11,배달의민족,1362000,17,1,0,seasonal,delivery_transport,secondary
154,2024,12,배달의민족,1082000,11,1,1,seasonal,delivery_transport,secondary
154,2025,1,배달의민족,1682000,22,1,1,seasonal,delivery_transport,secondary
154,2025,2,배달의민족,1133000,16,1,1,seasonal,delivery_transport,secondary
154,2025,3,배달의민족,1276000,14,1,0,seasonal,delivery_transport,secondary
154,2025,4,배달의민족,1083000,13,1,0,seasonal,delivery_transport,secondary
154,2025,5,배달의민족,872000,10,1,0,seasonal,delivery_transport,secondary
154,2025,6,배달의민족,1433000,18,1,0,seasonal,delivery_transport,secondary
154,2025,7,배달의민족,1720000,23,1,0,seasonal,delivery_transport,secondary
154,2025,8,배달의민족,1697000,21,1,0,seasonal,delivery_transport,secondary
154,2025,9,배달의민족,1087000,12,1,1,seasonal,delivery_transport,secondary
154,2025,10,배달의민족,1191000,16,1,0,seasonal,delivery_transport,secondary
154,2025,11,배달의민족,1640000,20,1,0,seasonal,delivery_transport,secondary
154,2025,12,배달의민족,1311000,15,1,1,seasonal,delivery_transport,secondary
154,2026,1,배달의민족,1456000,15,1,1,seasonal,delivery_transport,secondary
154,2026,2,배달의민족,1515000,17,1,1,seasonal,delivery_transport,secondary
154,2026,3,배달의민족,1406000,17,1,0,seasonal,delivery_transport,secondary
154,2026,4,배달의민족,1313000,18,1,0,seasonal,delivery_transport,secondary
154,2026,5,배달의민족,1259000,15,1,0,seasonal,delivery_transport,secondary
155,2024,6,생각대로,1847000,18,1,0,regular,delivery_transport,primary
155,2024,7,생각대로,1592000,18,1,0,regular,delivery_transport,primary
155,2024,8,생각대로,1893000,23,1,0,regular,delivery_transport,primary
155,2024,9,생각대로,1592000,19,1,1,regular,delivery_transport,primary
155,2024,10,생각대로,1571000,20,1,0,regular,delivery_transport,primary
155,2024,11,생각대로,1285000,15,1,0,regular,delivery_transport,primary
155,2024,12,생각대로,1627000,20,1,1,regular,delivery_transport,primary
155,2025,1,생각대로,1877000,23,1,1,regular,delivery_transport,primary
155,2025,2,생각대로,1320000,16,1,1,regular,delivery_transport,primary
155,2025,3,생각대로,1950000,19,1,0,regular,delivery_transport,primary
155,2025,4,생각대로,1656000,17,1,0,regular,delivery_transport,primary
155,2025,5,생각대로,1369000,13,1,0,regular,delivery_transport,primary
155,2025,6,생각대로,1771000,22,1,0,regular,delivery_transport,primary
155,2025,7,생각대로,1566000,15,1,0,regular,delivery_transport,primary
155,2025,8,생각대로,1819000,21,1,0,regular,delivery_transport,primary
155,2025,9,생각대로,2019000,21,1,1,regular,delivery_transport,primary
155,2025,10,생각대로,1672000,21,1,0,regular,delivery_transport,primary
155,2025,11,생각대로,1853000,20,1,0,regular,delivery_transport,primary
155,2025,12,생각대로,1863000,22,1,1,regular,delivery_transport,primary
155,2026,1,생각대로,1734000,22,1,1,regular,delivery_transport,primary
155,2026,2,생각대로,2029000,23,1,1,regular,delivery_transport,primary
155,2026,3,생각대로,1730000,22,1,0,regular,delivery_transport,primary
155,2026,4,생각대로,1818000,22,1,0,regular,delivery_transport,primary
155,2026,5,생각대로,1810000,18,1,0,regular,delivery_transport,primary
156,2024,6,요기요,2271000,24,1,0,regular,delivery_transport,primary
156,2024,7,요기요,2440000,26,1,0,regular,delivery_transport,primary
156,2024,8,요기요,2425000,22,1,0,regular,delivery_transport,primary
156,2024,9,요기요,1832000,16,1,1,regular,delivery_transport,primary
156,2024,10,요기요,2143000,23,1,0,regular,delivery_transport,primary
156,2024,11,요기요,1828000,16,1,0,regular,delivery_transport,primary
156,2024,12,요기요,2087000,21,1,1,regular,delivery_transport,primary
156,2025,1,요기요,2101000,19,1,1,regular,delivery_transport,primary
156,2025,2,요기요,2397000,20,1,1,regular,delivery_transport,primary
156,2025,3,요기요,2747000,28,1,0,regular,delivery_transport,primary
156,2025,4,요기요,2206000,21,1,0,regular,delivery_transport,primary
156,2025,5,요기요,2170000,19,1,0,regular,delivery_transport,primary
156,2025,6,요기요,1865000,15,1,0,regular,delivery_transport,primary
156,2025,7,요기요,1908000,15,1,0,regular,delivery_transport,primary
156,2025,8,요기요,1562000,16,1,0,regular,delivery_transport,primary
156,2025,9,요기요,1941000,18,1,1,regular,delivery_transport,primary
156,2025,10,요기요,1875000,18,1,0,regular,delivery_transport,primary
156,2025,11,요기요,2673000,29,1,0,regular,delivery_transport,primary
156,2025,12,요기요,2034000,20,1,1,regular,delivery_transport,primary
156,2026,1,요기요,2069000,19,1,1,regular,delivery_transport,primary
156,2026,2,요기요,2541000,23,1,1,regular,delivery_transport,primary
156,2026,3,요기요,1782000,17,1,0,regular,delivery_transport,primary
156,2026,4,요기요,1858000,15,1,0,regular,delivery_transport,primary
156,2026,5,요기요,2132000,18,1,0,regular,delivery_transport,primary
157,2024,6,바로고,1176000,12,2,0,regular,delivery_transport,secondary
157,2024,7,바로고,1255000,12,2,0,regular,delivery_transport,secondary
157,2024,8,바로고,1461000,17,2,0,regular,delivery_transport,secondary
157,2024,9,바로고,1380000,16,2,1,regular,delivery_transport,secondary
157,2024,10,바로고,1395000,15,2,0,regular,delivery_transport,secondary
157,2024,11,바로고,1219000,11,2,0,regular,delivery_transport,secondary
157,2024,12,바로고,1497000,16,2,1,regular,delivery_transport,secondary
157,2025,1,바로고,1283000,12,2,1,regular,delivery_transport,secondary
157,2025,2,바로고,1143000,10,2,1,regular,delivery_transport,secondary
157,2025,3,바로고,1356000,16,2,0,regular,delivery_transport,secondary
157,2025,4,바로고,1296000,13,2,0,regular,delivery_transport,secondary
157,2025,5,바로고,1409000,15,2,0,regular,delivery_transport,secondary
157,2025,6,바로고,1283000,13,2,0,regular,delivery_transport,secondary
157,2025,7,바로고,1279000,15,2,0,regular,delivery_transport,secondary
157,2025,8,바로고,1325000,15,2,0,regular,delivery_transport,secondary
157,2025,9,바로고,1603000,16,2,1,regular,delivery_transport,secondary
157,2025,10,바로고,1372000,16,2,0,regular,delivery_transport,secondary
157,2025,11,바로고,1209000,11,2,0,regular,delivery_transport,secondary
157,2025,12,바로고,1624000,16,2,1,regular,delivery_transport,secondary
157,2026,1,바로고,1360000,15,2,1,regular,delivery_transport,secondary
157,2026,2,바로고,1621000,18,2,1,regular,delivery_transport,secondary
157,2026,3,바로고,1673000,18,2,0,regular,delivery_transport,secondary
157,2026,4,바로고,1508000,14,2,0,regular,delivery_transport,secondary
157,2026,5,바로고,1487000,16,2,0,regular,delivery_transport,secondary
158,2024,6,쿠팡이츠,601000,6,1,0,seasonal,delivery_transport,occasional
158,2024,7,쿠팡이츠,1078000,13,1,0,seasonal,delivery_transport,occasional
158,2024,8,쿠팡이츠,982000,10,1,0,seasonal,delivery_transport,occasional
158,2024,9,쿠팡이츠,905000,10,1,1,seasonal,delivery_transport,occasional
158,2024,10,쿠팡이츠,978000,12,1,0,seasonal,delivery_transport,occasional
158,2024,11,쿠팡이츠,934000,10,1,0,seasonal,delivery_transport,occasional
158,2024,12,쿠팡이츠,935000,9,1,1,seasonal,delivery_transport,occasional
158,2025,1,쿠팡이츠,727000,7,1,1,seasonal,delivery_transport,occasional
158,2025,2,쿠팡이츠,675000,7,1,1,seasonal,delivery_transport,occasional
158,2025,3,쿠팡이츠,873000,10,1,0,seasonal,delivery_transport,occasional
158,2025,4,쿠팡이츠,877000,11,1,0,seasonal,delivery_transport,occasional
158,2025,5,쿠팡이츠,1112000,11,1,0,seasonal,delivery_transport,occasional
158,2025,6,쿠팡이츠,708000,8,1,0,seasonal,delivery_transport,occasional
158,2025,7,쿠팡이츠,955000,12,1,0,seasonal,delivery_transport,occasional
158,2025,8,쿠팡이츠,823000,8,1,0,seasonal,delivery_transport,occasional
158,2025,9,쿠팡이츠,1028000,11,1,1,seasonal,delivery_transport,occasional
158,2025,10,쿠팡이츠,753000,8,1,0,seasonal,delivery_transport,occasional
158,2025,11,쿠팡이츠,952000,9,1,0,seasonal,delivery_transport,occasional
158,2025,12,쿠팡이츠,1020000,10,1,1,seasonal,delivery_transport,occasional
158,2026,1,쿠팡이츠,581000,7,1,1,seasonal,delivery_transport,occasional
158,2026,2,쿠팡이츠,762000,8,1,1,seasonal,delivery_transport,occasional
158,2026,3,쿠팡이츠,974000,11,1,0,seasonal,delivery_transport,occasional
158,2026,4,쿠팡이츠,981000,11,1,0,seasonal,delivery_transport,occasional
158,2026,5,쿠팡이츠,783000,9,1,0,seasonal,delivery_transport,occasional
159,2024,6,크몽,0,0,0,0,irregular,professional,secondary
159,2024,7,크몽,724000,10,1,0,irregular,professional,secondary
159,2024,8,크몽,1147000,20,1,0,irregular,professional,secondary
159,2024,9,크몽,900000,13,1,1,irregular,professional,secondary
159,2024,10,크몽,1517000,21,1,0,irregular,professional,secondary
159,2024,11,크몽,0,0,0,0,irregular,professional,secondary
159,2024,12,크몽,0,0,0,1,irregular,professional,secondary
159,2025,1,크몽,759000,12,1,1,irregular,professional,secondary
159,2025,2,크몽,632000,11,1,1,irregular,professional,secondary
159,2025,3,크몽,0,0,0,0,irregular,professional,secondary
159,2025,4,크몽,1978000,18,1,0,irregular,professional,secondary
159,2025,5,크몽,221000,3,1,0,irregular,professional,secondary
159,2025,6,크몽,1141000,17,1,0,irregular,professional,secondary
159,2025,7,크몽,533000,8,1,0,irregular,professional,secondary
159,2025,8,크몽,782000,13,1,0,irregular,professional,secondary
159,2025,9,크몽,702000,10,1,1,irregular,professional,secondary
159,2025,10,크몽,2334000,18,1,0,irregular,professional,secondary
159,2025,11,크몽,2027000,19,1,0,irregular,professional,secondary
159,2025,12,크몽,1199000,21,1,1,irregular,professional,secondary
159,2026,1,크몽,1371000,24,1,1,irregular,professional,secondary
159,2026,2,크몽,1008000,14,1,1,irregular,professional,secondary
159,2026,3,크몽,1252000,22,1,0,irregular,professional,secondary
159,2026,4,크몽,0,0,0,0,irregular,professional,secondary
159,2026,5,크몽,0,0,0,0,irregular,professional,secondary
160,2024,6,크라우드웍스,464000,18,1,0,irregular,simple_computer,secondary
160,2024,7,크라우드웍스,191000,7,1,0,irregular,simple_computer,secondary
160,2024,8,크라우드웍스,424000,16,1,0,irregular,simple_computer,secondary
160,2024,9,크라우드웍스,469000,18,1,1,irregular,simple_computer,secondary
160,2024,10,크라우드웍스,299000,9,1,0,irregular,simple_computer,secondary
160,2024,11,크라우드웍스,750000,21,1,0,irregular,simple_computer,secondary
160,2024,12,크라우드웍스,2169000,26,1,1,irregular,simple_computer,secondary
160,2025,1,크라우드웍스,1968000,19,1,1,irregular,simple_computer,secondary
160,2025,2,크라우드웍스,1295000,21,1,1,irregular,simple_computer,secondary
160,2025,3,크라우드웍스,1249000,20,1,0,irregular,simple_computer,secondary
160,2025,4,크라우드웍스,542000,19,1,0,irregular,simple_computer,secondary
160,2025,5,크라우드웍스,947000,23,1,0,irregular,simple_computer,secondary
160,2025,6,크라우드웍스,776000,24,1,0,irregular,simple_computer,secondary
160,2025,7,크라우드웍스,246000,8,1,0,irregular,simple_computer,secondary
160,2025,8,크라우드웍스,0,0,0,0,irregular,simple_computer,secondary
160,2025,9,크라우드웍스,0,0,0,1,irregular,simple_computer,secondary
160,2025,10,크라우드웍스,148000,5,1,0,irregular,simple_computer,secondary
160,2025,11,크라우드웍스,462000,19,1,0,irregular,simple_computer,secondary
160,2025,12,크라우드웍스,0,0,0,1,irregular,simple_computer,secondary
160,2026,1,크라우드웍스,315000,13,1,1,irregular,simple_computer,secondary
160,2026,2,크라우드웍스,524000,21,1,1,irregular,simple_computer,secondary
160,2026,3,크라우드웍스,852000,24,1,0,irregular,simple_computer,secondary
160,2026,4,크라우드웍스,0,0,0,0,irregular,simple_computer,secondary
160,2026,5,크라우드웍스,647000,26,1,0,irregular,simple_computer,secondary
161,2024,6,카카오모빌리티,2369000,20,2,0,seasonal,delivery_transport,primary
161,2024,7,카카오모빌리티,2471000,23,2,0,seasonal,delivery_transport,primary
161,2024,8,카카오모빌리티,2669000,29,2,0,seasonal,delivery_transport,primary
161,2024,9,카카오모빌리티,2152000,23,2,1,seasonal,delivery_transport,primary
161,2024,10,카카오모빌리티,2789000,27,2,0,seasonal,delivery_transport,primary
161,2024,11,카카오모빌리티,2363000,19,2,0,seasonal,delivery_transport,primary
161,2024,12,카카오모빌리티,3009000,30,2,1,seasonal,delivery_transport,primary
161,2025,1,카카오모빌리티,1683000,17,2,1,seasonal,delivery_transport,primary
161,2025,2,카카오모빌리티,1869000,20,2,1,seasonal,delivery_transport,primary
161,2025,3,카카오모빌리티,2122000,19,2,0,seasonal,delivery_transport,primary
161,2025,4,카카오모빌리티,2118000,23,2,0,seasonal,delivery_transport,primary
161,2025,5,카카오모빌리티,2009000,21,2,0,seasonal,delivery_transport,primary
161,2025,6,카카오모빌리티,2095000,21,2,0,seasonal,delivery_transport,primary
161,2025,7,카카오모빌리티,2194000,23,2,0,seasonal,delivery_transport,primary
161,2025,8,카카오모빌리티,2285000,23,2,0,seasonal,delivery_transport,primary
161,2025,9,카카오모빌리티,1708000,17,2,1,seasonal,delivery_transport,primary
161,2025,10,카카오모빌리티,1659000,16,2,0,seasonal,delivery_transport,primary
161,2025,11,카카오모빌리티,2357000,22,2,0,seasonal,delivery_transport,primary
161,2025,12,카카오모빌리티,2646000,28,2,1,seasonal,delivery_transport,primary
161,2026,1,카카오모빌리티,1608000,17,2,1,seasonal,delivery_transport,primary
161,2026,2,카카오모빌리티,1377000,15,2,1,seasonal,delivery_transport,primary
161,2026,3,카카오모빌리티,1806000,16,2,0,seasonal,delivery_transport,primary
161,2026,4,카카오모빌리티,1965000,19,2,0,seasonal,delivery_transport,primary
161,2026,5,카카오모빌리티,2203000,19,2,0,seasonal,delivery_transport,primary
162,2024,6,크몽,1205000,13,1,0,regular,professional,secondary
162,2024,7,크몽,1240000,13,1,0,regular,professional,secondary
162,2024,8,크몽,1244000,11,1,0,regular,professional,secondary
162,2024,9,크몽,1070000,9,1,1,regular,professional,secondary
162,2024,10,크몽,1034000,10,1,0,regular,professional,secondary
162,2024,11,크몽,952000,11,1,0,regular,professional,secondary
162,2024,12,크몽,1142000,11,1,1,regular,professional,secondary
162,2025,1,크몽,1170000,13,1,1,regular,professional,secondary
162,2025,2,크몽,1279000,14,1,1,regular,professional,secondary
162,2025,3,크몽,1229000,14,1,0,regular,professional,secondary
162,2025,4,크몽,990000,8,1,0,regular,professional,secondary
162,2025,5,크몽,1370000,14,1,0,regular,professional,secondary
162,2025,6,크몽,951000,10,1,0,regular,professional,secondary
162,2025,7,크몽,1026000,11,1,0,regular,professional,secondary
162,2025,8,크몽,1118000,13,1,0,regular,professional,secondary
162,2025,9,크몽,1040000,9,1,1,regular,professional,secondary
162,2025,10,크몽,838000,8,1,0,regular,professional,secondary
162,2025,11,크몽,1048000,10,1,0,regular,professional,secondary
162,2025,12,크몽,1172000,13,1,1,regular,professional,secondary
162,2026,1,크몽,1134000,12,1,1,regular,professional,secondary
162,2026,2,크몽,1045000,10,1,1,regular,professional,secondary
162,2026,3,크몽,1039000,9,1,0,regular,professional,secondary
162,2026,4,크몽,1446000,15,1,0,regular,professional,secondary
162,2026,5,크몽,1058000,12,1,0,regular,professional,secondary
163,2024,6,미소,871000,11,2,0,irregular,care_cleaning,primary
163,2024,7,미소,1179000,19,2,0,irregular,care_cleaning,primary
163,2024,8,미소,1636000,21,2,0,irregular,care_cleaning,primary
163,2024,9,미소,1310000,19,2,1,irregular,care_cleaning,primary
163,2024,10,미소,2160000,28,2,0,irregular,care_cleaning,primary
163,2024,11,미소,1496000,19,2,0,irregular,care_cleaning,primary
163,2024,12,미소,1721000,22,2,1,irregular,care_cleaning,primary
163,2025,1,미소,1935000,28,2,1,irregular,care_cleaning,primary
163,2025,2,미소,1168000,15,2,1,irregular,care_cleaning,primary
163,2025,3,미소,1212000,18,2,0,irregular,care_cleaning,primary
163,2025,4,미소,2975000,31,2,0,irregular,care_cleaning,primary
163,2025,5,미소,4365000,30,2,0,irregular,care_cleaning,primary
163,2025,6,미소,1490000,21,2,0,irregular,care_cleaning,primary
163,2025,7,미소,0,0,0,0,irregular,care_cleaning,primary
163,2025,8,미소,0,0,0,0,irregular,care_cleaning,primary
163,2025,9,미소,1314000,17,2,1,irregular,care_cleaning,primary
163,2025,10,미소,0,0,0,0,irregular,care_cleaning,primary
163,2025,11,미소,775000,10,2,0,irregular,care_cleaning,primary
163,2025,12,미소,636000,8,2,1,irregular,care_cleaning,primary
163,2026,1,미소,1201000,15,2,1,irregular,care_cleaning,primary
163,2026,2,미소,1260000,21,2,1,irregular,care_cleaning,primary
163,2026,3,미소,2193000,33,2,0,irregular,care_cleaning,primary
163,2026,4,미소,1424000,24,2,0,irregular,care_cleaning,primary
163,2026,5,미소,2570000,28,2,0,irregular,care_cleaning,primary
164,2024,6,크라우드웍스,505000,12,1,0,seasonal,simple_computer,occasional
164,2024,7,크라우드웍스,570000,12,1,0,seasonal,simple_computer,occasional
164,2024,8,크라우드웍스,520000,10,1,0,seasonal,simple_computer,occasional
164,2024,9,크라우드웍스,535000,10,1,1,seasonal,simple_computer,occasional
164,2024,10,크라우드웍스,531000,12,1,0,seasonal,simple_computer,occasional
164,2024,11,크라우드웍스,533000,11,1,0,seasonal,simple_computer,occasional
164,2024,12,크라우드웍스,577000,12,1,1,seasonal,simple_computer,occasional
164,2025,1,크라우드웍스,469000,10,1,1,seasonal,simple_computer,occasional
164,2025,2,크라우드웍스,503000,12,1,1,seasonal,simple_computer,occasional
164,2025,3,크라우드웍스,505000,9,1,0,seasonal,simple_computer,occasional
164,2025,4,크라우드웍스,536000,13,1,0,seasonal,simple_computer,occasional
164,2025,5,크라우드웍스,593000,11,1,0,seasonal,simple_computer,occasional
164,2025,6,크라우드웍스,604000,13,1,0,seasonal,simple_computer,occasional
164,2025,7,크라우드웍스,573000,11,1,0,seasonal,simple_computer,occasional
164,2025,8,크라우드웍스,599000,14,1,0,seasonal,simple_computer,occasional
164,2025,9,크라우드웍스,513000,9,1,1,seasonal,simple_computer,occasional
164,2025,10,크라우드웍스,441000,10,1,0,seasonal,simple_computer,occasional
164,2025,11,크라우드웍스,481000,10,1,0,seasonal,simple_computer,occasional
164,2025,12,크라우드웍스,569000,11,1,1,seasonal,simple_computer,occasional
164,2026,1,크라우드웍스,451000,11,1,1,seasonal,simple_computer,occasional
164,2026,2,크라우드웍스,475000,9,1,1,seasonal,simple_computer,occasional
164,2026,3,크라우드웍스,475000,11,1,0,seasonal,simple_computer,occasional
164,2026,4,크라우드웍스,563000,11,1,0,seasonal,simple_computer,occasional
164,2026,5,크라우드웍스,537000,10,1,0,seasonal,simple_computer,occasional
165,2024,6,쿠팡이츠,2614000,22,2,0,regular,delivery_transport,primary
165,2024,7,쿠팡이츠,2309000,21,2,0,regular,delivery_transport,primary
165,2024,8,쿠팡이츠,2219000,21,2,0,regular,delivery_transport,primary
165,2024,9,쿠팡이츠,1749000,15,2,1,regular,delivery_transport,primary
165,2024,10,쿠팡이츠,2109000,22,2,0,regular,delivery_transport,primary
165,2024,11,쿠팡이츠,2201000,18,2,0,regular,delivery_transport,primary
165,2024,12,쿠팡이츠,2825000,23,2,1,regular,delivery_transport,primary
165,2025,1,쿠팡이츠,1953000,17,2,1,regular,delivery_transport,primary
165,2025,2,쿠팡이츠,1933000,18,2,1,regular,delivery_transport,primary
165,2025,3,쿠팡이츠,1755000,14,2,0,regular,delivery_transport,primary
165,2025,4,쿠팡이츠,2200000,18,2,0,regular,delivery_transport,primary
165,2025,5,쿠팡이츠,2239000,22,2,0,regular,delivery_transport,primary
165,2025,6,쿠팡이츠,1626000,16,2,0,regular,delivery_transport,primary
165,2025,7,쿠팡이츠,2192000,20,2,0,regular,delivery_transport,primary
165,2025,8,쿠팡이츠,2364000,24,2,0,regular,delivery_transport,primary
165,2025,9,쿠팡이츠,2405000,21,2,1,regular,delivery_transport,primary
165,2025,10,쿠팡이츠,2467000,20,2,0,regular,delivery_transport,primary
165,2025,11,쿠팡이츠,2154000,20,2,0,regular,delivery_transport,primary
165,2025,12,쿠팡이츠,2222000,19,2,1,regular,delivery_transport,primary
165,2026,1,쿠팡이츠,1539000,16,2,1,regular,delivery_transport,primary
165,2026,2,쿠팡이츠,1912000,18,2,1,regular,delivery_transport,primary
165,2026,3,쿠팡이츠,1906000,20,2,0,regular,delivery_transport,primary
165,2026,4,쿠팡이츠,2382000,19,2,0,regular,delivery_transport,primary
165,2026,5,쿠팡이츠,2147000,20,2,0,regular,delivery_transport,primary
166,2024,6,청소연구소,517000,10,2,0,irregular,care_cleaning,secondary
166,2024,7,청소연구소,0,0,0,0,irregular,care_cleaning,secondary
166,2024,8,청소연구소,0,0,0,0,irregular,care_cleaning,secondary
166,2024,9,청소연구소,457000,10,2,1,irregular,care_cleaning,secondary
166,2024,10,청소연구소,789000,15,2,0,irregular,care_cleaning,secondary
166,2024,11,청소연구소,455000,9,2,0,irregular,care_cleaning,secondary
166,2024,12,청소연구소,1458000,16,2,1,irregular,care_cleaning,secondary
166,2025,1,청소연구소,635000,11,2,1,irregular,care_cleaning,secondary
166,2025,2,청소연구소,717000,17,2,1,irregular,care_cleaning,secondary
166,2025,3,청소연구소,1352000,18,2,0,irregular,care_cleaning,secondary
166,2025,4,청소연구소,658000,12,2,0,irregular,care_cleaning,secondary
166,2025,5,청소연구소,905000,17,2,0,irregular,care_cleaning,secondary
166,2025,6,청소연구소,383000,8,2,0,irregular,care_cleaning,secondary
166,2025,7,청소연구소,466000,9,2,0,irregular,care_cleaning,secondary
166,2025,8,청소연구소,576000,13,2,0,irregular,care_cleaning,secondary
166,2025,9,청소연구소,549000,10,2,1,irregular,care_cleaning,secondary
166,2025,10,청소연구소,1245000,17,2,0,irregular,care_cleaning,secondary
166,2025,11,청소연구소,469000,10,2,0,irregular,care_cleaning,secondary
166,2025,12,청소연구소,901000,21,2,1,irregular,care_cleaning,secondary
166,2026,1,청소연구소,1255000,20,2,1,irregular,care_cleaning,secondary
166,2026,2,청소연구소,401000,9,2,1,irregular,care_cleaning,secondary
166,2026,3,청소연구소,2030000,17,2,0,irregular,care_cleaning,secondary
166,2026,4,청소연구소,1873000,20,2,0,irregular,care_cleaning,secondary
166,2026,5,청소연구소,3427000,19,2,0,irregular,care_cleaning,secondary
167,2024,6,생각대로,2416000,29,1,0,regular,delivery_transport,primary
167,2024,7,생각대로,2327000,22,1,0,regular,delivery_transport,primary
167,2024,8,생각대로,2757000,30,1,0,regular,delivery_transport,primary
167,2024,9,생각대로,2369000,24,1,1,regular,delivery_transport,primary
167,2024,10,생각대로,1503000,16,1,0,regular,delivery_transport,primary
167,2024,11,생각대로,1622000,19,1,0,regular,delivery_transport,primary
167,2024,12,생각대로,2652000,30,1,1,regular,delivery_transport,primary
167,2025,1,생각대로,1587000,20,1,1,regular,delivery_transport,primary
167,2025,2,생각대로,2081000,23,1,1,regular,delivery_transport,primary
167,2025,3,생각대로,1878000,20,1,0,regular,delivery_transport,primary
167,2025,4,생각대로,2807000,30,1,0,regular,delivery_transport,primary
167,2025,5,생각대로,2744000,25,1,0,regular,delivery_transport,primary
167,2025,6,생각대로,1896000,18,1,0,regular,delivery_transport,primary
167,2025,7,생각대로,1717000,19,1,0,regular,delivery_transport,primary
167,2025,8,생각대로,2208000,23,1,0,regular,delivery_transport,primary
167,2025,9,생각대로,1403000,13,1,1,regular,delivery_transport,primary
167,2025,10,생각대로,2529000,31,1,0,regular,delivery_transport,primary
167,2025,11,생각대로,2847000,26,1,0,regular,delivery_transport,primary
167,2025,12,생각대로,1985000,21,1,1,regular,delivery_transport,primary
167,2026,1,생각대로,2230000,22,1,1,regular,delivery_transport,primary
167,2026,2,생각대로,2173000,22,1,1,regular,delivery_transport,primary
167,2026,3,생각대로,2442000,28,1,0,regular,delivery_transport,primary
167,2026,4,생각대로,2450000,24,1,0,regular,delivery_transport,primary
167,2026,5,생각대로,2835000,31,1,0,regular,delivery_transport,primary
168,2024,6,쿠팡이츠,2428000,25,2,0,regular,delivery_transport,primary
168,2024,7,쿠팡이츠,2226000,25,2,0,regular,delivery_transport,primary
168,2024,8,쿠팡이츠,2006000,17,2,0,regular,delivery_transport,primary
168,2024,9,쿠팡이츠,2201000,23,2,1,regular,delivery_transport,primary
168,2024,10,쿠팡이츠,1957000,20,2,0,regular,delivery_transport,primary
168,2024,11,쿠팡이츠,2169000,21,2,0,regular,delivery_transport,primary
168,2024,12,쿠팡이츠,2331000,22,2,1,regular,delivery_transport,primary
168,2025,1,쿠팡이츠,2004000,18,2,1,regular,delivery_transport,primary
168,2025,2,쿠팡이츠,2177000,20,2,1,regular,delivery_transport,primary
168,2025,3,쿠팡이츠,2330000,25,2,0,regular,delivery_transport,primary
168,2025,4,쿠팡이츠,2278000,25,2,0,regular,delivery_transport,primary
168,2025,5,쿠팡이츠,2271000,21,2,0,regular,delivery_transport,primary
168,2025,6,쿠팡이츠,2028000,17,2,0,regular,delivery_transport,primary
168,2025,7,쿠팡이츠,1804000,20,2,0,regular,delivery_transport,primary
168,2025,8,쿠팡이츠,2327000,23,2,0,regular,delivery_transport,primary
168,2025,9,쿠팡이츠,2243000,21,2,1,regular,delivery_transport,primary
168,2025,10,쿠팡이츠,2249000,21,2,0,regular,delivery_transport,primary
168,2025,11,쿠팡이츠,2209000,23,2,0,regular,delivery_transport,primary
168,2025,12,쿠팡이츠,2001000,19,2,1,regular,delivery_transport,primary
168,2026,1,쿠팡이츠,2197000,23,2,1,regular,delivery_transport,primary
168,2026,2,쿠팡이츠,2070000,21,2,1,regular,delivery_transport,primary
168,2026,3,쿠팡이츠,2134000,23,2,0,regular,delivery_transport,primary
168,2026,4,쿠팡이츠,1645000,18,2,0,regular,delivery_transport,primary
168,2026,5,쿠팡이츠,1865000,20,2,0,regular,delivery_transport,primary
169,2024,6,요기요,274000,2,3,0,irregular,delivery_transport,occasional
169,2024,7,요기요,0,0,0,0,irregular,delivery_transport,occasional
169,2024,8,요기요,171000,1,2,0,irregular,delivery_transport,occasional
169,2024,9,요기요,205000,2,2,1,irregular,delivery_transport,occasional
169,2024,10,요기요,407000,3,3,0,irregular,delivery_transport,occasional
169,2024,11,요기요,606000,4,3,0,irregular,delivery_transport,occasional
169,2024,12,요기요,385000,3,3,1,irregular,delivery_transport,occasional
169,2025,1,요기요,523000,3,3,1,irregular,delivery_transport,occasional
169,2025,2,요기요,542000,4,3,1,irregular,delivery_transport,occasional
169,2025,3,요기요,469000,4,3,0,irregular,delivery_transport,occasional
169,2025,4,요기요,912000,5,3,0,irregular,delivery_transport,occasional
169,2025,5,요기요,594000,4,3,0,irregular,delivery_transport,occasional
169,2025,6,요기요,259000,2,3,0,irregular,delivery_transport,occasional
169,2025,7,요기요,540000,3,3,0,irregular,delivery_transport,occasional
169,2025,8,요기요,339000,3,3,0,irregular,delivery_transport,occasional
169,2025,9,요기요,0,0,0,1,irregular,delivery_transport,occasional
169,2025,10,요기요,171000,1,2,0,irregular,delivery_transport,occasional
169,2025,11,요기요,0,0,0,0,irregular,delivery_transport,occasional
169,2025,12,요기요,208000,1,2,1,irregular,delivery_transport,occasional
169,2026,1,요기요,217000,2,2,1,irregular,delivery_transport,occasional
169,2026,2,요기요,264000,2,3,1,irregular,delivery_transport,occasional
169,2026,3,요기요,335000,2,3,0,irregular,delivery_transport,occasional
169,2026,4,요기요,508000,4,3,0,irregular,delivery_transport,occasional
169,2026,5,요기요,273000,2,3,0,irregular,delivery_transport,occasional
170,2024,6,바로고,1512000,24,1,0,irregular,delivery_transport,primary
170,2024,7,바로고,3263000,28,1,0,irregular,delivery_transport,primary
170,2024,8,바로고,5644000,28,1,0,irregular,delivery_transport,primary
170,2024,9,바로고,2954000,29,1,1,irregular,delivery_transport,primary
170,2024,10,바로고,5626000,25,1,0,irregular,delivery_transport,primary
170,2024,11,바로고,4290000,25,1,0,irregular,delivery_transport,primary
170,2024,12,바로고,3905000,26,1,1,irregular,delivery_transport,primary
170,2025,1,바로고,967000,17,1,1,irregular,delivery_transport,primary
170,2025,2,바로고,1611000,23,1,1,irregular,delivery_transport,primary
170,2025,3,바로고,1668000,25,1,0,irregular,delivery_transport,primary
170,2025,4,바로고,0,0,0,0,irregular,delivery_transport,primary
170,2025,5,바로고,2079000,25,1,0,irregular,delivery_transport,primary
170,2025,6,바로고,0,0,0,0,irregular,delivery_transport,primary
170,2025,7,바로고,1480000,25,1,0,irregular,delivery_transport,primary
170,2025,8,바로고,3888000,34,1,0,irregular,delivery_transport,primary
170,2025,9,바로고,2166000,31,1,1,irregular,delivery_transport,primary
170,2025,10,바로고,0,0,0,0,irregular,delivery_transport,primary
170,2025,11,바로고,1038000,16,1,0,irregular,delivery_transport,primary
170,2025,12,바로고,751000,10,1,1,irregular,delivery_transport,primary
170,2026,1,바로고,0,0,0,1,irregular,delivery_transport,primary
170,2026,2,바로고,665000,10,1,1,irregular,delivery_transport,primary
170,2026,3,바로고,2463000,26,1,0,irregular,delivery_transport,primary
170,2026,4,바로고,1038000,18,1,0,irregular,delivery_transport,primary
170,2026,5,바로고,951000,16,1,0,irregular,delivery_transport,primary
171,2024,6,카카오T대리,0,0,0,0,irregular,delivery_transport,primary
171,2024,7,카카오T대리,0,0,0,0,irregular,delivery_transport,primary
171,2024,8,카카오T대리,1155000,13,2,0,irregular,delivery_transport,primary
171,2024,9,카카오T대리,1214000,14,2,1,irregular,delivery_transport,primary
171,2024,10,카카오T대리,1747000,22,2,0,irregular,delivery_transport,primary
171,2024,11,카카오T대리,2371000,23,2,0,irregular,delivery_transport,primary
171,2024,12,카카오T대리,1883000,26,2,1,irregular,delivery_transport,primary
171,2025,1,카카오T대리,1912000,21,2,1,irregular,delivery_transport,primary
171,2025,2,카카오T대리,2504000,27,2,1,irregular,delivery_transport,primary
171,2025,3,카카오T대리,2635000,27,2,0,irregular,delivery_transport,primary
171,2025,4,카카오T대리,3133000,24,2,0,irregular,delivery_transport,primary
171,2025,5,카카오T대리,1890000,20,2,0,irregular,delivery_transport,primary
171,2025,6,카카오T대리,1871000,26,2,0,irregular,delivery_transport,primary
171,2025,7,카카오T대리,1278000,16,2,0,irregular,delivery_transport,primary
171,2025,8,카카오T대리,2455000,26,2,0,irregular,delivery_transport,primary
171,2025,9,카카오T대리,1841000,22,2,1,irregular,delivery_transport,primary
171,2025,10,카카오T대리,0,0,0,0,irregular,delivery_transport,primary
171,2025,11,카카오T대리,1547000,19,2,0,irregular,delivery_transport,primary
171,2025,12,카카오T대리,1826000,23,2,1,irregular,delivery_transport,primary
171,2026,1,카카오T대리,1305000,17,2,1,irregular,delivery_transport,primary
171,2026,2,카카오T대리,1025000,13,2,1,irregular,delivery_transport,primary
171,2026,3,카카오T대리,1025000,15,2,0,irregular,delivery_transport,primary
171,2026,4,카카오T대리,1356000,16,2,0,irregular,delivery_transport,primary
171,2026,5,카카오T대리,0,0,0,0,irregular,delivery_transport,primary
172,2024,6,쿠팡이츠,526000,5,1,0,irregular,delivery_transport,occasional
172,2024,7,쿠팡이츠,389000,4,1,0,irregular,delivery_transport,occasional
172,2024,8,쿠팡이츠,337000,3,1,0,irregular,delivery_transport,occasional
172,2024,9,쿠팡이츠,0,0,0,1,irregular,delivery_transport,occasional
172,2024,10,쿠팡이츠,306000,3,1,0,irregular,delivery_transport,occasional
172,2024,11,쿠팡이츠,685000,8,1,0,irregular,delivery_transport,occasional
172,2024,12,쿠팡이츠,603000,7,1,1,irregular,delivery_transport,occasional
172,2025,1,쿠팡이츠,0,0,0,1,irregular,delivery_transport,occasional
172,2025,2,쿠팡이츠,0,0,0,1,irregular,delivery_transport,occasional
172,2025,3,쿠팡이츠,404000,5,1,0,irregular,delivery_transport,occasional
172,2025,4,쿠팡이츠,338000,3,1,0,irregular,delivery_transport,occasional
172,2025,5,쿠팡이츠,323000,4,1,0,irregular,delivery_transport,occasional
172,2025,6,쿠팡이츠,1637000,7,1,0,irregular,delivery_transport,occasional
172,2025,7,쿠팡이츠,492000,6,1,0,irregular,delivery_transport,occasional
172,2025,8,쿠팡이츠,333000,3,1,0,irregular,delivery_transport,occasional
172,2025,9,쿠팡이츠,0,0,0,1,irregular,delivery_transport,occasional
172,2025,10,쿠팡이츠,0,0,0,0,irregular,delivery_transport,occasional
172,2025,11,쿠팡이츠,385000,5,1,0,irregular,delivery_transport,occasional
172,2025,12,쿠팡이츠,386000,4,1,1,irregular,delivery_transport,occasional
172,2026,1,쿠팡이츠,562000,5,1,1,irregular,delivery_transport,occasional
172,2026,2,쿠팡이츠,1006000,9,1,1,irregular,delivery_transport,occasional
172,2026,3,쿠팡이츠,523000,6,1,0,irregular,delivery_transport,occasional
172,2026,4,쿠팡이츠,1390000,8,1,0,irregular,delivery_transport,occasional
172,2026,5,쿠팡이츠,459000,5,1,0,irregular,delivery_transport,occasional
173,2024,6,프리모아,1730000,8,1,0,regular,it_service,secondary
173,2024,7,프리모아,1621000,9,1,0,regular,it_service,secondary
173,2024,8,프리모아,1811000,9,1,0,regular,it_service,secondary
173,2024,9,프리모아,1807000,9,1,1,regular,it_service,secondary
173,2024,10,프리모아,1533000,7,1,0,regular,it_service,secondary
173,2024,11,프리모아,1818000,9,1,0,regular,it_service,secondary
173,2024,12,프리모아,1964000,10,1,1,regular,it_service,secondary
173,2025,1,프리모아,1630000,9,1,1,regular,it_service,secondary
173,2025,2,프리모아,1966000,12,1,1,regular,it_service,secondary
173,2025,3,프리모아,2151000,14,1,0,regular,it_service,secondary
173,2025,4,프리모아,1885000,10,1,0,regular,it_service,secondary
173,2025,5,프리모아,1914000,12,1,0,regular,it_service,secondary
173,2025,6,프리모아,1887000,10,1,0,regular,it_service,secondary
173,2025,7,프리모아,1808000,10,1,0,regular,it_service,secondary
173,2025,8,프리모아,1685000,10,1,0,regular,it_service,secondary
173,2025,9,프리모아,1994000,11,1,1,regular,it_service,secondary
173,2025,10,프리모아,1981000,10,1,0,regular,it_service,secondary
173,2025,11,프리모아,1748000,10,1,0,regular,it_service,secondary
173,2025,12,프리모아,1492000,8,1,1,regular,it_service,secondary
173,2026,1,프리모아,1583000,8,1,1,regular,it_service,secondary
173,2026,2,프리모아,1788000,11,1,1,regular,it_service,secondary
173,2026,3,프리모아,1841000,10,1,0,regular,it_service,secondary
173,2026,4,프리모아,1658000,8,1,0,regular,it_service,secondary
173,2026,5,프리모아,2252000,12,1,0,regular,it_service,secondary
174,2024,6,청소연구소,496000,7,2,0,regular,care_cleaning,occasional
174,2024,7,청소연구소,468000,7,2,0,regular,care_cleaning,occasional
174,2024,8,청소연구소,410000,6,2,0,regular,care_cleaning,occasional
174,2024,9,청소연구소,556000,7,2,1,regular,care_cleaning,occasional
174,2024,10,청소연구소,420000,6,2,0,regular,care_cleaning,occasional
174,2024,11,청소연구소,382000,5,2,0,regular,care_cleaning,occasional
174,2024,12,청소연구소,604000,8,2,1,regular,care_cleaning,occasional
174,2025,1,청소연구소,474000,6,2,1,regular,care_cleaning,occasional
174,2025,2,청소연구소,349000,5,2,1,regular,care_cleaning,occasional
174,2025,3,청소연구소,392000,5,2,0,regular,care_cleaning,occasional
174,2025,4,청소연구소,466000,7,2,0,regular,care_cleaning,occasional
174,2025,5,청소연구소,543000,7,2,0,regular,care_cleaning,occasional
174,2025,6,청소연구소,415000,6,2,0,regular,care_cleaning,occasional
174,2025,7,청소연구소,608000,8,2,0,regular,care_cleaning,occasional
174,2025,8,청소연구소,400000,5,2,0,regular,care_cleaning,occasional
174,2025,9,청소연구소,553000,7,2,1,regular,care_cleaning,occasional
174,2025,10,청소연구소,442000,6,2,0,regular,care_cleaning,occasional
174,2025,11,청소연구소,497000,7,2,0,regular,care_cleaning,occasional
174,2025,12,청소연구소,480000,6,2,1,regular,care_cleaning,occasional
174,2026,1,청소연구소,555000,7,2,1,regular,care_cleaning,occasional
174,2026,2,청소연구소,408000,5,2,1,regular,care_cleaning,occasional
174,2026,3,청소연구소,605000,7,2,0,regular,care_cleaning,occasional
174,2026,4,청소연구소,568000,7,2,0,regular,care_cleaning,occasional
174,2026,5,청소연구소,443000,6,2,0,regular,care_cleaning,occasional
175,2024,6,크라우드웍스,1904000,22,1,0,irregular,simple_computer,primary
175,2024,7,크라우드웍스,444000,6,1,0,irregular,simple_computer,primary
175,2024,8,크라우드웍스,0,0,0,0,irregular,simple_computer,primary
175,2024,9,크라우드웍스,440000,6,1,1,irregular,simple_computer,primary
175,2024,10,크라우드웍스,1600000,22,1,0,irregular,simple_computer,primary
175,2024,11,크라우드웍스,0,0,0,0,irregular,simple_computer,primary
175,2024,12,크라우드웍스,0,0,0,1,irregular,simple_computer,primary
175,2025,1,크라우드웍스,0,0,0,1,irregular,simple_computer,primary
175,2025,2,크라우드웍스,0,0,0,1,irregular,simple_computer,primary
175,2025,3,크라우드웍스,599000,7,1,0,irregular,simple_computer,primary
175,2025,4,크라우드웍스,2650000,25,1,0,irregular,simple_computer,primary
175,2025,5,크라우드웍스,3363000,23,1,0,irregular,simple_computer,primary
175,2025,6,크라우드웍스,1700000,25,1,0,irregular,simple_computer,primary
175,2025,7,크라우드웍스,2211000,23,1,0,irregular,simple_computer,primary
175,2025,8,크라우드웍스,471000,6,1,0,irregular,simple_computer,primary
175,2025,9,크라우드웍스,433000,6,1,1,irregular,simple_computer,primary
175,2025,10,크라우드웍스,406000,6,1,0,irregular,simple_computer,primary
175,2025,11,크라우드웍스,458000,6,1,0,irregular,simple_computer,primary
175,2025,12,크라우드웍스,411000,5,1,1,irregular,simple_computer,primary
175,2026,1,크라우드웍스,603000,8,1,1,irregular,simple_computer,primary
175,2026,2,크라우드웍스,606000,8,1,1,irregular,simple_computer,primary
175,2026,3,크라우드웍스,0,0,0,0,irregular,simple_computer,primary
175,2026,4,크라우드웍스,0,0,0,0,irregular,simple_computer,primary
175,2026,5,크라우드웍스,0,0,0,0,irregular,simple_computer,primary
176,2024,6,크몽,440000,5,1,0,irregular,professional,occasional
176,2024,7,크몽,866000,8,1,0,irregular,professional,occasional
176,2024,8,크몽,220000,2,1,0,irregular,professional,occasional
176,2024,9,크몽,997000,7,1,1,irregular,professional,occasional
176,2024,10,크몽,226000,2,1,0,irregular,professional,occasional
176,2024,11,크몽,0,0,0,0,irregular,professional,occasional
176,2024,12,크몽,658000,6,1,1,irregular,professional,occasional
176,2025,1,크몽,487000,5,1,1,irregular,professional,occasional
176,2025,2,크몽,474000,4,1,1,irregular,professional,occasional
176,2025,3,크몽,2088000,8,1,0,irregular,professional,occasional
176,2025,4,크몽,533000,5,1,0,irregular,professional,occasional
176,2025,5,크몽,0,0,0,0,irregular,professional,occasional
176,2025,6,크몽,387000,3,1,0,irregular,professional,occasional
176,2025,7,크몽,3515000,8,1,0,irregular,professional,occasional
176,2025,8,크몽,1247000,7,1,0,irregular,professional,occasional
176,2025,9,크몽,1394000,8,1,1,irregular,professional,occasional
176,2025,10,크몽,987000,7,1,0,irregular,professional,occasional
176,2025,11,크몽,456000,5,1,0,irregular,professional,occasional
176,2025,12,크몽,1219000,7,1,1,irregular,professional,occasional
176,2026,1,크몽,494000,5,1,1,irregular,professional,occasional
176,2026,2,크몽,0,0,0,1,irregular,professional,occasional
176,2026,3,크몽,619000,6,1,0,irregular,professional,occasional
176,2026,4,크몽,270000,2,1,0,irregular,professional,occasional
176,2026,5,크몽,314000,3,1,0,irregular,professional,occasional
177,2024,6,카카오T대리,1147000,15,1,0,irregular,delivery_transport,secondary
177,2024,7,카카오T대리,0,0,0,0,irregular,delivery_transport,secondary
177,2024,8,카카오T대리,925000,13,1,0,irregular,delivery_transport,secondary
177,2024,9,카카오T대리,846000,13,1,1,irregular,delivery_transport,secondary
177,2024,10,카카오T대리,641000,9,1,0,irregular,delivery_transport,secondary
177,2024,11,카카오T대리,699000,11,1,0,irregular,delivery_transport,secondary
177,2024,12,카카오T대리,885000,11,1,1,irregular,delivery_transport,secondary
177,2025,1,카카오T대리,485000,6,1,1,irregular,delivery_transport,secondary
177,2025,2,카카오T대리,414000,6,1,1,irregular,delivery_transport,secondary
177,2025,3,카카오T대리,0,0,0,0,irregular,delivery_transport,secondary
177,2025,4,카카오T대리,490000,8,1,0,irregular,delivery_transport,secondary
177,2025,5,카카오T대리,694000,9,1,0,irregular,delivery_transport,secondary
177,2025,6,카카오T대리,1133000,17,1,0,irregular,delivery_transport,secondary
177,2025,7,카카오T대리,329000,5,1,0,irregular,delivery_transport,secondary
177,2025,8,카카오T대리,534000,7,1,0,irregular,delivery_transport,secondary
177,2025,9,카카오T대리,322000,5,1,1,irregular,delivery_transport,secondary
177,2025,10,카카오T대리,656000,9,1,0,irregular,delivery_transport,secondary
177,2025,11,카카오T대리,0,0,0,0,irregular,delivery_transport,secondary
177,2025,12,카카오T대리,376000,5,1,1,irregular,delivery_transport,secondary
177,2026,1,카카오T대리,726000,10,1,1,irregular,delivery_transport,secondary
177,2026,2,카카오T대리,598000,9,1,1,irregular,delivery_transport,secondary
177,2026,3,카카오T대리,357000,5,1,0,irregular,delivery_transport,secondary
177,2026,4,카카오T대리,547000,8,1,0,irregular,delivery_transport,secondary
177,2026,5,카카오T대리,723000,10,1,0,irregular,delivery_transport,secondary
178,2024,6,쿠팡플렉스,3011000,30,1,0,regular,delivery_transport,primary
178,2024,7,쿠팡플렉스,3848000,31,1,0,regular,delivery_transport,primary
178,2024,8,쿠팡플렉스,2317000,24,1,0,regular,delivery_transport,primary
178,2024,9,쿠팡플렉스,2733000,30,1,1,regular,delivery_transport,primary
178,2024,10,쿠팡플렉스,2002000,22,1,0,regular,delivery_transport,primary
178,2024,11,쿠팡플렉스,2578000,25,1,0,regular,delivery_transport,primary
178,2024,12,쿠팡플렉스,2967000,27,1,1,regular,delivery_transport,primary
178,2025,1,쿠팡플렉스,2249000,19,1,1,regular,delivery_transport,primary
178,2025,2,쿠팡플렉스,2341000,21,1,1,regular,delivery_transport,primary
178,2025,3,쿠팡플렉스,2094000,21,1,0,regular,delivery_transport,primary
178,2025,4,쿠팡플렉스,2250000,22,1,0,regular,delivery_transport,primary
178,2025,5,쿠팡플렉스,2890000,26,1,0,regular,delivery_transport,primary
178,2025,6,쿠팡플렉스,2492000,26,1,0,regular,delivery_transport,primary
178,2025,7,쿠팡플렉스,2688000,23,1,0,regular,delivery_transport,primary
178,2025,8,쿠팡플렉스,2125000,23,1,0,regular,delivery_transport,primary
178,2025,9,쿠팡플렉스,3276000,34,1,1,regular,delivery_transport,primary
178,2025,10,쿠팡플렉스,2879000,30,1,0,regular,delivery_transport,primary
178,2025,11,쿠팡플렉스,2550000,22,1,0,regular,delivery_transport,primary
178,2025,12,쿠팡플렉스,2797000,25,1,1,regular,delivery_transport,primary
178,2026,1,쿠팡플렉스,2352000,25,1,1,regular,delivery_transport,primary
178,2026,2,쿠팡플렉스,1813000,18,1,1,regular,delivery_transport,primary
178,2026,3,쿠팡플렉스,2463000,24,1,0,regular,delivery_transport,primary
178,2026,4,쿠팡플렉스,2327000,20,1,0,regular,delivery_transport,primary
178,2026,5,쿠팡플렉스,2490000,23,1,0,regular,delivery_transport,primary
179,2024,6,쿠팡플렉스,951000,9,2,0,irregular,delivery_transport,occasional
179,2024,7,쿠팡플렉스,947000,11,2,0,irregular,delivery_transport,occasional
179,2024,8,쿠팡플렉스,796000,8,2,0,irregular,delivery_transport,occasional
179,2024,9,쿠팡플렉스,0,0,0,1,irregular,delivery_transport,occasional
179,2024,10,쿠팡플렉스,1221000,9,2,0,irregular,delivery_transport,occasional
179,2024,11,쿠팡플렉스,1244000,11,2,0,irregular,delivery_transport,occasional
179,2024,12,쿠팡플렉스,562000,6,2,1,irregular,delivery_transport,occasional
179,2025,1,쿠팡플렉스,966000,11,2,1,irregular,delivery_transport,occasional
179,2025,2,쿠팡플렉스,0,0,0,1,irregular,delivery_transport,occasional
179,2025,3,쿠팡플렉스,894000,10,2,0,irregular,delivery_transport,occasional
179,2025,4,쿠팡플렉스,802000,10,2,0,irregular,delivery_transport,occasional
179,2025,5,쿠팡플렉스,0,0,0,0,irregular,delivery_transport,occasional
179,2025,6,쿠팡플렉스,0,0,0,0,irregular,delivery_transport,occasional
179,2025,7,쿠팡플렉스,0,0,0,0,irregular,delivery_transport,occasional
179,2025,8,쿠팡플렉스,815000,11,2,0,irregular,delivery_transport,occasional
179,2025,9,쿠팡플렉스,582000,8,2,1,irregular,delivery_transport,occasional
179,2025,10,쿠팡플렉스,1093000,11,2,0,irregular,delivery_transport,occasional
179,2025,11,쿠팡플렉스,895000,10,2,0,irregular,delivery_transport,occasional
179,2025,12,쿠팡플렉스,432000,5,2,1,irregular,delivery_transport,occasional
179,2026,1,쿠팡플렉스,483000,6,2,1,irregular,delivery_transport,occasional
179,2026,2,쿠팡플렉스,822000,9,2,1,irregular,delivery_transport,occasional
179,2026,3,쿠팡플렉스,1721000,10,2,0,irregular,delivery_transport,occasional
179,2026,4,쿠팡플렉스,903000,10,2,0,irregular,delivery_transport,occasional
179,2026,5,쿠팡플렉스,987000,9,2,0,irregular,delivery_transport,occasional
180,2024,6,트위치,1632000,23,3,0,regular,creative,primary
180,2024,7,트위치,1796000,30,3,0,regular,creative,primary
180,2024,8,트위치,1887000,27,3,0,regular,creative,primary
180,2024,9,트위치,1603000,22,3,1,regular,creative,primary
180,2024,10,트위치,1754000,23,3,0,regular,creative,primary
180,2024,11,트위치,1591000,22,3,0,regular,creative,primary
180,2024,12,트위치,1625000,25,3,1,regular,creative,primary
180,2025,1,트위치,1552000,26,3,1,regular,creative,primary
180,2025,2,트위치,1406000,20,3,1,regular,creative,primary
180,2025,3,트위치,1515000,26,3,0,regular,creative,primary
180,2025,4,트위치,1446000,22,3,0,regular,creative,primary
180,2025,5,트위치,1815000,25,3,0,regular,creative,primary
180,2025,6,트위치,1356000,23,3,0,regular,creative,primary
180,2025,7,트위치,1057000,17,3,0,regular,creative,primary
180,2025,8,트위치,1114000,18,3,0,regular,creative,primary
180,2025,9,트위치,1278000,22,3,1,regular,creative,primary
180,2025,10,트위치,1634000,22,3,0,regular,creative,primary
180,2025,11,트위치,1612000,25,3,0,regular,creative,primary
180,2025,12,트위치,2065000,27,3,1,regular,creative,primary
180,2026,1,트위치,1204000,20,3,1,regular,creative,primary
180,2026,2,트위치,2382000,27,3,1,regular,creative,primary
180,2026,3,트위치,1796000,25,3,0,regular,creative,primary
180,2026,4,트위치,1372000,21,3,0,regular,creative,primary
180,2026,5,트위치,1845000,30,3,0,regular,creative,primary
181,2024,6,요기요,305000,7,2,0,seasonal,delivery_transport,occasional
181,2024,7,요기요,406000,10,2,0,seasonal,delivery_transport,occasional
181,2024,8,요기요,442000,12,2,0,seasonal,delivery_transport,occasional
181,2024,9,요기요,334000,10,2,1,seasonal,delivery_transport,occasional
181,2024,10,요기요,421000,12,2,0,seasonal,delivery_transport,occasional
181,2024,11,요기요,404000,11,2,0,seasonal,delivery_transport,occasional
181,2024,12,요기요,429000,10,2,1,seasonal,delivery_transport,occasional
181,2025,1,요기요,247000,7,2,1,seasonal,delivery_transport,occasional
181,2025,2,요기요,221000,5,2,1,seasonal,delivery_transport,occasional
181,2025,3,요기요,329000,9,2,0,seasonal,delivery_transport,occasional
181,2025,4,요기요,324000,9,2,0,seasonal,delivery_transport,occasional
181,2025,5,요기요,418000,12,2,0,seasonal,delivery_transport,occasional
181,2025,6,요기요,286000,8,2,0,seasonal,delivery_transport,occasional
181,2025,7,요기요,380000,9,2,0,seasonal,delivery_transport,occasional
181,2025,8,요기요,465000,11,2,0,seasonal,delivery_transport,occasional
181,2025,9,요기요,331000,8,2,1,seasonal,delivery_transport,occasional
181,2025,10,요기요,366000,10,2,0,seasonal,delivery_transport,occasional
181,2025,11,요기요,423000,11,2,0,seasonal,delivery_transport,occasional
181,2025,12,요기요,400000,9,2,1,seasonal,delivery_transport,occasional
181,2026,1,요기요,357000,10,2,1,seasonal,delivery_transport,occasional
181,2026,2,요기요,281000,8,2,1,seasonal,delivery_transport,occasional
181,2026,3,요기요,355000,8,2,0,seasonal,delivery_transport,occasional
181,2026,4,요기요,363000,11,2,0,seasonal,delivery_transport,occasional
181,2026,5,요기요,341000,8,2,0,seasonal,delivery_transport,occasional
182,2024,6,에이모,1047000,17,1,0,irregular,simple_computer,primary
182,2024,7,에이모,0,0,0,0,irregular,simple_computer,primary
182,2024,8,에이모,577000,9,1,0,irregular,simple_computer,primary
182,2024,9,에이모,0,0,0,1,irregular,simple_computer,primary
182,2024,10,에이모,0,0,0,0,irregular,simple_computer,primary
182,2024,11,에이모,513000,7,1,0,irregular,simple_computer,primary
182,2024,12,에이모,1493000,20,1,1,irregular,simple_computer,primary
182,2025,1,에이모,1104000,15,1,1,irregular,simple_computer,primary
182,2025,2,에이모,2145000,30,1,1,irregular,simple_computer,primary
182,2025,3,에이모,0,0,0,0,irregular,simple_computer,primary
182,2025,4,에이모,0,0,0,0,irregular,simple_computer,primary
182,2025,5,에이모,0,0,0,0,irregular,simple_computer,primary
182,2025,6,에이모,0,0,0,0,irregular,simple_computer,primary
182,2025,7,에이모,0,0,0,0,irregular,simple_computer,primary
182,2025,8,에이모,0,0,0,0,irregular,simple_computer,primary
182,2025,9,에이모,0,0,0,1,irregular,simple_computer,primary
182,2025,10,에이모,0,0,0,0,irregular,simple_computer,primary
182,2025,11,에이모,1089000,14,1,0,irregular,simple_computer,primary
182,2025,12,에이모,1022000,14,1,1,irregular,simple_computer,primary
182,2026,1,에이모,1991000,26,1,1,irregular,simple_computer,primary
182,2026,2,에이모,2352000,30,1,1,irregular,simple_computer,primary
182,2026,3,에이모,3652000,28,1,0,irregular,simple_computer,primary
182,2026,4,에이모,516000,8,1,0,irregular,simple_computer,primary
182,2026,5,에이모,1539000,23,1,0,irregular,simple_computer,primary
183,2024,6,미소,613000,9,1,0,irregular,care_cleaning,occasional
183,2024,7,미소,1136000,11,1,0,irregular,care_cleaning,occasional
183,2024,8,미소,1062000,14,1,0,irregular,care_cleaning,occasional
183,2024,9,미소,449000,7,1,1,irregular,care_cleaning,occasional
183,2024,10,미소,0,0,0,0,irregular,care_cleaning,occasional
183,2024,11,미소,936000,11,1,0,irregular,care_cleaning,occasional
183,2024,12,미소,730000,12,1,1,irregular,care_cleaning,occasional
183,2025,1,미소,774000,11,1,1,irregular,care_cleaning,occasional
183,2025,2,미소,1182000,12,1,1,irregular,care_cleaning,occasional
183,2025,3,미소,570000,10,1,0,irregular,care_cleaning,occasional
183,2025,4,미소,901000,13,1,0,irregular,care_cleaning,occasional
183,2025,5,미소,828000,13,1,0,irregular,care_cleaning,occasional
183,2025,6,미소,576000,9,1,0,irregular,care_cleaning,occasional
183,2025,7,미소,1838000,13,1,0,irregular,care_cleaning,occasional
183,2025,8,미소,1051000,11,1,0,irregular,care_cleaning,occasional
183,2025,9,미소,1483000,14,1,1,irregular,care_cleaning,occasional
183,2025,10,미소,4030000,12,1,0,irregular,care_cleaning,occasional
183,2025,11,미소,3413000,10,1,0,irregular,care_cleaning,occasional
183,2025,12,미소,1311000,13,1,1,irregular,care_cleaning,occasional
183,2026,1,미소,1408000,12,1,1,irregular,care_cleaning,occasional
183,2026,2,미소,695000,12,1,1,irregular,care_cleaning,occasional
183,2026,3,미소,661000,9,1,0,irregular,care_cleaning,occasional
183,2026,4,미소,0,0,0,0,irregular,care_cleaning,occasional
183,2026,5,미소,588000,9,1,0,irregular,care_cleaning,occasional
184,2024,6,크라우드웍스,316000,6,2,0,irregular,simple_computer,secondary
184,2024,7,크라우드웍스,0,0,0,0,irregular,simple_computer,secondary
184,2024,8,크라우드웍스,0,0,0,0,irregular,simple_computer,secondary
184,2024,9,크라우드웍스,0,0,0,1,irregular,simple_computer,secondary
184,2024,10,크라우드웍스,0,0,0,0,irregular,simple_computer,secondary
184,2024,11,크라우드웍스,0,0,0,0,irregular,simple_computer,secondary
184,2024,12,크라우드웍스,425000,9,2,1,irregular,simple_computer,secondary
184,2025,1,크라우드웍스,722000,16,2,1,irregular,simple_computer,secondary
184,2025,2,크라우드웍스,429000,8,2,1,irregular,simple_computer,secondary
184,2025,3,크라우드웍스,381000,7,2,0,irregular,simple_computer,secondary
184,2025,4,크라우드웍스,1674000,22,2,0,irregular,simple_computer,secondary
184,2025,5,크라우드웍스,1182000,17,2,0,irregular,simple_computer,secondary
184,2025,6,크라우드웍스,2142000,19,2,0,irregular,simple_computer,secondary
184,2025,7,크라우드웍스,3494000,19,2,0,irregular,simple_computer,secondary
184,2025,8,크라우드웍스,1166000,22,2,0,irregular,simple_computer,secondary
184,2025,9,크라우드웍스,502000,10,2,1,irregular,simple_computer,secondary
184,2025,10,크라우드웍스,1241000,18,2,0,irregular,simple_computer,secondary
184,2025,11,크라우드웍스,0,0,0,0,irregular,simple_computer,secondary
184,2025,12,크라우드웍스,0,0,0,1,irregular,simple_computer,secondary
184,2026,1,크라우드웍스,0,0,0,1,irregular,simple_computer,secondary
184,2026,2,크라우드웍스,0,0,0,1,irregular,simple_computer,secondary
184,2026,3,크라우드웍스,0,0,0,0,irregular,simple_computer,secondary
184,2026,4,크라우드웍스,0,0,0,0,irregular,simple_computer,secondary
184,2026,5,크라우드웍스,0,0,0,0,irregular,simple_computer,secondary
185,2024,6,이랜서,2062000,28,2,0,regular,it_service,primary
185,2024,7,이랜서,2111000,24,2,0,regular,it_service,primary
185,2024,8,이랜서,1871000,26,2,0,regular,it_service,primary
185,2024,9,이랜서,1653000,23,2,1,regular,it_service,primary
185,2024,10,이랜서,1608000,24,2,0,regular,it_service,primary
185,2024,11,이랜서,1736000,21,2,0,regular,it_service,primary
185,2024,12,이랜서,2180000,26,2,1,regular,it_service,primary
185,2025,1,이랜서,1342000,19,2,1,regular,it_service,primary
185,2025,2,이랜서,1625000,21,2,1,regular,it_service,primary
185,2025,3,이랜서,1463000,17,2,0,regular,it_service,primary
185,2025,4,이랜서,2195000,32,2,0,regular,it_service,primary
185,2025,5,이랜서,2045000,30,2,0,regular,it_service,primary
185,2025,6,이랜서,1678000,25,2,0,regular,it_service,primary
185,2025,7,이랜서,2341000,33,2,0,regular,it_service,primary
185,2025,8,이랜서,1606000,19,2,0,regular,it_service,primary
185,2025,9,이랜서,1735000,26,2,1,regular,it_service,primary
185,2025,10,이랜서,2401000,36,2,0,regular,it_service,primary
185,2025,11,이랜서,1773000,22,2,0,regular,it_service,primary
185,2025,12,이랜서,1636000,22,2,1,regular,it_service,primary
185,2026,1,이랜서,2322000,31,2,1,regular,it_service,primary
185,2026,2,이랜서,1537000,20,2,1,regular,it_service,primary
185,2026,3,이랜서,1825000,26,2,0,regular,it_service,primary
185,2026,4,이랜서,1462000,20,2,0,regular,it_service,primary
185,2026,5,이랜서,1697000,24,2,0,regular,it_service,primary
186,2024,6,셀렉트스타,717000,11,1,0,irregular,simple_computer,primary
186,2024,7,셀렉트스타,2044000,25,1,0,irregular,simple_computer,primary
186,2024,8,셀렉트스타,852000,11,1,0,irregular,simple_computer,primary
186,2024,9,셀렉트스타,275000,3,1,1,irregular,simple_computer,primary
186,2024,10,셀렉트스타,1900000,25,1,0,irregular,simple_computer,primary
186,2024,11,셀렉트스타,164000,2,1,0,irregular,simple_computer,primary
186,2024,12,셀렉트스타,363000,4,1,1,irregular,simple_computer,primary
186,2025,1,셀렉트스타,746000,9,1,1,irregular,simple_computer,primary
186,2025,2,셀렉트스타,878000,10,1,1,irregular,simple_computer,primary
186,2025,3,셀렉트스타,0,0,0,0,irregular,simple_computer,primary
186,2025,4,셀렉트스타,687000,10,1,0,irregular,simple_computer,primary
186,2025,5,셀렉트스타,0,0,0,0,irregular,simple_computer,primary
186,2025,6,셀렉트스타,2032000,27,1,0,irregular,simple_computer,primary
186,2025,7,셀렉트스타,0,0,0,0,irregular,simple_computer,primary
186,2025,8,셀렉트스타,0,0,0,0,irregular,simple_computer,primary
186,2025,9,셀렉트스타,978000,15,1,1,irregular,simple_computer,primary
186,2025,10,셀렉트스타,1311000,16,1,0,irregular,simple_computer,primary
186,2025,11,셀렉트스타,753000,10,1,0,irregular,simple_computer,primary
186,2025,12,셀렉트스타,1329000,18,1,1,irregular,simple_computer,primary
186,2026,1,셀렉트스타,982000,12,1,1,irregular,simple_computer,primary
186,2026,2,셀렉트스타,1326000,19,1,1,irregular,simple_computer,primary
186,2026,3,셀렉트스타,0,0,0,0,irregular,simple_computer,primary
186,2026,4,셀렉트스타,0,0,0,0,irregular,simple_computer,primary
186,2026,5,셀렉트스타,0,0,0,0,irregular,simple_computer,primary
187,2024,6,쿠팡이츠,763000,5,1,0,regular,delivery_transport,occasional
187,2024,7,쿠팡이츠,689000,5,1,0,regular,delivery_transport,occasional
187,2024,8,쿠팡이츠,769000,5,1,0,regular,delivery_transport,occasional
187,2024,9,쿠팡이츠,703000,5,1,1,regular,delivery_transport,occasional
187,2024,10,쿠팡이츠,633000,4,1,0,regular,delivery_transport,occasional
187,2024,11,쿠팡이츠,769000,5,1,0,regular,delivery_transport,occasional
187,2024,12,쿠팡이츠,1018000,6,1,1,regular,delivery_transport,occasional
187,2025,1,쿠팡이츠,704000,5,1,1,regular,delivery_transport,occasional
187,2025,2,쿠팡이츠,547000,4,1,1,regular,delivery_transport,occasional
187,2025,3,쿠팡이츠,694000,5,1,0,regular,delivery_transport,occasional
187,2025,4,쿠팡이츠,725000,5,1,0,regular,delivery_transport,occasional
187,2025,5,쿠팡이츠,627000,4,1,0,regular,delivery_transport,occasional
187,2025,6,쿠팡이츠,736000,5,1,0,regular,delivery_transport,occasional
187,2025,7,쿠팡이츠,775000,6,1,0,regular,delivery_transport,occasional
187,2025,8,쿠팡이츠,814000,5,1,0,regular,delivery_transport,occasional
187,2025,9,쿠팡이츠,621000,4,1,1,regular,delivery_transport,occasional
187,2025,10,쿠팡이츠,820000,5,1,0,regular,delivery_transport,occasional
187,2025,11,쿠팡이츠,860000,7,1,0,regular,delivery_transport,occasional
187,2025,12,쿠팡이츠,802000,6,1,1,regular,delivery_transport,occasional
187,2026,1,쿠팡이츠,720000,5,1,1,regular,delivery_transport,occasional
187,2026,2,쿠팡이츠,574000,4,1,1,regular,delivery_transport,occasional
187,2026,3,쿠팡이츠,768000,6,1,0,regular,delivery_transport,occasional
187,2026,4,쿠팡이츠,689000,5,1,0,regular,delivery_transport,occasional
187,2026,5,쿠팡이츠,862000,6,1,0,regular,delivery_transport,occasional
188,2024,6,생각대로,1332000,9,2,0,irregular,delivery_transport,secondary
188,2024,7,생각대로,1272000,8,2,0,irregular,delivery_transport,secondary
188,2024,8,생각대로,1717000,12,2,0,irregular,delivery_transport,secondary
188,2024,9,생각대로,1367000,9,2,1,irregular,delivery_transport,secondary
188,2024,10,생각대로,0,0,0,0,irregular,delivery_transport,secondary
188,2024,11,생각대로,1678000,13,2,0,irregular,delivery_transport,secondary
188,2024,12,생각대로,1393000,10,2,1,irregular,delivery_transport,secondary
188,2025,1,생각대로,2119000,14,2,1,irregular,delivery_transport,secondary
188,2025,2,생각대로,3086000,14,2,1,irregular,delivery_transport,secondary
188,2025,3,생각대로,3484000,13,2,0,irregular,delivery_transport,secondary
188,2025,4,생각대로,5081000,12,2,0,irregular,delivery_transport,secondary
188,2025,5,생각대로,2039000,16,2,0,irregular,delivery_transport,secondary
188,2025,6,생각대로,4054000,14,2,0,irregular,delivery_transport,secondary
188,2025,7,생각대로,3685000,12,2,0,irregular,delivery_transport,secondary
188,2025,8,생각대로,2858000,13,2,0,irregular,delivery_transport,secondary
188,2025,9,생각대로,3159000,15,2,1,irregular,delivery_transport,secondary
188,2025,10,생각대로,0,0,0,0,irregular,delivery_transport,secondary
188,2025,11,생각대로,0,0,0,0,irregular,delivery_transport,secondary
188,2025,12,생각대로,1475000,11,2,1,irregular,delivery_transport,secondary
188,2026,1,생각대로,2319000,14,2,1,irregular,delivery_transport,secondary
188,2026,2,생각대로,1942000,13,2,1,irregular,delivery_transport,secondary
188,2026,3,생각대로,1796000,13,2,0,irregular,delivery_transport,secondary
188,2026,4,생각대로,2080000,15,2,0,irregular,delivery_transport,secondary
188,2026,5,생각대로,0,0,0,0,irregular,delivery_transport,secondary
189,2024,6,당근알바,1892000,18,2,0,regular,etc,primary
189,2024,7,당근알바,2762000,28,2,0,regular,etc,primary
189,2024,8,당근알바,2565000,26,2,0,regular,etc,primary
189,2024,9,당근알바,2612000,25,2,1,regular,etc,primary
189,2024,10,당근알바,2117000,21,2,0,regular,etc,primary
189,2024,11,당근알바,2192000,23,2,0,regular,etc,primary
189,2024,12,당근알바,3126000,32,2,1,regular,etc,primary
189,2025,1,당근알바,2067000,19,2,1,regular,etc,primary
189,2025,2,당근알바,2642000,30,2,1,regular,etc,primary
189,2025,3,당근알바,2051000,24,2,0,regular,etc,primary
189,2025,4,당근알바,2612000,25,2,0,regular,etc,primary
189,2025,5,당근알바,2310000,26,2,0,regular,etc,primary
189,2025,6,당근알바,2581000,31,2,0,regular,etc,primary
189,2025,7,당근알바,2790000,27,2,0,regular,etc,primary
189,2025,8,당근알바,2423000,22,2,0,regular,etc,primary
189,2025,9,당근알바,2801000,32,2,1,regular,etc,primary
189,2025,10,당근알바,2908000,28,2,0,regular,etc,primary
189,2025,11,당근알바,2469000,24,2,0,regular,etc,primary
189,2025,12,당근알바,2821000,29,2,1,regular,etc,primary
189,2026,1,당근알바,2243000,25,2,1,regular,etc,primary
189,2026,2,당근알바,2149000,23,2,1,regular,etc,primary
189,2026,3,당근알바,1967000,20,2,0,regular,etc,primary
189,2026,4,당근알바,2081000,24,2,0,regular,etc,primary
189,2026,5,당근알바,2444000,29,2,0,regular,etc,primary
190,2024,6,쿠팡플렉스,2125000,22,1,0,regular,delivery_transport,primary
190,2024,7,쿠팡플렉스,2374000,23,1,0,regular,delivery_transport,primary
190,2024,8,쿠팡플렉스,2554000,22,1,0,regular,delivery_transport,primary
190,2024,9,쿠팡플렉스,2321000,22,1,1,regular,delivery_transport,primary
190,2024,10,쿠팡플렉스,1996000,19,1,0,regular,delivery_transport,primary
190,2024,11,쿠팡플렉스,2054000,21,1,0,regular,delivery_transport,primary
190,2024,12,쿠팡플렉스,2109000,19,1,1,regular,delivery_transport,primary
190,2025,1,쿠팡플렉스,2386000,22,1,1,regular,delivery_transport,primary
190,2025,2,쿠팡플렉스,2278000,23,1,1,regular,delivery_transport,primary
190,2025,3,쿠팡플렉스,2278000,19,1,0,regular,delivery_transport,primary
190,2025,4,쿠팡플렉스,2694000,24,1,0,regular,delivery_transport,primary
190,2025,5,쿠팡플렉스,2344000,23,1,0,regular,delivery_transport,primary
190,2025,6,쿠팡플렉스,2099000,20,1,0,regular,delivery_transport,primary
190,2025,7,쿠팡플렉스,2052000,19,1,0,regular,delivery_transport,primary
190,2025,8,쿠팡플렉스,2209000,17,1,0,regular,delivery_transport,primary
190,2025,9,쿠팡플렉스,2313000,19,1,1,regular,delivery_transport,primary
190,2025,10,쿠팡플렉스,2219000,18,1,0,regular,delivery_transport,primary
190,2025,11,쿠팡플렉스,2813000,28,1,0,regular,delivery_transport,primary
190,2025,12,쿠팡플렉스,2293000,24,1,1,regular,delivery_transport,primary
190,2026,1,쿠팡플렉스,2020000,20,1,1,regular,delivery_transport,primary
190,2026,2,쿠팡플렉스,2338000,21,1,1,regular,delivery_transport,primary
190,2026,3,쿠팡플렉스,2509000,25,1,0,regular,delivery_transport,primary
190,2026,4,쿠팡플렉스,2955000,28,1,0,regular,delivery_transport,primary
190,2026,5,쿠팡플렉스,2187000,19,1,0,regular,delivery_transport,primary
191,2024,6,생각대로,293000,8,1,0,seasonal,delivery_transport,occasional
191,2024,7,생각대로,449000,13,1,0,seasonal,delivery_transport,occasional
191,2024,8,생각대로,396000,11,1,0,seasonal,delivery_transport,occasional
191,2024,9,생각대로,320000,11,1,1,seasonal,delivery_transport,occasional
191,2024,10,생각대로,369000,12,1,0,seasonal,delivery_transport,occasional
191,2024,11,생각대로,407000,10,1,0,seasonal,delivery_transport,occasional
191,2024,12,생각대로,428000,11,1,1,seasonal,delivery_transport,occasional
191,2025,1,생각대로,341000,10,1,1,seasonal,delivery_transport,occasional
191,2025,2,생각대로,334000,11,1,1,seasonal,delivery_transport,occasional
191,2025,3,생각대로,334000,9,1,0,seasonal,delivery_transport,occasional
191,2025,4,생각대로,353000,9,1,0,seasonal,delivery_transport,occasional
191,2025,5,생각대로,443000,12,1,0,seasonal,delivery_transport,occasional
191,2025,6,생각대로,358000,9,1,0,seasonal,delivery_transport,occasional
191,2025,7,생각대로,378000,13,1,0,seasonal,delivery_transport,occasional
191,2025,8,생각대로,356000,11,1,0,seasonal,delivery_transport,occasional
191,2025,9,생각대로,348000,9,1,1,seasonal,delivery_transport,occasional
191,2025,10,생각대로,380000,12,1,0,seasonal,delivery_transport,occasional
191,2025,11,생각대로,421000,12,1,0,seasonal,delivery_transport,occasional
191,2025,12,생각대로,418000,11,1,1,seasonal,delivery_transport,occasional
191,2026,1,생각대로,299000,8,1,1,seasonal,delivery_transport,occasional
191,2026,2,생각대로,355000,9,1,1,seasonal,delivery_transport,occasional
191,2026,3,생각대로,386000,11,1,0,seasonal,delivery_transport,occasional
191,2026,4,생각대로,422000,11,1,0,seasonal,delivery_transport,occasional
191,2026,5,생각대로,433000,12,1,0,seasonal,delivery_transport,occasional
192,2024,6,생각대로,2493000,20,1,0,irregular,delivery_transport,primary
192,2024,7,생각대로,4673000,29,1,0,irregular,delivery_transport,primary
192,2024,8,생각대로,1626000,13,1,0,irregular,delivery_transport,primary
192,2024,9,생각대로,2005000,19,1,1,irregular,delivery_transport,primary
192,2024,10,생각대로,1899000,16,1,0,irregular,delivery_transport,primary
192,2024,11,생각대로,0,0,0,0,irregular,delivery_transport,primary
192,2024,12,생각대로,2620000,19,1,1,irregular,delivery_transport,primary
192,2025,1,생각대로,2231000,17,1,1,irregular,delivery_transport,primary
192,2025,2,생각대로,2268000,16,1,1,irregular,delivery_transport,primary
192,2025,3,생각대로,1623000,14,1,0,irregular,delivery_transport,primary
192,2025,4,생각대로,2263000,16,1,0,irregular,delivery_transport,primary
192,2025,5,생각대로,3455000,31,1,0,irregular,delivery_transport,primary
192,2025,6,생각대로,2781000,20,1,0,irregular,delivery_transport,primary
192,2025,7,생각대로,2515000,23,1,0,irregular,delivery_transport,primary
192,2025,8,생각대로,1834000,17,1,0,irregular,delivery_transport,primary
192,2025,9,생각대로,2946000,21,1,1,irregular,delivery_transport,primary
192,2025,10,생각대로,4095000,25,1,0,irregular,delivery_transport,primary
192,2025,11,생각대로,1839000,14,1,0,irregular,delivery_transport,primary
192,2025,12,생각대로,1529000,11,1,1,irregular,delivery_transport,primary
192,2026,1,생각대로,0,0,0,1,irregular,delivery_transport,primary
192,2026,2,생각대로,0,0,0,1,irregular,delivery_transport,primary
192,2026,3,생각대로,0,0,0,0,irregular,delivery_transport,primary
192,2026,4,생각대로,1931000,18,1,0,irregular,delivery_transport,primary
192,2026,5,생각대로,2793000,20,1,0,irregular,delivery_transport,primary
193,2024,6,크라우드웍스,868000,18,1,0,irregular,simple_computer,secondary
193,2024,7,크라우드웍스,0,0,0,0,irregular,simple_computer,secondary
193,2024,8,크라우드웍스,515000,10,1,0,irregular,simple_computer,secondary
193,2024,9,크라우드웍스,673000,15,1,1,irregular,simple_computer,secondary
193,2024,10,크라우드웍스,123000,2,1,0,irregular,simple_computer,secondary
193,2024,11,크라우드웍스,1169000,19,1,0,irregular,simple_computer,secondary
193,2024,12,크라우드웍스,531000,12,1,1,irregular,simple_computer,secondary
193,2025,1,크라우드웍스,498000,12,1,1,irregular,simple_computer,secondary
193,2025,2,크라우드웍스,0,0,0,1,irregular,simple_computer,secondary
193,2025,3,크라우드웍스,0,0,0,0,irregular,simple_computer,secondary
193,2025,4,크라우드웍스,0,0,0,0,irregular,simple_computer,secondary
193,2025,5,크라우드웍스,0,0,0,0,irregular,simple_computer,secondary
193,2025,6,크라우드웍스,987000,20,1,0,irregular,simple_computer,secondary
193,2025,7,크라우드웍스,1174000,19,1,0,irregular,simple_computer,secondary
193,2025,8,크라우드웍스,873000,16,1,0,irregular,simple_computer,secondary
193,2025,9,크라우드웍스,1185000,19,1,1,irregular,simple_computer,secondary
193,2025,10,크라우드웍스,1397000,20,1,0,irregular,simple_computer,secondary
193,2025,11,크라우드웍스,1515000,17,1,0,irregular,simple_computer,secondary
193,2025,12,크라우드웍스,846000,16,1,1,irregular,simple_computer,secondary
193,2026,1,크라우드웍스,449000,9,1,1,irregular,simple_computer,secondary
193,2026,2,크라우드웍스,483000,9,1,1,irregular,simple_computer,secondary
193,2026,3,크라우드웍스,0,0,0,0,irregular,simple_computer,secondary
193,2026,4,크라우드웍스,298000,6,1,0,irregular,simple_computer,secondary
193,2026,5,크라우드웍스,0,0,0,0,irregular,simple_computer,secondary
194,2024,6,로지올,2043000,23,1,0,seasonal,delivery_transport,primary
194,2024,7,로지올,2077000,25,1,0,seasonal,delivery_transport,primary
194,2024,8,로지올,2540000,31,1,0,seasonal,delivery_transport,primary
194,2024,9,로지올,1678000,18,1,1,seasonal,delivery_transport,primary
194,2024,10,로지올,2005000,21,1,0,seasonal,delivery_transport,primary
194,2024,11,로지올,1956000,19,1,0,seasonal,delivery_transport,primary
194,2024,12,로지올,2543000,27,1,1,seasonal,delivery_transport,primary
194,2025,1,로지올,1667000,21,1,1,seasonal,delivery_transport,primary
194,2025,2,로지올,1621000,20,1,1,seasonal,delivery_transport,primary
194,2025,3,로지올,2124000,25,1,0,seasonal,delivery_transport,primary
194,2025,4,로지올,2082000,21,1,0,seasonal,delivery_transport,primary
194,2025,5,로지올,2104000,26,1,0,seasonal,delivery_transport,primary
194,2025,6,로지올,1736000,22,1,0,seasonal,delivery_transport,primary
194,2025,7,로지올,2241000,24,1,0,seasonal,delivery_transport,primary
194,2025,8,로지올,2022000,24,1,0,seasonal,delivery_transport,primary
194,2025,9,로지올,1958000,21,1,1,seasonal,delivery_transport,primary
194,2025,10,로지올,1804000,21,1,0,seasonal,delivery_transport,primary
194,2025,11,로지올,1978000,21,1,0,seasonal,delivery_transport,primary
194,2025,12,로지올,2247000,23,1,1,seasonal,delivery_transport,primary
194,2026,1,로지올,1687000,19,1,1,seasonal,delivery_transport,primary
194,2026,2,로지올,1706000,18,1,1,seasonal,delivery_transport,primary
194,2026,3,로지올,1935000,19,1,0,seasonal,delivery_transport,primary
194,2026,4,로지올,1790000,21,1,0,seasonal,delivery_transport,primary
194,2026,5,로지올,2054000,25,1,0,seasonal,delivery_transport,primary
195,2024,6,쿠팡플렉스,2003000,15,1,0,seasonal,delivery_transport,secondary
195,2024,7,쿠팡플렉스,1465000,10,1,0,seasonal,delivery_transport,secondary
195,2024,8,쿠팡플렉스,2046000,12,1,0,seasonal,delivery_transport,secondary
195,2024,9,쿠팡플렉스,1504000,11,1,1,seasonal,delivery_transport,secondary
195,2024,10,쿠팡플렉스,1659000,12,1,0,seasonal,delivery_transport,secondary
195,2024,11,쿠팡플렉스,1639000,13,1,0,seasonal,delivery_transport,secondary
195,2024,12,쿠팡플렉스,2223000,16,1,1,seasonal,delivery_transport,secondary
195,2025,1,쿠팡플렉스,1766000,13,1,1,seasonal,delivery_transport,secondary
195,2025,2,쿠팡플렉스,1281000,10,1,1,seasonal,delivery_transport,secondary
195,2025,3,쿠팡플렉스,1129000,9,1,0,seasonal,delivery_transport,secondary
195,2025,4,쿠팡플렉스,1276000,10,1,0,seasonal,delivery_transport,secondary
195,2025,5,쿠팡플렉스,1989000,14,1,0,seasonal,delivery_transport,secondary
195,2025,6,쿠팡플렉스,2046000,14,1,0,seasonal,delivery_transport,secondary
195,2025,7,쿠팡플렉스,1724000,14,1,0,seasonal,delivery_transport,secondary
195,2025,8,쿠팡플렉스,1997000,16,1,0,seasonal,delivery_transport,secondary
195,2025,9,쿠팡플렉스,1732000,14,1,1,seasonal,delivery_transport,secondary
195,2025,10,쿠팡플렉스,1651000,13,1,0,seasonal,delivery_transport,secondary
195,2025,11,쿠팡플렉스,1629000,10,1,0,seasonal,delivery_transport,secondary
195,2025,12,쿠팡플렉스,2102000,16,1,1,seasonal,delivery_transport,secondary
195,2026,1,쿠팡플렉스,1234000,9,1,1,seasonal,delivery_transport,secondary
195,2026,2,쿠팡플렉스,1256000,9,1,1,seasonal,delivery_transport,secondary
195,2026,3,쿠팡플렉스,1216000,8,1,0,seasonal,delivery_transport,secondary
195,2026,4,쿠팡플렉스,1609000,13,1,0,seasonal,delivery_transport,secondary
195,2026,5,쿠팡플렉스,1304000,8,1,0,seasonal,delivery_transport,secondary
196,2024,6,트위치,0,0,0,0,irregular,creative,primary
196,2024,7,트위치,1282000,15,1,0,irregular,creative,primary
196,2024,8,트위치,0,0,0,0,irregular,creative,primary
196,2024,9,트위치,622000,7,1,1,irregular,creative,primary
196,2024,10,트위치,0,0,0,0,irregular,creative,primary
196,2024,11,트위치,1585000,20,1,0,irregular,creative,primary
196,2024,12,트위치,1138000,11,1,1,irregular,creative,primary
196,2025,1,트위치,0,0,0,1,irregular,creative,primary
196,2025,2,트위치,1856000,20,1,1,irregular,creative,primary
196,2025,3,트위치,9000000,36,1,0,irregular,creative,primary
196,2025,4,트위치,2928000,33,1,0,irregular,creative,primary
196,2025,5,트위치,5683000,27,1,0,irregular,creative,primary
196,2025,6,트위치,6234000,29,1,0,irregular,creative,primary
196,2025,7,트위치,6903000,35,1,0,irregular,creative,primary
196,2025,8,트위치,4856000,29,1,0,irregular,creative,primary
196,2025,9,트위치,7218000,32,1,1,irregular,creative,primary
196,2025,10,트위치,8741000,32,1,0,irregular,creative,primary
196,2025,11,트위치,4671000,28,1,0,irregular,creative,primary
196,2025,12,트위치,3421000,28,1,1,irregular,creative,primary
196,2026,1,트위치,3842000,30,1,1,irregular,creative,primary
196,2026,2,트위치,7954000,35,1,1,irregular,creative,primary
196,2026,3,트위치,1664000,21,1,0,irregular,creative,primary
196,2026,4,트위치,0,0,0,0,irregular,creative,primary
196,2026,5,트위치,547000,5,1,0,irregular,creative,primary
197,2024,6,쿠팡이츠,584000,17,1,0,regular,delivery_transport,secondary
197,2024,7,쿠팡이츠,588000,16,1,0,regular,delivery_transport,secondary
197,2024,8,쿠팡이츠,723000,17,1,0,regular,delivery_transport,secondary
197,2024,9,쿠팡이츠,654000,19,1,1,regular,delivery_transport,secondary
197,2024,10,쿠팡이츠,625000,19,1,0,regular,delivery_transport,secondary
197,2024,11,쿠팡이츠,755000,20,1,0,regular,delivery_transport,secondary
197,2024,12,쿠팡이츠,651000,17,1,1,regular,delivery_transport,secondary
197,2025,1,쿠팡이츠,579000,17,1,1,regular,delivery_transport,secondary
197,2025,2,쿠팡이츠,693000,20,1,1,regular,delivery_transport,secondary
197,2025,3,쿠팡이츠,574000,14,1,0,regular,delivery_transport,secondary
197,2025,4,쿠팡이츠,582000,17,1,0,regular,delivery_transport,secondary
197,2025,5,쿠팡이츠,622000,14,1,0,regular,delivery_transport,secondary
197,2025,6,쿠팡이츠,608000,15,1,0,regular,delivery_transport,secondary
197,2025,7,쿠팡이츠,734000,18,1,0,regular,delivery_transport,secondary
197,2025,8,쿠팡이츠,725000,23,1,0,regular,delivery_transport,secondary
197,2025,9,쿠팡이츠,588000,16,1,1,regular,delivery_transport,secondary
197,2025,10,쿠팡이츠,679000,18,1,0,regular,delivery_transport,secondary
197,2025,11,쿠팡이츠,645000,18,1,0,regular,delivery_transport,secondary
197,2025,12,쿠팡이츠,744000,20,1,1,regular,delivery_transport,secondary
197,2026,1,쿠팡이츠,577000,18,1,1,regular,delivery_transport,secondary
197,2026,2,쿠팡이츠,718000,22,1,1,regular,delivery_transport,secondary
197,2026,3,쿠팡이츠,570000,14,1,0,regular,delivery_transport,secondary
197,2026,4,쿠팡이츠,621000,16,1,0,regular,delivery_transport,secondary
197,2026,5,쿠팡이츠,831000,20,1,0,regular,delivery_transport,secondary
198,2024,6,쿠팡이츠,2060000,21,1,0,seasonal,delivery_transport,primary
198,2024,7,쿠팡이츠,2179000,22,1,0,seasonal,delivery_transport,primary
198,2024,8,쿠팡이츠,2177000,26,1,0,seasonal,delivery_transport,primary
198,2024,9,쿠팡이츠,2241000,24,1,1,seasonal,delivery_transport,primary
198,2024,10,쿠팡이츠,1884000,19,1,0,seasonal,delivery_transport,primary
198,2024,11,쿠팡이츠,1972000,21,1,0,seasonal,delivery_transport,primary
198,2024,12,쿠팡이츠,1845000,24,1,1,seasonal,delivery_transport,primary
198,2025,1,쿠팡이츠,1587000,15,1,1,seasonal,delivery_transport,primary
198,2025,2,쿠팡이츠,1476000,15,1,1,seasonal,delivery_transport,primary
198,2025,3,쿠팡이츠,2057000,22,1,0,seasonal,delivery_transport,primary
198,2025,4,쿠팡이츠,1982000,24,1,0,seasonal,delivery_transport,primary
198,2025,5,쿠팡이츠,1914000,22,1,0,seasonal,delivery_transport,primary
198,2025,6,쿠팡이츠,1503000,15,1,0,seasonal,delivery_transport,primary
198,2025,7,쿠팡이츠,2392000,24,1,0,seasonal,delivery_transport,primary
198,2025,8,쿠팡이츠,2161000,23,1,0,seasonal,delivery_transport,primary
198,2025,9,쿠팡이츠,1683000,19,1,1,seasonal,delivery_transport,primary
198,2025,10,쿠팡이츠,2318000,28,1,0,seasonal,delivery_transport,primary
198,2025,11,쿠팡이츠,2129000,27,1,0,seasonal,delivery_transport,primary
198,2025,12,쿠팡이츠,2187000,25,1,1,seasonal,delivery_transport,primary
198,2026,1,쿠팡이츠,1428000,16,1,1,seasonal,delivery_transport,primary
198,2026,2,쿠팡이츠,1618000,18,1,1,seasonal,delivery_transport,primary
198,2026,3,쿠팡이츠,1847000,18,1,0,seasonal,delivery_transport,primary
198,2026,4,쿠팡이츠,1841000,23,1,0,seasonal,delivery_transport,primary
198,2026,5,쿠팡이츠,1999000,22,1,0,seasonal,delivery_transport,primary
199,2024,6,쿠팡이츠,824000,9,1,0,regular,delivery_transport,secondary
199,2024,7,쿠팡이츠,1107000,13,1,0,regular,delivery_transport,secondary
199,2024,8,쿠팡이츠,744000,9,1,0,regular,delivery_transport,secondary
199,2024,9,쿠팡이츠,935000,10,1,1,regular,delivery_transport,secondary
199,2024,10,쿠팡이츠,1080000,14,1,0,regular,delivery_transport,secondary
199,2024,11,쿠팡이츠,824000,10,1,0,regular,delivery_transport,secondary
199,2024,12,쿠팡이츠,1173000,11,1,1,regular,delivery_transport,secondary
199,2025,1,쿠팡이츠,729000,7,1,1,regular,delivery_transport,secondary
199,2025,2,쿠팡이츠,801000,8,1,1,regular,delivery_transport,secondary
199,2025,3,쿠팡이츠,838000,10,1,0,regular,delivery_transport,secondary
199,2025,4,쿠팡이츠,854000,10,1,0,regular,delivery_transport,secondary
199,2025,5,쿠팡이츠,817000,8,1,0,regular,delivery_transport,secondary
199,2025,6,쿠팡이츠,1036000,12,1,0,regular,delivery_transport,secondary
199,2025,7,쿠팡이츠,1009000,11,1,0,regular,delivery_transport,secondary
199,2025,8,쿠팡이츠,879000,9,1,0,regular,delivery_transport,secondary
199,2025,9,쿠팡이츠,764000,9,1,1,regular,delivery_transport,secondary
199,2025,10,쿠팡이츠,1170000,12,1,0,regular,delivery_transport,secondary
199,2025,11,쿠팡이츠,927000,10,1,0,regular,delivery_transport,secondary
199,2025,12,쿠팡이츠,969000,9,1,1,regular,delivery_transport,secondary
199,2026,1,쿠팡이츠,787000,9,1,1,regular,delivery_transport,secondary
199,2026,2,쿠팡이츠,985000,13,1,1,regular,delivery_transport,secondary
199,2026,3,쿠팡이츠,703000,7,1,0,regular,delivery_transport,secondary
199,2026,4,쿠팡이츠,1086000,12,1,0,regular,delivery_transport,secondary
199,2026,5,쿠팡이츠,1177000,12,1,0,regular,delivery_transport,secondary
200,2024,6,대리주부,1317000,16,2,0,regular,care_cleaning,secondary
200,2024,7,대리주부,1244000,17,2,0,regular,care_cleaning,secondary
200,2024,8,대리주부,1058000,13,2,0,regular,care_cleaning,secondary
200,2024,9,대리주부,1380000,17,2,1,regular,care_cleaning,secondary
200,2024,10,대리주부,1201000,15,2,0,regular,care_cleaning,secondary
200,2024,11,대리주부,1204000,15,2,0,regular,care_cleaning,secondary
200,2024,12,대리주부,1162000,14,2,1,regular,care_cleaning,secondary
200,2025,1,대리주부,1236000,15,2,1,regular,care_cleaning,secondary
200,2025,2,대리주부,1408000,16,2,1,regular,care_cleaning,secondary
200,2025,3,대리주부,1053000,12,2,0,regular,care_cleaning,secondary
200,2025,4,대리주부,1180000,13,2,0,regular,care_cleaning,secondary
200,2025,5,대리주부,1547000,16,2,0,regular,care_cleaning,secondary
200,2025,6,대리주부,1251000,14,2,0,regular,care_cleaning,secondary
200,2025,7,대리주부,1400000,16,2,0,regular,care_cleaning,secondary
200,2025,8,대리주부,1206000,16,2,0,regular,care_cleaning,secondary
200,2025,9,대리주부,1176000,14,2,1,regular,care_cleaning,secondary
200,2025,10,대리주부,1139000,14,2,0,regular,care_cleaning,secondary
200,2025,11,대리주부,1149000,15,2,0,regular,care_cleaning,secondary
200,2025,12,대리주부,1168000,13,2,1,regular,care_cleaning,secondary
200,2026,1,대리주부,1257000,16,2,1,regular,care_cleaning,secondary
200,2026,2,대리주부,1380000,17,2,1,regular,care_cleaning,secondary
200,2026,3,대리주부,1401000,19,2,0,regular,care_cleaning,secondary
200,2026,4,대리주부,1189000,13,2,0,regular,care_cleaning,secondary
200,2026,5,대리주부,1272000,14,2,0,regular,care_cleaning,secondary
201,2024,6,크몽,967000,11,2,0,regular,professional,occasional
201,2024,7,크몽,999000,9,2,0,regular,professional,occasional
201,2024,8,크몽,943000,10,2,0,regular,professional,occasional
201,2024,9,크몽,962000,10,2,1,regular,professional,occasional
201,2024,10,크몽,1041000,10,2,0,regular,professional,occasional
201,2024,11,크몽,1142000,11,2,0,regular,professional,occasional
201,2024,12,크몽,1055000,13,2,1,regular,professional,occasional
201,2025,1,크몽,1225000,15,2,1,regular,professional,occasional
201,2025,2,크몽,897000,10,2,1,regular,professional,occasional
201,2025,3,크몽,1061000,11,2,0,regular,professional,occasional
201,2025,4,크몽,1276000,14,2,0,regular,professional,occasional
201,2025,5,크몽,1234000,14,2,0,regular,professional,occasional
201,2025,6,크몽,933000,11,2,0,regular,professional,occasional
201,2025,7,크몽,1245000,12,2,0,regular,professional,occasional
201,2025,8,크몽,1247000,12,2,0,regular,professional,occasional
201,2025,9,크몽,1187000,11,2,1,regular,professional,occasional
201,2025,10,크몽,1090000,12,2,0,regular,professional,occasional
201,2025,11,크몽,1030000,11,2,0,regular,professional,occasional
201,2025,12,크몽,1501000,15,2,1,regular,professional,occasional
201,2026,1,크몽,1322000,12,2,1,regular,professional,occasional
201,2026,2,크몽,918000,9,2,1,regular,professional,occasional
201,2026,3,크몽,1337000,13,2,0,regular,professional,occasional
201,2026,4,크몽,1119000,14,2,0,regular,professional,occasional
201,2026,5,크몽,1247000,11,2,0,regular,professional,occasional
202,2024,6,요기요,2257000,27,1,0,regular,delivery_transport,primary
202,2024,7,요기요,2229000,25,1,0,regular,delivery_transport,primary
202,2024,8,요기요,2478000,31,1,0,regular,delivery_transport,primary
202,2024,9,요기요,2304000,25,1,1,regular,delivery_transport,primary
202,2024,10,요기요,2606000,27,1,0,regular,delivery_transport,primary
202,2024,11,요기요,2822000,34,1,0,regular,delivery_transport,primary
202,2024,12,요기요,2073000,22,1,1,regular,delivery_transport,primary
202,2025,1,요기요,1874000,22,1,1,regular,delivery_transport,primary
202,2025,2,요기요,1793000,22,1,1,regular,delivery_transport,primary
202,2025,3,요기요,2253000,23,1,0,regular,delivery_transport,primary
202,2025,4,요기요,2228000,29,1,0,regular,delivery_transport,primary
202,2025,5,요기요,2088000,27,1,0,regular,delivery_transport,primary
202,2025,6,요기요,2588000,30,1,0,regular,delivery_transport,primary
202,2025,7,요기요,2332000,27,1,0,regular,delivery_transport,primary
202,2025,8,요기요,2396000,30,1,0,regular,delivery_transport,primary
202,2025,9,요기요,1941000,22,1,1,regular,delivery_transport,primary
202,2025,10,요기요,1747000,17,1,0,regular,delivery_transport,primary
202,2025,11,요기요,2200000,25,1,0,regular,delivery_transport,primary
202,2025,12,요기요,2007000,25,1,1,regular,delivery_transport,primary
202,2026,1,요기요,2403000,32,1,1,regular,delivery_transport,primary
202,2026,2,요기요,2360000,24,1,1,regular,delivery_transport,primary
202,2026,3,요기요,1868000,21,1,0,regular,delivery_transport,primary
202,2026,4,요기요,2729000,28,1,0,regular,delivery_transport,primary
202,2026,5,요기요,2690000,33,1,0,regular,delivery_transport,primary
203,2024,6,에이모,484000,9,1,0,seasonal,simple_computer,occasional
203,2024,7,에이모,407000,9,1,0,seasonal,simple_computer,occasional
203,2024,8,에이모,434000,10,1,0,seasonal,simple_computer,occasional
203,2024,9,에이모,426000,11,1,1,seasonal,simple_computer,occasional
203,2024,10,에이모,383000,8,1,0,seasonal,simple_computer,occasional
203,2024,11,에이모,414000,9,1,0,seasonal,simple_computer,occasional
203,2024,12,에이모,389000,8,1,1,seasonal,simple_computer,occasional
203,2025,1,에이모,401000,8,1,1,seasonal,simple_computer,occasional
203,2025,2,에이모,386000,8,1,1,seasonal,simple_computer,occasional
203,2025,3,에이모,396000,9,1,0,seasonal,simple_computer,occasional
203,2025,4,에이모,434000,9,1,0,seasonal,simple_computer,occasional
203,2025,5,에이모,426000,8,1,0,seasonal,simple_computer,occasional
203,2025,6,에이모,381000,9,1,0,seasonal,simple_computer,occasional
203,2025,7,에이모,410000,10,1,0,seasonal,simple_computer,occasional
203,2025,8,에이모,397000,8,1,0,seasonal,simple_computer,occasional
203,2025,9,에이모,450000,10,1,1,seasonal,simple_computer,occasional
203,2025,10,에이모,306000,7,1,0,seasonal,simple_computer,occasional
203,2025,11,에이모,391000,8,1,0,seasonal,simple_computer,occasional
203,2025,12,에이모,364000,9,1,1,seasonal,simple_computer,occasional
203,2026,1,에이모,339000,9,1,1,seasonal,simple_computer,occasional
203,2026,2,에이모,412000,10,1,1,seasonal,simple_computer,occasional
203,2026,3,에이모,344000,8,1,0,seasonal,simple_computer,occasional
203,2026,4,에이모,393000,9,1,0,seasonal,simple_computer,occasional
203,2026,5,에이모,429000,9,1,0,seasonal,simple_computer,occasional
204,2024,6,대리주부,1920000,16,1,0,regular,care_cleaning,primary
204,2024,7,대리주부,2674000,19,1,0,regular,care_cleaning,primary
204,2024,8,대리주부,3089000,20,1,0,regular,care_cleaning,primary
204,2024,9,대리주부,1939000,15,1,1,regular,care_cleaning,primary
204,2024,10,대리주부,2758000,23,1,0,regular,care_cleaning,primary
204,2024,11,대리주부,3099000,24,1,0,regular,care_cleaning,primary
204,2024,12,대리주부,3431000,30,1,1,regular,care_cleaning,primary
204,2025,1,대리주부,2499000,16,1,1,regular,care_cleaning,primary
204,2025,2,대리주부,2183000,15,1,1,regular,care_cleaning,primary
204,2025,3,대리주부,3118000,22,1,0,regular,care_cleaning,primary
204,2025,4,대리주부,3121000,23,1,0,regular,care_cleaning,primary
204,2025,5,대리주부,2967000,22,1,0,regular,care_cleaning,primary
204,2025,6,대리주부,3127000,24,1,0,regular,care_cleaning,primary
204,2025,7,대리주부,2579000,21,1,0,regular,care_cleaning,primary
204,2025,8,대리주부,2410000,17,1,0,regular,care_cleaning,primary
204,2025,9,대리주부,2581000,19,1,1,regular,care_cleaning,primary
204,2025,10,대리주부,2916000,22,1,0,regular,care_cleaning,primary
204,2025,11,대리주부,2673000,20,1,0,regular,care_cleaning,primary
204,2025,12,대리주부,2338000,18,1,1,regular,care_cleaning,primary
204,2026,1,대리주부,2354000,20,1,1,regular,care_cleaning,primary
204,2026,2,대리주부,2801000,24,1,1,regular,care_cleaning,primary
204,2026,3,대리주부,2554000,22,1,0,regular,care_cleaning,primary
204,2026,4,대리주부,2847000,21,1,0,regular,care_cleaning,primary
204,2026,5,대리주부,2717000,20,1,0,regular,care_cleaning,primary
205,2024,6,크라우드웍스,419000,4,2,0,irregular,simple_computer,occasional
205,2024,7,크라우드웍스,411000,5,2,0,irregular,simple_computer,occasional
205,2024,8,크라우드웍스,0,0,0,0,irregular,simple_computer,occasional
205,2024,9,크라우드웍스,0,0,0,1,irregular,simple_computer,occasional
205,2024,10,크라우드웍스,0,0,0,0,irregular,simple_computer,occasional
205,2024,11,크라우드웍스,459000,5,2,0,irregular,simple_computer,occasional
205,2024,12,크라우드웍스,0,0,0,1,irregular,simple_computer,occasional
205,2025,1,크라우드웍스,145000,2,2,1,irregular,simple_computer,occasional
205,2025,2,크라우드웍스,336000,3,2,1,irregular,simple_computer,occasional
205,2025,3,크라우드웍스,1265000,6,2,0,irregular,simple_computer,occasional
205,2025,4,크라우드웍스,737000,6,2,0,irregular,simple_computer,occasional
205,2025,5,크라우드웍스,666000,5,2,0,irregular,simple_computer,occasional
205,2025,6,크라우드웍스,319000,3,2,0,irregular,simple_computer,occasional
205,2025,7,크라우드웍스,368000,3,2,0,irregular,simple_computer,occasional
205,2025,8,크라우드웍스,171000,2,2,0,irregular,simple_computer,occasional
205,2025,9,크라우드웍스,2168000,4,2,1,irregular,simple_computer,occasional
205,2025,10,크라우드웍스,1311000,5,2,0,irregular,simple_computer,occasional
205,2025,11,크라우드웍스,2405000,6,2,0,irregular,simple_computer,occasional
205,2025,12,크라우드웍스,1254000,5,2,1,irregular,simple_computer,occasional
205,2026,1,크라우드웍스,633000,6,2,1,irregular,simple_computer,occasional
205,2026,2,크라우드웍스,977000,6,2,1,irregular,simple_computer,occasional
205,2026,3,크라우드웍스,1358000,5,2,0,irregular,simple_computer,occasional
205,2026,4,크라우드웍스,439000,4,2,0,irregular,simple_computer,occasional
205,2026,5,크라우드웍스,1011000,5,2,0,irregular,simple_computer,occasional
206,2024,6,크몽,1209000,12,1,0,regular,professional,secondary
206,2024,7,크몽,1743000,17,1,0,regular,professional,secondary
206,2024,8,크몽,1655000,23,1,0,regular,professional,secondary
206,2024,9,크몽,1313000,18,1,1,regular,professional,secondary
206,2024,10,크몽,1558000,20,1,0,regular,professional,secondary
206,2024,11,크몽,1530000,18,1,0,regular,professional,secondary
206,2024,12,크몽,1581000,19,1,1,regular,professional,secondary
206,2025,1,크몽,1175000,14,1,1,regular,professional,secondary
206,2025,2,크몽,1079000,15,1,1,regular,professional,secondary
206,2025,3,크몽,1210000,16,1,0,regular,professional,secondary
206,2025,4,크몽,967000,13,1,0,regular,professional,secondary
206,2025,5,크몽,1295000,15,1,0,regular,professional,secondary
206,2025,6,크몽,920000,13,1,0,regular,professional,secondary
206,2025,7,크몽,1491000,18,1,0,regular,professional,secondary
206,2025,8,크몽,1301000,14,1,0,regular,professional,secondary
206,2025,9,크몽,1805000,20,1,1,regular,professional,secondary
206,2025,10,크몽,1177000,13,1,0,regular,professional,secondary
206,2025,11,크몽,1310000,15,1,0,regular,professional,secondary
206,2025,12,크몽,1257000,13,1,1,regular,professional,secondary
206,2026,1,크몽,1153000,12,1,1,regular,professional,secondary
206,2026,2,크몽,1171000,15,1,1,regular,professional,secondary
206,2026,3,크몽,1501000,17,1,0,regular,professional,secondary
206,2026,4,크몽,1281000,17,1,0,regular,professional,secondary
206,2026,5,크몽,1552000,19,1,0,regular,professional,secondary
207,2024,6,카카오T대리,721000,6,2,0,seasonal,delivery_transport,occasional
207,2024,7,카카오T대리,651000,5,2,0,seasonal,delivery_transport,occasional
207,2024,8,카카오T대리,595000,6,2,0,seasonal,delivery_transport,occasional
207,2024,9,카카오T대리,500000,5,2,1,seasonal,delivery_transport,occasional
207,2024,10,카카오T대리,670000,7,2,0,seasonal,delivery_transport,occasional
207,2024,11,카카오T대리,613000,6,2,0,seasonal,delivery_transport,occasional
207,2024,12,카카오T대리,930000,8,2,1,seasonal,delivery_transport,occasional
207,2025,1,카카오T대리,432000,4,2,1,seasonal,delivery_transport,occasional
207,2025,2,카카오T대리,576000,5,2,1,seasonal,delivery_transport,occasional
207,2025,3,카카오T대리,554000,6,2,0,seasonal,delivery_transport,occasional
207,2025,4,카카오T대리,942000,8,2,0,seasonal,delivery_transport,occasional
207,2025,5,카카오T대리,689000,7,2,0,seasonal,delivery_transport,occasional
207,2025,6,카카오T대리,680000,6,2,0,seasonal,delivery_transport,occasional
207,2025,7,카카오T대리,658000,7,2,0,seasonal,delivery_transport,occasional
207,2025,8,카카오T대리,706000,7,2,0,seasonal,delivery_transport,occasional
207,2025,9,카카오T대리,639000,7,2,1,seasonal,delivery_transport,occasional
207,2025,10,카카오T대리,795000,7,2,0,seasonal,delivery_transport,occasional
207,2025,11,카카오T대리,818000,8,2,0,seasonal,delivery_transport,occasional
207,2025,12,카카오T대리,889000,9,2,1,seasonal,delivery_transport,occasional
207,2026,1,카카오T대리,484000,5,2,1,seasonal,delivery_transport,occasional
207,2026,2,카카오T대리,509000,4,2,1,seasonal,delivery_transport,occasional
207,2026,3,카카오T대리,687000,7,2,0,seasonal,delivery_transport,occasional
207,2026,4,카카오T대리,797000,7,2,0,seasonal,delivery_transport,occasional
207,2026,5,카카오T대리,795000,6,2,0,seasonal,delivery_transport,occasional
208,2024,6,위시켓,1306000,15,2,0,regular,it_service,secondary
208,2024,7,위시켓,1221000,16,2,0,regular,it_service,secondary
208,2024,8,위시켓,972000,12,2,0,regular,it_service,secondary
208,2024,9,위시켓,1084000,15,2,1,regular,it_service,secondary
208,2024,10,위시켓,1159000,13,2,0,regular,it_service,secondary
208,2024,11,위시켓,1073000,16,2,0,regular,it_service,secondary
208,2024,12,위시켓,1276000,16,2,1,regular,it_service,secondary
208,2025,1,위시켓,891000,13,2,1,regular,it_service,secondary
208,2025,2,위시켓,1231000,17,2,1,regular,it_service,secondary
208,2025,3,위시켓,1179000,16,2,0,regular,it_service,secondary
208,2025,4,위시켓,1236000,14,2,0,regular,it_service,secondary
208,2025,5,위시켓,979000,12,2,0,regular,it_service,secondary
208,2025,6,위시켓,1071000,15,2,0,regular,it_service,secondary
208,2025,7,위시켓,1230000,16,2,0,regular,it_service,secondary
208,2025,8,위시켓,1242000,17,2,0,regular,it_service,secondary
208,2025,9,위시켓,1069000,16,2,1,regular,it_service,secondary
208,2025,10,위시켓,1090000,15,2,0,regular,it_service,secondary
208,2025,11,위시켓,1124000,14,2,0,regular,it_service,secondary
208,2025,12,위시켓,1085000,14,2,1,regular,it_service,secondary
208,2026,1,위시켓,1217000,16,2,1,regular,it_service,secondary
208,2026,2,위시켓,1178000,17,2,1,regular,it_service,secondary
208,2026,3,위시켓,1064000,13,2,0,regular,it_service,secondary
208,2026,4,위시켓,1087000,15,2,0,regular,it_service,secondary
208,2026,5,위시켓,1139000,16,2,0,regular,it_service,secondary
209,2024,6,숨고,2387000,24,2,0,seasonal,professional,primary
209,2024,7,숨고,2488000,27,2,0,seasonal,professional,primary
209,2024,8,숨고,1975000,19,2,0,seasonal,professional,primary
209,2024,9,숨고,2029000,19,2,1,seasonal,professional,primary
209,2024,10,숨고,2021000,25,2,0,seasonal,professional,primary
209,2024,11,숨고,2148000,24,2,0,seasonal,professional,primary
209,2024,12,숨고,1791000,17,2,1,seasonal,professional,primary
209,2025,1,숨고,1918000,21,2,1,seasonal,professional,primary
209,2025,2,숨고,2138000,23,2,1,seasonal,professional,primary
209,2025,3,숨고,2155000,24,2,0,seasonal,professional,primary
209,2025,4,숨고,1971000,21,2,0,seasonal,professional,primary
209,2025,5,숨고,2273000,25,2,0,seasonal,professional,primary
209,2025,6,숨고,2332000,28,2,0,seasonal,professional,primary
209,2025,7,숨고,2593000,30,2,0,seasonal,professional,primary
209,2025,8,숨고,2035000,24,2,0,seasonal,professional,primary
209,2025,9,숨고,2248000,26,2,1,seasonal,professional,primary
209,2025,10,숨고,2037000,20,2,0,seasonal,professional,primary
209,2025,11,숨고,2439000,24,2,0,seasonal,professional,primary
209,2025,12,숨고,1998000,20,2,1,seasonal,professional,primary
209,2026,1,숨고,2400000,28,2,1,seasonal,professional,primary
209,2026,2,숨고,1858000,20,2,1,seasonal,professional,primary
209,2026,3,숨고,2024000,19,2,0,seasonal,professional,primary
209,2026,4,숨고,2074000,26,2,0,seasonal,professional,primary
209,2026,5,숨고,2249000,28,2,0,seasonal,professional,primary
210,2024,6,요기요,0,0,0,0,irregular,delivery_transport,primary
210,2024,7,요기요,0,0,0,0,irregular,delivery_transport,primary
210,2024,8,요기요,0,0,0,0,irregular,delivery_transport,primary
210,2024,9,요기요,1782000,14,1,1,irregular,delivery_transport,primary
210,2024,10,요기요,4107000,22,1,0,irregular,delivery_transport,primary
210,2024,11,요기요,3409000,27,1,0,irregular,delivery_transport,primary
210,2024,12,요기요,3530000,24,1,1,irregular,delivery_transport,primary
210,2025,1,요기요,2605000,18,1,1,irregular,delivery_transport,primary
210,2025,2,요기요,1808000,14,1,1,irregular,delivery_transport,primary
210,2025,3,요기요,2631000,17,1,0,irregular,delivery_transport,primary
210,2025,4,요기요,1955000,17,1,0,irregular,delivery_transport,primary
210,2025,5,요기요,2531000,21,1,0,irregular,delivery_transport,primary
210,2025,6,요기요,3197000,23,1,0,irregular,delivery_transport,primary
210,2025,7,요기요,1955000,17,1,0,irregular,delivery_transport,primary
210,2025,8,요기요,3621000,22,1,0,irregular,delivery_transport,primary
210,2025,9,요기요,3846000,22,1,1,irregular,delivery_transport,primary
210,2025,10,요기요,2847000,20,1,0,irregular,delivery_transport,primary
210,2025,11,요기요,5389000,24,1,0,irregular,delivery_transport,primary
210,2025,12,요기요,9000000,21,1,1,irregular,delivery_transport,primary
210,2026,1,요기요,3157000,23,1,1,irregular,delivery_transport,primary
210,2026,2,요기요,2764000,20,1,1,irregular,delivery_transport,primary
210,2026,3,요기요,5411000,25,1,0,irregular,delivery_transport,primary
210,2026,4,요기요,3806000,23,1,0,irregular,delivery_transport,primary
210,2026,5,요기요,2701000,21,1,0,irregular,delivery_transport,primary
211,2024,6,요기요,1299000,12,1,0,irregular,delivery_transport,occasional
211,2024,7,요기요,498000,8,1,0,irregular,delivery_transport,occasional
211,2024,8,요기요,1393000,13,1,0,irregular,delivery_transport,occasional
211,2024,9,요기요,1189000,14,1,1,irregular,delivery_transport,occasional
211,2024,10,요기요,879000,14,1,0,irregular,delivery_transport,occasional
211,2024,11,요기요,1206000,13,1,0,irregular,delivery_transport,occasional
211,2024,12,요기요,951000,11,1,1,irregular,delivery_transport,occasional
211,2025,1,요기요,858000,11,1,1,irregular,delivery_transport,occasional
211,2025,2,요기요,1333000,11,1,1,irregular,delivery_transport,occasional
211,2025,3,요기요,844000,14,1,0,irregular,delivery_transport,occasional
211,2025,4,요기요,0,0,0,0,irregular,delivery_transport,occasional
211,2025,5,요기요,701000,13,1,0,irregular,delivery_transport,occasional
211,2025,6,요기요,1126000,11,1,0,irregular,delivery_transport,occasional
211,2025,7,요기요,748000,13,1,0,irregular,delivery_transport,occasional
211,2025,8,요기요,657000,11,1,0,irregular,delivery_transport,occasional
211,2025,9,요기요,452000,7,1,1,irregular,delivery_transport,occasional
211,2025,10,요기요,786000,14,1,0,irregular,delivery_transport,occasional
211,2025,11,요기요,529000,8,1,0,irregular,delivery_transport,occasional
211,2025,12,요기요,0,0,0,1,irregular,delivery_transport,occasional
211,2026,1,요기요,0,0,0,1,irregular,delivery_transport,occasional
211,2026,2,요기요,0,0,0,1,irregular,delivery_transport,occasional
211,2026,3,요기요,620000,11,1,0,irregular,delivery_transport,occasional
211,2026,4,요기요,524000,8,1,0,irregular,delivery_transport,occasional
211,2026,5,요기요,775000,13,1,0,irregular,delivery_transport,occasional
212,2024,6,크몽,0,0,0,0,irregular,professional,occasional
212,2024,7,크몽,293000,5,1,0,irregular,professional,occasional
212,2024,8,크몽,650000,8,1,0,irregular,professional,occasional
212,2024,9,크몽,261000,4,1,1,irregular,professional,occasional
212,2024,10,크몽,408000,6,1,0,irregular,professional,occasional
212,2024,11,크몽,1965000,8,1,0,irregular,professional,occasional
212,2024,12,크몽,953000,8,1,1,irregular,professional,occasional
212,2025,1,크몽,653000,8,1,1,irregular,professional,occasional
212,2025,2,크몽,200000,3,1,1,irregular,professional,occasional
212,2025,3,크몽,946000,8,1,0,irregular,professional,occasional
212,2025,4,크몽,1368000,7,1,0,irregular,professional,occasional
212,2025,5,크몽,1238000,7,1,0,irregular,professional,occasional
212,2025,6,크몽,1065000,8,1,0,irregular,professional,occasional
212,2025,7,크몽,549000,7,1,0,irregular,professional,occasional
212,2025,8,크몽,129000,2,1,0,irregular,professional,occasional
212,2025,9,크몽,163000,2,1,1,irregular,professional,occasional
212,2025,10,크몽,0,0,0,0,irregular,professional,occasional
212,2025,11,크몽,372000,6,1,0,irregular,professional,occasional
212,2025,12,크몽,348000,5,1,1,irregular,professional,occasional
212,2026,1,크몽,667000,6,1,1,irregular,professional,occasional
212,2026,2,크몽,128000,2,1,1,irregular,professional,occasional
212,2026,3,크몽,112000,2,1,0,irregular,professional,occasional
212,2026,4,크몽,0,0,0,0,irregular,professional,occasional
212,2026,5,크몽,0,0,0,0,irregular,professional,occasional
213,2024,6,생각대로,2775000,21,1,0,seasonal,delivery_transport,primary
213,2024,7,생각대로,3545000,33,1,0,seasonal,delivery_transport,primary
213,2024,8,생각대로,3810000,28,1,0,seasonal,delivery_transport,primary
213,2024,9,생각대로,2886000,23,1,1,seasonal,delivery_transport,primary
213,2024,10,생각대로,3051000,27,1,0,seasonal,delivery_transport,primary
213,2024,11,생각대로,3421000,34,1,0,seasonal,delivery_transport,primary
213,2024,12,생각대로,3193000,33,1,1,seasonal,delivery_transport,primary
213,2025,1,생각대로,2856000,27,1,1,seasonal,delivery_transport,primary
213,2025,2,생각대로,2335000,22,1,1,seasonal,delivery_transport,primary
213,2025,3,생각대로,2625000,25,1,0,seasonal,delivery_transport,primary
213,2025,4,생각대로,2856000,24,1,0,seasonal,delivery_transport,primary
213,2025,5,생각대로,2759000,28,1,0,seasonal,delivery_transport,primary
213,2025,6,생각대로,1879000,16,1,0,seasonal,delivery_transport,primary
213,2025,7,생각대로,3559000,29,1,0,seasonal,delivery_transport,primary
213,2025,8,생각대로,2911000,26,1,0,seasonal,delivery_transport,primary
213,2025,9,생각대로,2614000,26,1,1,seasonal,delivery_transport,primary
213,2025,10,생각대로,3098000,29,1,0,seasonal,delivery_transport,primary
213,2025,11,생각대로,2918000,23,1,0,seasonal,delivery_transport,primary
213,2025,12,생각대로,4073000,32,1,1,seasonal,delivery_transport,primary
213,2026,1,생각대로,2550000,22,1,1,seasonal,delivery_transport,primary
213,2026,2,생각대로,2229000,18,1,1,seasonal,delivery_transport,primary
213,2026,3,생각대로,2759000,25,1,0,seasonal,delivery_transport,primary
213,2026,4,생각대로,2941000,23,1,0,seasonal,delivery_transport,primary
213,2026,5,생각대로,2447000,24,1,0,seasonal,delivery_transport,primary
214,2024,6,숨고,984000,11,2,0,regular,professional,secondary
214,2024,7,숨고,908000,9,2,0,regular,professional,secondary
214,2024,8,숨고,1058000,10,2,0,regular,professional,secondary
214,2024,9,숨고,950000,11,2,1,regular,professional,secondary
214,2024,10,숨고,1118000,13,2,0,regular,professional,secondary
214,2024,11,숨고,1324000,15,2,0,regular,professional,secondary
214,2024,12,숨고,1304000,12,2,1,regular,professional,secondary
214,2025,1,숨고,1108000,12,2,1,regular,professional,secondary
214,2025,2,숨고,892000,10,2,1,regular,professional,secondary
214,2025,3,숨고,1197000,11,2,0,regular,professional,secondary
214,2025,4,숨고,1055000,10,2,0,regular,professional,secondary
214,2025,5,숨고,1272000,12,2,0,regular,professional,secondary
214,2025,6,숨고,1287000,14,2,0,regular,professional,secondary
214,2025,7,숨고,1119000,12,2,0,regular,professional,secondary
214,2025,8,숨고,1094000,11,2,0,regular,professional,secondary
214,2025,9,숨고,984000,10,2,1,regular,professional,secondary
214,2025,10,숨고,914000,10,2,0,regular,professional,secondary
214,2025,11,숨고,911000,10,2,0,regular,professional,secondary
214,2025,12,숨고,941000,11,2,1,regular,professional,secondary
214,2026,1,숨고,1091000,10,2,1,regular,professional,secondary
214,2026,2,숨고,1319000,12,2,1,regular,professional,secondary
214,2026,3,숨고,789000,9,2,0,regular,professional,secondary
214,2026,4,숨고,1147000,12,2,0,regular,professional,secondary
214,2026,5,숨고,1267000,13,2,0,regular,professional,secondary
215,2024,6,쿠팡플렉스,280000,11,3,0,irregular,delivery_transport,occasional
215,2024,7,쿠팡플렉스,0,0,0,0,irregular,delivery_transport,occasional
215,2024,8,쿠팡플렉스,0,0,0,0,irregular,delivery_transport,occasional
215,2024,9,쿠팡플렉스,323000,11,3,1,irregular,delivery_transport,occasional
215,2024,10,쿠팡플렉스,307000,11,3,0,irregular,delivery_transport,occasional
215,2024,11,쿠팡플렉스,621000,13,3,0,irregular,delivery_transport,occasional
215,2024,12,쿠팡플렉스,483000,13,3,1,irregular,delivery_transport,occasional
215,2025,1,쿠팡플렉스,737000,11,3,1,irregular,delivery_transport,occasional
215,2025,2,쿠팡플렉스,535000,13,3,1,irregular,delivery_transport,occasional
215,2025,3,쿠팡플렉스,497000,14,3,0,irregular,delivery_transport,occasional
215,2025,4,쿠팡플렉스,362000,12,3,0,irregular,delivery_transport,occasional
215,2025,5,쿠팡플렉스,631000,12,3,0,irregular,delivery_transport,occasional
215,2025,6,쿠팡플렉스,1233000,12,3,0,irregular,delivery_transport,occasional
215,2025,7,쿠팡플렉스,553000,15,3,0,irregular,delivery_transport,occasional
215,2025,8,쿠팡플렉스,504000,12,3,0,irregular,delivery_transport,occasional
215,2025,9,쿠팡플렉스,590000,12,3,1,irregular,delivery_transport,occasional
215,2025,10,쿠팡플렉스,795000,14,3,0,irregular,delivery_transport,occasional
215,2025,11,쿠팡플렉스,753000,15,3,0,irregular,delivery_transport,occasional
215,2025,12,쿠팡플렉스,474000,15,3,1,irregular,delivery_transport,occasional
215,2026,1,쿠팡플렉스,613000,13,3,1,irregular,delivery_transport,occasional
215,2026,2,쿠팡플렉스,323000,14,3,1,irregular,delivery_transport,occasional
215,2026,3,쿠팡플렉스,409000,15,3,0,irregular,delivery_transport,occasional
215,2026,4,쿠팡플렉스,445000,13,3,0,irregular,delivery_transport,occasional
215,2026,5,쿠팡플렉스,539000,12,3,0,irregular,delivery_transport,occasional
216,2024,6,카카오T대리,324000,4,3,0,seasonal,delivery_transport,occasional
216,2024,7,카카오T대리,247000,3,3,0,seasonal,delivery_transport,occasional
216,2024,8,카카오T대리,337000,4,3,0,seasonal,delivery_transport,occasional
216,2024,9,카카오T대리,297000,4,3,1,seasonal,delivery_transport,occasional
216,2024,10,카카오T대리,326000,4,3,0,seasonal,delivery_transport,occasional
216,2024,11,카카오T대리,376000,4,3,0,seasonal,delivery_transport,occasional
216,2024,12,카카오T대리,485000,5,3,1,seasonal,delivery_transport,occasional
216,2025,1,카카오T대리,202000,2,3,1,seasonal,delivery_transport,occasional
216,2025,2,카카오T대리,244000,3,3,1,seasonal,delivery_transport,occasional
216,2025,3,카카오T대리,277000,3,3,0,seasonal,delivery_transport,occasional
216,2025,4,카카오T대리,341000,4,3,0,seasonal,delivery_transport,occasional
216,2025,5,카카오T대리,337000,4,3,0,seasonal,delivery_transport,occasional
216,2025,6,카카오T대리,249000,3,3,0,seasonal,delivery_transport,occasional
216,2025,7,카카오T대리,269000,4,3,0,seasonal,delivery_transport,occasional
216,2025,8,카카오T대리,265000,3,3,0,seasonal,delivery_transport,occasional
216,2025,9,카카오T대리,277000,3,3,1,seasonal,delivery_transport,occasional
216,2025,10,카카오T대리,341000,4,3,0,seasonal,delivery_transport,occasional
216,2025,11,카카오T대리,458000,4,3,0,seasonal,delivery_transport,occasional
216,2025,12,카카오T대리,410000,5,3,1,seasonal,delivery_transport,occasional
216,2026,1,카카오T대리,272000,3,3,1,seasonal,delivery_transport,occasional
216,2026,2,카카오T대리,251000,4,3,1,seasonal,delivery_transport,occasional
216,2026,3,카카오T대리,257000,4,3,0,seasonal,delivery_transport,occasional
216,2026,4,카카오T대리,384000,5,3,0,seasonal,delivery_transport,occasional
216,2026,5,카카오T대리,336000,4,3,0,seasonal,delivery_transport,occasional
217,2024,6,숨고,0,0,0,0,irregular,professional,primary
217,2024,7,숨고,1267000,10,2,0,irregular,professional,primary
217,2024,8,숨고,1821000,16,2,0,irregular,professional,primary
217,2024,9,숨고,2497000,22,2,1,irregular,professional,primary
217,2024,10,숨고,199000,2,1,0,irregular,professional,primary
217,2024,11,숨고,420000,4,1,0,irregular,professional,primary
217,2024,12,숨고,659000,5,1,1,irregular,professional,primary
217,2025,1,숨고,2313000,21,2,1,irregular,professional,primary
217,2025,2,숨고,3064000,27,2,1,irregular,professional,primary
217,2025,3,숨고,0,0,0,0,irregular,professional,primary
217,2025,4,숨고,0,0,0,0,irregular,professional,primary
217,2025,5,숨고,4402000,23,2,0,irregular,professional,primary
217,2025,6,숨고,0,0,0,0,irregular,professional,primary
217,2025,7,숨고,458000,3,1,0,irregular,professional,primary
217,2025,8,숨고,1309000,13,2,0,irregular,professional,primary
217,2025,9,숨고,1166000,10,2,1,irregular,professional,primary
217,2025,10,숨고,627000,6,1,0,irregular,professional,primary
217,2025,11,숨고,1853000,14,2,0,irregular,professional,primary
217,2025,12,숨고,3272000,26,2,1,irregular,professional,primary
217,2026,1,숨고,706000,6,1,1,irregular,professional,primary
217,2026,2,숨고,2801000,23,2,1,irregular,professional,primary
217,2026,3,숨고,0,0,0,0,irregular,professional,primary
217,2026,4,숨고,0,0,0,0,irregular,professional,primary
217,2026,5,숨고,1211000,10,2,0,irregular,professional,primary
218,2024,6,숨고,2999000,29,2,0,seasonal,professional,primary
218,2024,7,숨고,3448000,32,2,0,seasonal,professional,primary
218,2024,8,숨고,2860000,27,2,0,seasonal,professional,primary
218,2024,9,숨고,2728000,23,2,1,seasonal,professional,primary
218,2024,10,숨고,2085000,17,2,0,seasonal,professional,primary
218,2024,11,숨고,3118000,24,2,0,seasonal,professional,primary
218,2024,12,숨고,3486000,25,2,1,seasonal,professional,primary
218,2025,1,숨고,3007000,24,2,1,seasonal,professional,primary
218,2025,2,숨고,2385000,20,2,1,seasonal,professional,primary
218,2025,3,숨고,2257000,20,2,0,seasonal,professional,primary
218,2025,4,숨고,1997000,17,2,0,seasonal,professional,primary
218,2025,5,숨고,5015000,30,2,0,seasonal,professional,primary
218,2025,6,숨고,2538000,22,2,0,seasonal,professional,primary
218,2025,7,숨고,3239000,29,2,0,seasonal,professional,primary
218,2025,8,숨고,2831000,25,2,0,seasonal,professional,primary
218,2025,9,숨고,2447000,19,2,1,seasonal,professional,primary
218,2025,10,숨고,3756000,34,2,0,seasonal,professional,primary
218,2025,11,숨고,2856000,24,2,0,seasonal,professional,primary
218,2025,12,숨고,3010000,29,2,1,seasonal,professional,primary
218,2026,1,숨고,2709000,23,2,1,seasonal,professional,primary
218,2026,2,숨고,2970000,23,2,1,seasonal,professional,primary
218,2026,3,숨고,2321000,21,2,0,seasonal,professional,primary
218,2026,4,숨고,3027000,29,2,0,seasonal,professional,primary
218,2026,5,숨고,3572000,29,2,0,seasonal,professional,primary
219,2024,6,카카오모빌리티,1539000,19,1,0,irregular,delivery_transport,secondary
219,2024,7,카카오모빌리티,0,0,0,0,irregular,delivery_transport,secondary
219,2024,8,카카오모빌리티,1435000,17,1,0,irregular,delivery_transport,secondary
219,2024,9,카카오모빌리티,1941000,21,1,1,irregular,delivery_transport,secondary
219,2024,10,카카오모빌리티,1746000,19,1,0,irregular,delivery_transport,secondary
219,2024,11,카카오모빌리티,808000,8,1,0,irregular,delivery_transport,secondary
219,2024,12,카카오모빌리티,0,0,0,1,irregular,delivery_transport,secondary
219,2025,1,카카오모빌리티,1800000,19,1,1,irregular,delivery_transport,secondary
219,2025,2,카카오모빌리티,1391000,15,1,1,irregular,delivery_transport,secondary
219,2025,3,카카오모빌리티,1127000,12,1,0,irregular,delivery_transport,secondary
219,2025,4,카카오모빌리티,879000,12,1,0,irregular,delivery_transport,secondary
219,2025,5,카카오모빌리티,1768000,18,1,0,irregular,delivery_transport,secondary
219,2025,6,카카오모빌리티,1967000,19,1,0,irregular,delivery_transport,secondary
219,2025,7,카카오모빌리티,2274000,17,1,0,irregular,delivery_transport,secondary
219,2025,8,카카오모빌리티,2965000,16,1,0,irregular,delivery_transport,secondary
219,2025,9,카카오모빌리티,1888000,16,1,1,irregular,delivery_transport,secondary
219,2025,10,카카오모빌리티,1923000,17,1,0,irregular,delivery_transport,secondary
219,2025,11,카카오모빌리티,2616000,20,1,0,irregular,delivery_transport,secondary
219,2025,12,카카오모빌리티,0,0,0,1,irregular,delivery_transport,secondary
219,2026,1,카카오모빌리티,4221000,18,1,1,irregular,delivery_transport,secondary
219,2026,2,카카오모빌리티,2607000,20,1,1,irregular,delivery_transport,secondary
219,2026,3,카카오모빌리티,3315000,16,1,0,irregular,delivery_transport,secondary
219,2026,4,카카오모빌리티,1398000,14,1,0,irregular,delivery_transport,secondary
219,2026,5,카카오모빌리티,794000,9,1,0,irregular,delivery_transport,secondary
220,2024,6,로지올,1744000,29,1,0,regular,delivery_transport,primary
220,2024,7,로지올,1862000,28,1,0,regular,delivery_transport,primary
220,2024,8,로지올,1398000,20,1,0,regular,delivery_transport,primary
220,2024,9,로지올,1385000,21,1,1,regular,delivery_transport,primary
220,2024,10,로지올,1761000,29,1,0,regular,delivery_transport,primary
220,2024,11,로지올,1956000,29,1,0,regular,delivery_transport,primary
220,2024,12,로지올,1171000,16,1,1,regular,delivery_transport,primary
220,2025,1,로지올,1179000,16,1,1,regular,delivery_transport,primary
220,2025,2,로지올,1832000,29,1,1,regular,delivery_transport,primary
220,2025,3,로지올,1993000,29,1,0,regular,delivery_transport,primary
220,2025,4,로지올,1812000,26,1,0,regular,delivery_transport,primary
220,2025,5,로지올,1919000,25,1,0,regular,delivery_transport,primary
220,2025,6,로지올,1798000,23,1,0,regular,delivery_transport,primary
220,2025,7,로지올,1679000,28,1,0,regular,delivery_transport,primary
220,2025,8,로지올,1879000,28,1,0,regular,delivery_transport,primary
220,2025,9,로지올,1517000,25,1,1,regular,delivery_transport,primary
220,2025,10,로지올,1614000,27,1,0,regular,delivery_transport,primary
220,2025,11,로지올,1685000,28,1,0,regular,delivery_transport,primary
220,2025,12,로지올,1865000,27,1,1,regular,delivery_transport,primary
220,2026,1,로지올,1767000,30,1,1,regular,delivery_transport,primary
220,2026,2,로지올,1550000,23,1,1,regular,delivery_transport,primary
220,2026,3,로지올,1889000,30,1,0,regular,delivery_transport,primary
220,2026,4,로지올,1799000,30,1,0,regular,delivery_transport,primary
220,2026,5,로지올,1937000,26,1,0,regular,delivery_transport,primary
221,2024,6,생각대로,2242000,30,2,0,seasonal,delivery_transport,primary
221,2024,7,생각대로,3228000,37,2,0,seasonal,delivery_transport,primary
221,2024,8,생각대로,2901000,31,2,0,seasonal,delivery_transport,primary
221,2024,9,생각대로,1965000,37,2,1,seasonal,delivery_transport,primary
221,2024,10,생각대로,2120000,37,2,0,seasonal,delivery_transport,primary
221,2024,11,생각대로,1633000,29,2,0,seasonal,delivery_transport,primary
221,2024,12,생각대로,1426000,23,2,1,seasonal,delivery_transport,primary
221,2025,1,생각대로,1020000,18,2,1,seasonal,delivery_transport,primary
221,2025,2,생각대로,1410000,25,2,1,seasonal,delivery_transport,primary
221,2025,3,생각대로,1155000,21,2,0,seasonal,delivery_transport,primary
221,2025,4,생각대로,0,0,0,0,seasonal,delivery_transport,primary
221,2025,5,생각대로,1970000,36,2,0,seasonal,delivery_transport,primary
221,2025,6,생각대로,2107000,35,2,0,seasonal,delivery_transport,primary
221,2025,7,생각대로,2184000,36,2,0,seasonal,delivery_transport,primary
221,2025,8,생각대로,1557000,29,2,0,seasonal,delivery_transport,primary
221,2025,9,생각대로,2453000,30,2,1,seasonal,delivery_transport,primary
221,2025,10,생각대로,3416000,35,2,0,seasonal,delivery_transport,primary
221,2025,11,생각대로,1991000,33,2,0,seasonal,delivery_transport,primary
221,2025,12,생각대로,2207000,28,2,1,seasonal,delivery_transport,primary
221,2026,1,생각대로,1679000,30,2,1,seasonal,delivery_transport,primary
221,2026,2,생각대로,2052000,29,2,1,seasonal,delivery_transport,primary
221,2026,3,생각대로,2544000,34,2,0,seasonal,delivery_transport,primary
221,2026,4,생각대로,1078000,18,2,0,seasonal,delivery_transport,primary
221,2026,5,생각대로,0,0,0,0,seasonal,delivery_transport,primary
222,2024,6,배달의민족,3696000,29,3,0,irregular,delivery_transport,primary
222,2024,7,배달의민족,3459000,25,3,0,irregular,delivery_transport,primary
222,2024,8,배달의민족,1000000,11,3,0,irregular,delivery_transport,primary
222,2024,9,배달의민족,2607000,32,3,1,irregular,delivery_transport,primary
222,2024,10,배달의민족,2811000,29,3,0,irregular,delivery_transport,primary
222,2024,11,배달의민족,4257000,33,3,0,irregular,delivery_transport,primary
222,2024,12,배달의민족,2296000,28,3,1,irregular,delivery_transport,primary
222,2025,1,배달의민족,0,0,0,1,irregular,delivery_transport,primary
222,2025,2,배달의민족,0,0,0,1,irregular,delivery_transport,primary
222,2025,3,배달의민족,2788000,34,3,0,irregular,delivery_transport,primary
222,2025,4,배달의민족,1218000,14,3,0,irregular,delivery_transport,primary
222,2025,5,배달의민족,0,0,0,0,irregular,delivery_transport,primary
222,2025,6,배달의민족,0,0,0,0,irregular,delivery_transport,primary
222,2025,7,배달의민족,997000,12,3,0,irregular,delivery_transport,primary
222,2025,8,배달의민족,1381000,14,3,0,irregular,delivery_transport,primary
222,2025,9,배달의민족,2412000,31,3,1,irregular,delivery_transport,primary
222,2025,10,배달의민족,1112000,15,3,0,irregular,delivery_transport,primary
222,2025,11,배달의민족,2214000,27,3,0,irregular,delivery_transport,primary
222,2025,12,배달의민족,6049000,26,3,1,irregular,delivery_transport,primary
222,2026,1,배달의민족,4278000,29,3,1,irregular,delivery_transport,primary
222,2026,2,배달의민족,4255000,29,3,1,irregular,delivery_transport,primary
222,2026,3,배달의민족,2312000,25,3,0,irregular,delivery_transport,primary
222,2026,4,배달의민족,1837000,20,3,0,irregular,delivery_transport,primary
222,2026,5,배달의민족,5168000,34,3,0,irregular,delivery_transport,primary
223,2024,6,트위치,0,0,0,0,irregular,creative,occasional
223,2024,7,트위치,102000,1,2,0,irregular,creative,occasional
223,2024,8,트위치,893000,8,3,0,irregular,creative,occasional
223,2024,9,트위치,0,0,0,1,irregular,creative,occasional
223,2024,10,트위치,2115000,7,3,0,irregular,creative,occasional
223,2024,11,트위치,355000,3,3,0,irregular,creative,occasional
223,2024,12,트위치,736000,7,3,1,irregular,creative,occasional
223,2025,1,트위치,880000,8,3,1,irregular,creative,occasional
223,2025,2,트위치,0,0,0,1,irregular,creative,occasional
223,2025,3,트위치,786000,7,3,0,irregular,creative,occasional
223,2025,4,트위치,324000,3,3,0,irregular,creative,occasional
223,2025,5,트위치,899000,7,3,0,irregular,creative,occasional
223,2025,6,트위치,611000,5,3,0,irregular,creative,occasional
223,2025,7,트위치,2183000,8,3,0,irregular,creative,occasional
223,2025,8,트위치,0,0,0,0,irregular,creative,occasional
223,2025,9,트위치,1270000,8,3,1,irregular,creative,occasional
223,2025,10,트위치,658000,5,3,0,irregular,creative,occasional
223,2025,11,트위치,141000,1,2,0,irregular,creative,occasional
223,2025,12,트위치,0,0,0,1,irregular,creative,occasional
223,2026,1,트위치,0,0,0,1,irregular,creative,occasional
223,2026,2,트위치,1008000,7,3,1,irregular,creative,occasional
223,2026,3,트위치,0,0,0,0,irregular,creative,occasional
223,2026,4,트위치,0,0,0,0,irregular,creative,occasional
223,2026,5,트위치,183000,2,2,0,irregular,creative,occasional
224,2024,6,위시켓,0,0,0,0,irregular,it_service,primary
224,2024,7,위시켓,0,0,0,0,irregular,it_service,primary
224,2024,8,위시켓,0,0,0,0,irregular,it_service,primary
224,2024,9,위시켓,4448000,28,3,1,irregular,it_service,primary
224,2024,10,위시켓,0,0,0,0,irregular,it_service,primary
224,2024,11,위시켓,0,0,0,0,irregular,it_service,primary
224,2024,12,위시켓,3676000,25,3,1,irregular,it_service,primary
224,2025,1,위시켓,0,0,0,1,irregular,it_service,primary
224,2025,2,위시켓,3307000,26,3,1,irregular,it_service,primary
224,2025,3,위시켓,2694000,30,3,0,irregular,it_service,primary
224,2025,4,위시켓,3784000,27,3,0,irregular,it_service,primary
224,2025,5,위시켓,3170000,32,3,0,irregular,it_service,primary
224,2025,6,위시켓,4183000,34,3,0,irregular,it_service,primary
224,2025,7,위시켓,7023000,33,3,0,irregular,it_service,primary
224,2025,8,위시켓,4702000,34,3,0,irregular,it_service,primary
224,2025,9,위시켓,0,0,0,1,irregular,it_service,primary
224,2025,10,위시켓,2593000,26,3,0,irregular,it_service,primary
224,2025,11,위시켓,9000000,33,3,0,irregular,it_service,primary
224,2025,12,위시켓,7831000,26,3,1,irregular,it_service,primary
224,2026,1,위시켓,5809000,32,3,1,irregular,it_service,primary
224,2026,2,위시켓,0,0,0,1,irregular,it_service,primary
224,2026,3,위시켓,3009000,30,3,0,irregular,it_service,primary
224,2026,4,위시켓,0,0,0,0,irregular,it_service,primary
224,2026,5,위시켓,3945000,29,3,0,irregular,it_service,primary
225,2024,6,크몽,696000,6,1,0,irregular,professional,primary
225,2024,7,크몽,918000,8,1,0,irregular,professional,primary
225,2024,8,크몽,3015000,26,1,0,irregular,professional,primary
225,2024,9,크몽,4529000,30,1,1,irregular,professional,primary
225,2024,10,크몽,1576000,12,1,0,irregular,professional,primary
225,2024,11,크몽,1776000,16,1,0,irregular,professional,primary
225,2024,12,크몽,731000,7,1,1,irregular,professional,primary
225,2025,1,크몽,3257000,24,1,1,irregular,professional,primary
225,2025,2,크몽,1992000,18,1,1,irregular,professional,primary
225,2025,3,크몽,2993000,28,1,0,irregular,professional,primary
225,2025,4,크몽,635000,5,1,0,irregular,professional,primary
225,2025,5,크몽,9000000,32,1,0,irregular,professional,primary
225,2025,6,크몽,5031000,26,1,0,irregular,professional,primary
225,2025,7,크몽,6277000,29,1,0,irregular,professional,primary
225,2025,8,크몽,5159000,30,1,0,irregular,professional,primary
225,2025,9,크몽,6508000,28,1,1,irregular,professional,primary
225,2025,10,크몽,1319000,12,1,0,irregular,professional,primary
225,2025,11,크몽,2136000,22,1,0,irregular,professional,primary
225,2025,12,크몽,0,0,0,1,irregular,professional,primary
225,2026,1,크몽,3301000,32,1,1,irregular,professional,primary
225,2026,2,크몽,1689000,15,1,1,irregular,professional,primary
225,2026,3,크몽,0,0,0,0,irregular,professional,primary
225,2026,4,크몽,3783000,26,1,0,irregular,professional,primary
225,2026,5,크몽,1966000,18,1,0,irregular,professional,primary
226,2024,6,요기요,2613000,31,2,0,seasonal,delivery_transport,primary
226,2024,7,요기요,2349000,28,2,0,seasonal,delivery_transport,primary
226,2024,8,요기요,2814000,25,2,0,seasonal,delivery_transport,primary
226,2024,9,요기요,2399000,23,2,1,seasonal,delivery_transport,primary
226,2024,10,요기요,2555000,31,2,0,seasonal,delivery_transport,primary
226,2024,11,요기요,2521000,26,2,0,seasonal,delivery_transport,primary
226,2024,12,요기요,2899000,33,2,1,seasonal,delivery_transport,primary
226,2025,1,요기요,1983000,18,2,1,seasonal,delivery_transport,primary
226,2025,2,요기요,2160000,25,2,1,seasonal,delivery_transport,primary
226,2025,3,요기요,2067000,20,2,0,seasonal,delivery_transport,primary
226,2025,4,요기요,2509000,29,2,0,seasonal,delivery_transport,primary
226,2025,5,요기요,2217000,24,2,0,seasonal,delivery_transport,primary
226,2025,6,요기요,2368000,24,2,0,seasonal,delivery_transport,primary
226,2025,7,요기요,2734000,27,2,0,seasonal,delivery_transport,primary
226,2025,8,요기요,2370000,27,2,0,seasonal,delivery_transport,primary
226,2025,9,요기요,2079000,22,2,1,seasonal,delivery_transport,primary
226,2025,10,요기요,2745000,26,2,0,seasonal,delivery_transport,primary
226,2025,11,요기요,2530000,26,2,0,seasonal,delivery_transport,primary
226,2025,12,요기요,2961000,32,2,1,seasonal,delivery_transport,primary
226,2026,1,요기요,1975000,23,2,1,seasonal,delivery_transport,primary
226,2026,2,요기요,2149000,25,2,1,seasonal,delivery_transport,primary
226,2026,3,요기요,2413000,27,2,0,seasonal,delivery_transport,primary
226,2026,4,요기요,2290000,25,2,0,seasonal,delivery_transport,primary
226,2026,5,요기요,2682000,30,2,0,seasonal,delivery_transport,primary
227,2024,6,클래스101,697000,4,2,0,irregular,creative,occasional
227,2024,7,클래스101,916000,5,2,0,irregular,creative,occasional
227,2024,8,클래스101,684000,3,2,0,irregular,creative,occasional
227,2024,9,클래스101,709000,4,2,1,irregular,creative,occasional
227,2024,10,클래스101,804000,4,2,0,irregular,creative,occasional
227,2024,11,클래스101,170000,1,1,0,irregular,creative,occasional
227,2024,12,클래스101,1011000,5,2,1,irregular,creative,occasional
227,2025,1,클래스101,283000,2,2,1,irregular,creative,occasional
227,2025,2,클래스101,1993000,4,2,1,irregular,creative,occasional
227,2025,3,클래스101,0,0,0,0,irregular,creative,occasional
227,2025,4,클래스101,0,0,0,0,irregular,creative,occasional
227,2025,5,클래스101,1608000,5,2,0,irregular,creative,occasional
227,2025,6,클래스101,0,0,0,0,irregular,creative,occasional
227,2025,7,클래스101,249000,2,1,0,irregular,creative,occasional
227,2025,8,클래스101,0,0,0,0,irregular,creative,occasional
227,2025,9,클래스101,256000,1,1,1,irregular,creative,occasional
227,2025,10,클래스101,121000,1,1,0,irregular,creative,occasional
227,2025,11,클래스101,3666000,4,2,0,irregular,creative,occasional
227,2025,12,클래스101,341000,2,2,1,irregular,creative,occasional
227,2026,1,클래스101,201000,1,1,1,irregular,creative,occasional
227,2026,2,클래스101,389000,2,2,1,irregular,creative,occasional
227,2026,3,클래스101,1446000,5,2,0,irregular,creative,occasional
227,2026,4,클래스101,939000,6,2,0,irregular,creative,occasional
227,2026,5,클래스101,1066000,5,2,0,irregular,creative,occasional
228,2024,6,카카오모빌리티,1389000,15,1,0,seasonal,delivery_transport,primary
228,2024,7,카카오모빌리티,1087000,13,1,0,seasonal,delivery_transport,primary
228,2024,8,카카오모빌리티,1530000,18,1,0,seasonal,delivery_transport,primary
228,2024,9,카카오모빌리티,1877000,24,1,1,seasonal,delivery_transport,primary
228,2024,10,카카오모빌리티,977000,13,1,0,seasonal,delivery_transport,primary
228,2024,11,카카오모빌리티,1963000,23,1,0,seasonal,delivery_transport,primary
228,2024,12,카카오모빌리티,2965000,27,1,1,seasonal,delivery_transport,primary
228,2025,1,카카오모빌리티,1271000,15,1,1,seasonal,delivery_transport,primary
228,2025,2,카카오모빌리티,1061000,13,1,1,seasonal,delivery_transport,primary
228,2025,3,카카오모빌리티,1253000,16,1,0,seasonal,delivery_transport,primary
228,2025,4,카카오모빌리티,1982000,27,1,0,seasonal,delivery_transport,primary
228,2025,5,카카오모빌리티,2110000,24,1,0,seasonal,delivery_transport,primary
228,2025,6,카카오모빌리티,1440000,18,1,0,seasonal,delivery_transport,primary
228,2025,7,카카오모빌리티,1965000,21,1,0,seasonal,delivery_transport,primary
228,2025,8,카카오모빌리티,1381000,16,1,0,seasonal,delivery_transport,primary
228,2025,9,카카오모빌리티,1736000,22,1,1,seasonal,delivery_transport,primary
228,2025,10,카카오모빌리티,1409000,16,1,0,seasonal,delivery_transport,primary
228,2025,11,카카오모빌리티,1883000,26,1,0,seasonal,delivery_transport,primary
228,2025,12,카카오모빌리티,2161000,23,1,1,seasonal,delivery_transport,primary
228,2026,1,카카오모빌리티,1317000,16,1,1,seasonal,delivery_transport,primary
228,2026,2,카카오모빌리티,1178000,16,1,1,seasonal,delivery_transport,primary
228,2026,3,카카오모빌리티,1365000,15,1,0,seasonal,delivery_transport,primary
228,2026,4,카카오모빌리티,1791000,21,1,0,seasonal,delivery_transport,primary
228,2026,5,카카오모빌리티,1604000,21,1,0,seasonal,delivery_transport,primary
229,2024,6,요기요,2540000,21,1,0,regular,delivery_transport,primary
229,2024,7,요기요,3443000,26,1,0,regular,delivery_transport,primary
229,2024,8,요기요,2952000,22,1,0,regular,delivery_transport,primary
229,2024,9,요기요,2797000,20,1,1,regular,delivery_transport,primary
229,2024,10,요기요,2879000,22,1,0,regular,delivery_transport,primary
229,2024,11,요기요,2874000,24,1,0,regular,delivery_transport,primary
229,2024,12,요기요,2664000,18,1,1,regular,delivery_transport,primary
229,2025,1,요기요,2357000,19,1,1,regular,delivery_transport,primary
229,2025,2,요기요,2491000,20,1,1,regular,delivery_transport,primary
229,2025,3,요기요,2639000,22,1,0,regular,delivery_transport,primary
229,2025,4,요기요,2885000,22,1,0,regular,delivery_transport,primary
229,2025,5,요기요,2275000,16,1,0,regular,delivery_transport,primary
229,2025,6,요기요,2861000,21,1,0,regular,delivery_transport,primary
229,2025,7,요기요,3287000,28,1,0,regular,delivery_transport,primary
229,2025,8,요기요,2948000,23,1,0,regular,delivery_transport,primary
229,2025,9,요기요,2187000,19,1,1,regular,delivery_transport,primary
229,2025,10,요기요,3185000,25,1,0,regular,delivery_transport,primary
229,2025,11,요기요,2494000,21,1,0,regular,delivery_transport,primary
229,2025,12,요기요,3579000,25,1,1,regular,delivery_transport,primary
229,2026,1,요기요,2830000,20,1,1,regular,delivery_transport,primary
229,2026,2,요기요,2550000,19,1,1,regular,delivery_transport,primary
229,2026,3,요기요,2494000,19,1,0,regular,delivery_transport,primary
229,2026,4,요기요,1698000,14,1,0,regular,delivery_transport,primary
229,2026,5,요기요,2457000,19,1,0,regular,delivery_transport,primary
230,2024,6,에이모,308000,5,1,0,irregular,simple_computer,primary
230,2024,7,에이모,491000,10,1,0,irregular,simple_computer,primary
230,2024,8,에이모,1139000,25,1,0,irregular,simple_computer,primary
230,2024,9,에이모,1013000,18,1,1,irregular,simple_computer,primary
230,2024,10,에이모,0,0,0,0,irregular,simple_computer,primary
230,2024,11,에이모,0,0,0,0,irregular,simple_computer,primary
230,2024,12,에이모,1640000,31,1,1,irregular,simple_computer,primary
230,2025,1,에이모,1073000,21,1,1,irregular,simple_computer,primary
230,2025,2,에이모,1017000,21,1,1,irregular,simple_computer,primary
230,2025,3,에이모,869000,16,1,0,irregular,simple_computer,primary
230,2025,4,에이모,0,0,0,0,irregular,simple_computer,primary
230,2025,5,에이모,941000,22,1,0,irregular,simple_computer,primary
230,2025,6,에이모,876000,19,1,0,irregular,simple_computer,primary
230,2025,7,에이모,745000,15,1,0,irregular,simple_computer,primary
230,2025,8,에이모,2390000,25,1,0,irregular,simple_computer,primary
230,2025,9,에이모,1446000,27,1,1,irregular,simple_computer,primary
230,2025,10,에이모,645000,14,1,0,irregular,simple_computer,primary
230,2025,11,에이모,518000,11,1,0,irregular,simple_computer,primary
230,2025,12,에이모,1738000,30,1,1,irregular,simple_computer,primary
230,2026,1,에이모,2091000,26,1,1,irregular,simple_computer,primary
230,2026,2,에이모,3103000,32,1,1,irregular,simple_computer,primary
230,2026,3,에이모,1333000,28,1,0,irregular,simple_computer,primary
230,2026,4,에이모,444000,10,1,0,irregular,simple_computer,primary
230,2026,5,에이모,0,0,0,0,irregular,simple_computer,primary
231,2024,6,클래스101,2225000,20,1,0,regular,creative,primary
231,2024,7,클래스101,2332000,21,1,0,regular,creative,primary
231,2024,8,클래스101,1960000,19,1,0,regular,creative,primary
231,2024,9,클래스101,2165000,23,1,1,regular,creative,primary
231,2024,10,클래스101,1649000,18,1,0,regular,creative,primary
231,2024,11,클래스101,2480000,26,1,0,regular,creative,primary
231,2024,12,클래스101,1930000,16,1,1,regular,creative,primary
231,2025,1,클래스101,1750000,15,1,1,regular,creative,primary
231,2025,2,클래스101,2127000,24,1,1,regular,creative,primary
231,2025,3,클래스101,2008000,18,1,0,regular,creative,primary
231,2025,4,클래스101,2127000,22,1,0,regular,creative,primary
231,2025,5,클래스101,2194000,24,1,0,regular,creative,primary
231,2025,6,클래스101,1813000,21,1,0,regular,creative,primary
231,2025,7,클래스101,2025000,23,1,0,regular,creative,primary
231,2025,8,클래스101,1488000,13,1,0,regular,creative,primary
231,2025,9,클래스101,1568000,16,1,1,regular,creative,primary
231,2025,10,클래스101,1496000,14,1,0,regular,creative,primary
231,2025,11,클래스101,1811000,19,1,0,regular,creative,primary
231,2025,12,클래스101,1669000,14,1,1,regular,creative,primary
231,2026,1,클래스101,1915000,20,1,1,regular,creative,primary
231,2026,2,클래스101,2527000,28,1,1,regular,creative,primary
231,2026,3,클래스101,1886000,18,1,0,regular,creative,primary
231,2026,4,클래스101,1609000,18,1,0,regular,creative,primary
231,2026,5,클래스101,1961000,19,1,0,regular,creative,primary
232,2024,6,숨고,4591000,27,1,0,irregular,professional,primary
232,2024,7,숨고,2811000,26,1,0,irregular,professional,primary
232,2024,8,숨고,1265000,14,1,0,irregular,professional,primary
232,2024,9,숨고,608000,6,1,1,irregular,professional,primary
232,2024,10,숨고,3374000,30,1,0,irregular,professional,primary
232,2024,11,숨고,0,0,0,0,irregular,professional,primary
232,2024,12,숨고,876000,9,1,1,irregular,professional,primary
232,2025,1,숨고,1392000,14,1,1,irregular,professional,primary
232,2025,2,숨고,2839000,28,1,1,irregular,professional,primary
232,2025,3,숨고,0,0,0,0,irregular,professional,primary
232,2025,4,숨고,1155000,12,1,0,irregular,professional,primary
232,2025,5,숨고,1123000,10,1,0,irregular,professional,primary
232,2025,6,숨고,1491000,16,1,0,irregular,professional,primary
232,2025,7,숨고,0,0,0,0,irregular,professional,primary
232,2025,8,숨고,1858000,16,1,0,irregular,professional,primary
232,2025,9,숨고,487000,5,1,1,irregular,professional,primary
232,2025,10,숨고,4399000,28,1,0,irregular,professional,primary
232,2025,11,숨고,4675000,23,1,0,irregular,professional,primary
232,2025,12,숨고,1047000,9,1,1,irregular,professional,primary
232,2026,1,숨고,1171000,10,1,1,irregular,professional,primary
232,2026,2,숨고,0,0,0,1,irregular,professional,primary
232,2026,3,숨고,2518000,29,1,0,irregular,professional,primary
232,2026,4,숨고,2726000,23,1,0,irregular,professional,primary
232,2026,5,숨고,0,0,0,0,irregular,professional,primary
233,2024,6,배달의민족,2327000,26,1,0,seasonal,delivery_transport,primary
233,2024,7,배달의민족,2680000,23,1,0,seasonal,delivery_transport,primary
233,2024,8,배달의민족,3297000,30,1,0,seasonal,delivery_transport,primary
233,2024,9,배달의민족,2448000,23,1,1,seasonal,delivery_transport,primary
233,2024,10,배달의민족,2222000,21,1,0,seasonal,delivery_transport,primary
233,2024,11,배달의민족,2785000,26,1,0,seasonal,delivery_transport,primary
233,2024,12,배달의민족,2052000,18,1,1,seasonal,delivery_transport,primary
233,2025,1,배달의민족,1977000,21,1,1,seasonal,delivery_transport,primary
233,2025,2,배달의민족,1576000,16,1,1,seasonal,delivery_transport,primary
233,2025,3,배달의민족,2115000,22,1,0,seasonal,delivery_transport,primary
233,2025,4,배달의민족,2617000,22,1,0,seasonal,delivery_transport,primary
233,2025,5,배달의민족,2582000,27,1,0,seasonal,delivery_transport,primary
233,2025,6,배달의민족,2082000,21,1,0,seasonal,delivery_transport,primary
233,2025,7,배달의민족,2904000,29,1,0,seasonal,delivery_transport,primary
233,2025,8,배달의민족,2991000,32,1,0,seasonal,delivery_transport,primary
233,2025,9,배달의민족,2610000,27,1,1,seasonal,delivery_transport,primary
233,2025,10,배달의민족,2460000,23,1,0,seasonal,delivery_transport,primary
233,2025,11,배달의민족,1834000,16,1,0,seasonal,delivery_transport,primary
233,2025,12,배달의민족,3033000,27,1,1,seasonal,delivery_transport,primary
233,2026,1,배달의민족,1814000,17,1,1,seasonal,delivery_transport,primary
233,2026,2,배달의민족,1836000,20,1,1,seasonal,delivery_transport,primary
233,2026,3,배달의민족,2150000,24,1,0,seasonal,delivery_transport,primary
233,2026,4,배달의민족,1812000,19,1,0,seasonal,delivery_transport,primary
233,2026,5,배달의민족,2608000,27,1,0,seasonal,delivery_transport,primary
234,2024,6,프리모아,2984000,26,3,0,regular,it_service,primary
234,2024,7,프리모아,2823000,21,3,0,regular,it_service,primary
234,2024,8,프리모아,2952000,25,3,0,regular,it_service,primary
234,2024,9,프리모아,2984000,21,3,1,regular,it_service,primary
234,2024,10,프리모아,2898000,24,3,0,regular,it_service,primary
234,2024,11,프리모아,2675000,22,3,0,regular,it_service,primary
234,2024,12,프리모아,3085000,27,3,1,regular,it_service,primary
234,2025,1,프리모아,2567000,23,3,1,regular,it_service,primary
234,2025,2,프리모아,2815000,27,3,1,regular,it_service,primary
234,2025,3,프리모아,2641000,20,3,0,regular,it_service,primary
234,2025,4,프리모아,3128000,24,3,0,regular,it_service,primary
234,2025,5,프리모아,2992000,28,3,0,regular,it_service,primary
234,2025,6,프리모아,2988000,25,3,0,regular,it_service,primary
234,2025,7,프리모아,2702000,21,3,0,regular,it_service,primary
234,2025,8,프리모아,2717000,22,3,0,regular,it_service,primary
234,2025,9,프리모아,2997000,21,3,1,regular,it_service,primary
234,2025,10,프리모아,2549000,21,3,0,regular,it_service,primary
234,2025,11,프리모아,2417000,21,3,0,regular,it_service,primary
234,2025,12,프리모아,2961000,27,3,1,regular,it_service,primary
234,2026,1,프리모아,2912000,21,3,1,regular,it_service,primary
234,2026,2,프리모아,3239000,28,3,1,regular,it_service,primary
234,2026,3,프리모아,2699000,19,3,0,regular,it_service,primary
234,2026,4,프리모아,3010000,27,3,0,regular,it_service,primary
234,2026,5,프리모아,2764000,25,3,0,regular,it_service,primary
235,2024,6,숨고,2122000,22,1,0,regular,professional,primary
235,2024,7,숨고,2005000,18,1,0,regular,professional,primary
235,2024,8,숨고,1935000,21,1,0,regular,professional,primary
235,2024,9,숨고,2285000,23,1,1,regular,professional,primary
235,2024,10,숨고,2467000,28,1,0,regular,professional,primary
235,2024,11,숨고,2054000,21,1,0,regular,professional,primary
235,2024,12,숨고,2407000,25,1,1,regular,professional,primary
235,2025,1,숨고,2293000,24,1,1,regular,professional,primary
235,2025,2,숨고,2516000,25,1,1,regular,professional,primary
235,2025,3,숨고,2401000,20,1,0,regular,professional,primary
235,2025,4,숨고,2483000,29,1,0,regular,professional,primary
235,2025,5,숨고,2232000,22,1,0,regular,professional,primary
235,2025,6,숨고,2476000,23,1,0,regular,professional,primary
235,2025,7,숨고,1932000,23,1,0,regular,professional,primary
235,2025,8,숨고,2189000,23,1,0,regular,professional,primary
235,2025,9,숨고,2300000,20,1,1,regular,professional,primary
235,2025,10,숨고,2137000,19,1,0,regular,professional,primary
235,2025,11,숨고,1997000,19,1,0,regular,professional,primary
235,2025,12,숨고,1697000,14,1,1,regular,professional,primary
235,2026,1,숨고,2292000,21,1,1,regular,professional,primary
235,2026,2,숨고,2413000,22,1,1,regular,professional,primary
235,2026,3,숨고,2461000,26,1,0,regular,professional,primary
235,2026,4,숨고,2022000,19,1,0,regular,professional,primary
235,2026,5,숨고,2309000,21,1,0,regular,professional,primary
236,2024,6,숨고,1814000,15,1,0,irregular,professional,primary
236,2024,7,숨고,4702000,25,1,0,irregular,professional,primary
236,2024,8,숨고,7361000,24,1,0,irregular,professional,primary
236,2024,9,숨고,2933000,24,1,1,irregular,professional,primary
236,2024,10,숨고,1285000,10,1,0,irregular,professional,primary
236,2024,11,숨고,3106000,23,1,0,irregular,professional,primary
236,2024,12,숨고,9000000,27,1,1,irregular,professional,primary
236,2025,1,숨고,9000000,26,1,1,irregular,professional,primary
236,2025,2,숨고,1585000,11,1,1,irregular,professional,primary
236,2025,3,숨고,1546000,12,1,0,irregular,professional,primary
236,2025,4,숨고,6360000,29,1,0,irregular,professional,primary
236,2025,5,숨고,0,0,0,0,irregular,professional,primary
236,2025,6,숨고,3551000,28,1,0,irregular,professional,primary
236,2025,7,숨고,2105000,15,1,0,irregular,professional,primary
236,2025,8,숨고,0,0,0,0,irregular,professional,primary
236,2025,9,숨고,1749000,16,1,1,irregular,professional,primary
236,2025,10,숨고,1014000,8,1,0,irregular,professional,primary
236,2025,11,숨고,0,0,0,0,irregular,professional,primary
236,2025,12,숨고,3983000,23,1,1,irregular,professional,primary
236,2026,1,숨고,9000000,28,1,1,irregular,professional,primary
236,2026,2,숨고,9000000,25,1,1,irregular,professional,primary
236,2026,3,숨고,1060000,9,1,0,irregular,professional,primary
236,2026,4,숨고,580000,4,1,0,irregular,professional,primary
236,2026,5,숨고,3312000,28,1,0,irregular,professional,primary
237,2024,6,카카오T대리,2729000,32,3,0,seasonal,delivery_transport,primary
237,2024,7,카카오T대리,2317000,26,3,0,seasonal,delivery_transport,primary
237,2024,8,카카오T대리,2406000,21,3,0,seasonal,delivery_transport,primary
237,2024,9,카카오T대리,2301000,26,3,1,seasonal,delivery_transport,primary
237,2024,10,카카오T대리,2418000,27,3,0,seasonal,delivery_transport,primary
237,2024,11,카카오T대리,3139000,30,3,0,seasonal,delivery_transport,primary
237,2024,12,카카오T대리,3109000,28,3,1,seasonal,delivery_transport,primary
237,2025,1,카카오T대리,1762000,15,3,1,seasonal,delivery_transport,primary
237,2025,2,카카오T대리,2501000,29,3,1,seasonal,delivery_transport,primary
237,2025,3,카카오T대리,2461000,22,3,0,seasonal,delivery_transport,primary
237,2025,4,카카오T대리,2677000,26,3,0,seasonal,delivery_transport,primary
237,2025,5,카카오T대리,2616000,28,3,0,seasonal,delivery_transport,primary
237,2025,6,카카오T대리,2845000,33,3,0,seasonal,delivery_transport,primary
237,2025,7,카카오T대리,2430000,25,3,0,seasonal,delivery_transport,primary
237,2025,8,카카오T대리,1857000,20,3,0,seasonal,delivery_transport,primary
237,2025,9,카카오T대리,2272000,27,3,1,seasonal,delivery_transport,primary
237,2025,10,카카오T대리,2317000,27,3,0,seasonal,delivery_transport,primary
237,2025,11,카카오T대리,3769000,29,3,0,seasonal,delivery_transport,primary
237,2025,12,카카오T대리,3188000,31,3,1,seasonal,delivery_transport,primary
237,2026,1,카카오T대리,2087000,20,3,1,seasonal,delivery_transport,primary
237,2026,2,카카오T대리,1937000,20,3,1,seasonal,delivery_transport,primary
237,2026,3,카카오T대리,2016000,24,3,0,seasonal,delivery_transport,primary
237,2026,4,카카오T대리,2289000,25,3,0,seasonal,delivery_transport,primary
237,2026,5,카카오T대리,2249000,19,3,0,seasonal,delivery_transport,primary
238,2024,6,미소,1870000,26,1,0,regular,care_cleaning,primary
238,2024,7,미소,1783000,23,1,0,regular,care_cleaning,primary
238,2024,8,미소,1707000,23,1,0,regular,care_cleaning,primary
238,2024,9,미소,2035000,23,1,1,regular,care_cleaning,primary
238,2024,10,미소,1684000,23,1,0,regular,care_cleaning,primary
238,2024,11,미소,1535000,22,1,0,regular,care_cleaning,primary
238,2024,12,미소,2014000,28,1,1,regular,care_cleaning,primary
238,2025,1,미소,1735000,24,1,1,regular,care_cleaning,primary
238,2025,2,미소,1573000,20,1,1,regular,care_cleaning,primary
238,2025,3,미소,1662000,22,1,0,regular,care_cleaning,primary
238,2025,4,미소,1897000,21,1,0,regular,care_cleaning,primary
238,2025,5,미소,2090000,30,1,0,regular,care_cleaning,primary
238,2025,6,미소,1761000,20,1,0,regular,care_cleaning,primary
238,2025,7,미소,1931000,27,1,0,regular,care_cleaning,primary
238,2025,8,미소,1833000,21,1,0,regular,care_cleaning,primary
238,2025,9,미소,1592000,21,1,1,regular,care_cleaning,primary
238,2025,10,미소,1829000,25,1,0,regular,care_cleaning,primary
238,2025,11,미소,1719000,21,1,0,regular,care_cleaning,primary
238,2025,12,미소,1719000,23,1,1,regular,care_cleaning,primary
238,2026,1,미소,1602000,22,1,1,regular,care_cleaning,primary
238,2026,2,미소,1559000,20,1,1,regular,care_cleaning,primary
238,2026,3,미소,1925000,27,1,0,regular,care_cleaning,primary
238,2026,4,미소,1836000,26,1,0,regular,care_cleaning,primary
238,2026,5,미소,1694000,18,1,0,regular,care_cleaning,primary
239,2024,6,쿠팡플렉스,3529000,32,3,0,irregular,delivery_transport,primary
239,2024,7,쿠팡플렉스,4999000,31,3,0,irregular,delivery_transport,primary
239,2024,8,쿠팡플렉스,2565000,22,3,0,irregular,delivery_transport,primary
239,2024,9,쿠팡플렉스,2106000,17,3,1,irregular,delivery_transport,primary
239,2024,10,쿠팡플렉스,1338000,10,3,0,irregular,delivery_transport,primary
239,2024,11,쿠팡플렉스,1328000,10,3,0,irregular,delivery_transport,primary
239,2024,12,쿠팡플렉스,2800000,20,3,1,irregular,delivery_transport,primary
239,2025,1,쿠팡플렉스,1294000,10,3,1,irregular,delivery_transport,primary
239,2025,2,쿠팡플렉스,1057000,8,2,1,irregular,delivery_transport,primary
239,2025,3,쿠팡플렉스,872000,7,2,0,irregular,delivery_transport,primary
239,2025,4,쿠팡플렉스,0,0,0,0,irregular,delivery_transport,primary
239,2025,5,쿠팡플렉스,1023000,8,2,0,irregular,delivery_transport,primary
239,2025,6,쿠팡플렉스,1067000,8,2,0,irregular,delivery_transport,primary
239,2025,7,쿠팡플렉스,846000,6,2,0,irregular,delivery_transport,primary
239,2025,8,쿠팡플렉스,0,0,0,0,irregular,delivery_transport,primary
239,2025,9,쿠팡플렉스,0,0,0,1,irregular,delivery_transport,primary
239,2025,10,쿠팡플렉스,1098000,9,2,0,irregular,delivery_transport,primary
239,2025,11,쿠팡플렉스,1759000,13,3,0,irregular,delivery_transport,primary
239,2025,12,쿠팡플렉스,1670000,14,3,1,irregular,delivery_transport,primary
239,2026,1,쿠팡플렉스,2238000,16,3,1,irregular,delivery_transport,primary
239,2026,2,쿠팡플렉스,2443000,20,3,1,irregular,delivery_transport,primary
239,2026,3,쿠팡플렉스,5291000,32,3,0,irregular,delivery_transport,primary
239,2026,4,쿠팡플렉스,6538000,36,3,0,irregular,delivery_transport,primary
239,2026,5,쿠팡플렉스,4400000,35,3,0,irregular,delivery_transport,primary
240,2024,6,쿠팡플렉스,2090000,24,1,0,regular,delivery_transport,primary
240,2024,7,쿠팡플렉스,2320000,21,1,0,regular,delivery_transport,primary
240,2024,8,쿠팡플렉스,2313000,25,1,0,regular,delivery_transport,primary
240,2024,9,쿠팡플렉스,2070000,25,1,1,regular,delivery_transport,primary
240,2024,10,쿠팡플렉스,2164000,21,1,0,regular,delivery_transport,primary
240,2024,11,쿠팡플렉스,2263000,24,1,0,regular,delivery_transport,primary
240,2024,12,쿠팡플렉스,2302000,24,1,1,regular,delivery_transport,primary
240,2025,1,쿠팡플렉스,1958000,21,1,1,regular,delivery_transport,primary
240,2025,2,쿠팡플렉스,1926000,23,1,1,regular,delivery_transport,primary
240,2025,3,쿠팡플렉스,2397000,22,1,0,regular,delivery_transport,primary
240,2025,4,쿠팡플렉스,2630000,28,1,0,regular,delivery_transport,primary
240,2025,5,쿠팡플렉스,2017000,24,1,0,regular,delivery_transport,primary
240,2025,6,쿠팡플렉스,1690000,16,1,0,regular,delivery_transport,primary
240,2025,7,쿠팡플렉스,2455000,26,1,0,regular,delivery_transport,primary
240,2025,8,쿠팡플렉스,2414000,23,1,0,regular,delivery_transport,primary
240,2025,9,쿠팡플렉스,1916000,22,1,1,regular,delivery_transport,primary
240,2025,10,쿠팡플렉스,2018000,24,1,0,regular,delivery_transport,primary
240,2025,11,쿠팡플렉스,2419000,23,1,0,regular,delivery_transport,primary
240,2025,12,쿠팡플렉스,2960000,31,1,1,regular,delivery_transport,primary
240,2026,1,쿠팡플렉스,1698000,21,1,1,regular,delivery_transport,primary
240,2026,2,쿠팡플렉스,2088000,23,1,1,regular,delivery_transport,primary
240,2026,3,쿠팡플렉스,1587000,14,1,0,regular,delivery_transport,primary
240,2026,4,쿠팡플렉스,2002000,18,1,0,regular,delivery_transport,primary
240,2026,5,쿠팡플렉스,2448000,28,1,0,regular,delivery_transport,primary
241,2024,6,로지올,1138000,11,1,0,seasonal,delivery_transport,secondary
241,2024,7,로지올,1091000,11,1,0,seasonal,delivery_transport,secondary
241,2024,8,로지올,1009000,11,1,0,seasonal,delivery_transport,secondary
241,2024,9,로지올,873000,8,1,1,seasonal,delivery_transport,secondary
241,2024,10,로지올,1091000,12,1,0,seasonal,delivery_transport,secondary
241,2024,11,로지올,982000,10,1,0,seasonal,delivery_transport,secondary
241,2024,12,로지올,1253000,14,1,1,seasonal,delivery_transport,secondary
241,2025,1,로지올,831000,9,1,1,seasonal,delivery_transport,secondary
241,2025,2,로지올,916000,8,1,1,seasonal,delivery_transport,secondary
241,2025,3,로지올,1019000,11,1,0,seasonal,delivery_transport,secondary
241,2025,4,로지올,1048000,10,1,0,seasonal,delivery_transport,secondary
241,2025,5,로지올,907000,8,1,0,seasonal,delivery_transport,secondary
241,2025,6,로지올,986000,11,1,0,seasonal,delivery_transport,secondary
241,2025,7,로지올,1215000,13,1,0,seasonal,delivery_transport,secondary
241,2025,8,로지올,970000,9,1,0,seasonal,delivery_transport,secondary
241,2025,9,로지올,776000,7,1,1,seasonal,delivery_transport,secondary
241,2025,10,로지올,864000,9,1,0,seasonal,delivery_transport,secondary
241,2025,11,로지올,905000,9,1,0,seasonal,delivery_transport,secondary
241,2025,12,로지올,955000,10,1,1,seasonal,delivery_transport,secondary
241,2026,1,로지올,821000,8,1,1,seasonal,delivery_transport,secondary
241,2026,2,로지올,812000,8,1,1,seasonal,delivery_transport,secondary
241,2026,3,로지올,694000,8,1,0,seasonal,delivery_transport,secondary
241,2026,4,로지올,927000,10,1,0,seasonal,delivery_transport,secondary
241,2026,5,로지올,924000,8,1,0,seasonal,delivery_transport,secondary
242,2024,6,쿠팡이츠,848000,9,1,0,seasonal,delivery_transport,secondary
242,2024,7,쿠팡이츠,1121000,13,1,0,seasonal,delivery_transport,secondary
242,2024,8,쿠팡이츠,923000,12,1,0,seasonal,delivery_transport,secondary
242,2024,9,쿠팡이츠,1128000,12,1,1,seasonal,delivery_transport,secondary
242,2024,10,쿠팡이츠,1027000,13,1,0,seasonal,delivery_transport,secondary
242,2024,11,쿠팡이츠,1106000,14,1,0,seasonal,delivery_transport,secondary
242,2024,12,쿠팡이츠,1409000,18,1,1,seasonal,delivery_transport,secondary
242,2025,1,쿠팡이츠,1126000,16,1,1,seasonal,delivery_transport,secondary
242,2025,2,쿠팡이츠,794000,10,1,1,seasonal,delivery_transport,secondary
242,2025,3,쿠팡이츠,1124000,14,1,0,seasonal,delivery_transport,secondary
242,2025,4,쿠팡이츠,1192000,16,1,0,seasonal,delivery_transport,secondary
242,2025,5,쿠팡이츠,944000,11,1,0,seasonal,delivery_transport,secondary
242,2025,6,쿠팡이츠,1265000,14,1,0,seasonal,delivery_transport,secondary
242,2025,7,쿠팡이츠,1192000,16,1,0,seasonal,delivery_transport,secondary
242,2025,8,쿠팡이츠,1162000,17,1,0,seasonal,delivery_transport,secondary
242,2025,9,쿠팡이츠,1147000,13,1,1,seasonal,delivery_transport,secondary
242,2025,10,쿠팡이츠,1241000,18,1,0,seasonal,delivery_transport,secondary
242,2025,11,쿠팡이츠,1189000,16,1,0,seasonal,delivery_transport,secondary
242,2025,12,쿠팡이츠,1870000,15,1,1,seasonal,delivery_transport,secondary
242,2026,1,쿠팡이츠,1076000,13,1,1,seasonal,delivery_transport,secondary
242,2026,2,쿠팡이츠,926000,11,1,1,seasonal,delivery_transport,secondary
242,2026,3,쿠팡이츠,1282000,18,1,0,seasonal,delivery_transport,secondary
242,2026,4,쿠팡이츠,1234000,17,1,0,seasonal,delivery_transport,secondary
242,2026,5,쿠팡이츠,1097000,14,1,0,seasonal,delivery_transport,secondary
243,2024,6,쿠팡홈서비스,593000,8,2,0,regular,etc,occasional
243,2024,7,쿠팡홈서비스,967000,13,2,0,regular,etc,occasional
243,2024,8,쿠팡홈서비스,945000,12,2,0,regular,etc,occasional
243,2024,9,쿠팡홈서비스,697000,8,2,1,regular,etc,occasional
243,2024,10,쿠팡홈서비스,823000,11,2,0,regular,etc,occasional
243,2024,11,쿠팡홈서비스,846000,11,2,0,regular,etc,occasional
243,2024,12,쿠팡홈서비스,1249000,14,2,1,regular,etc,occasional
243,2025,1,쿠팡홈서비스,888000,11,2,1,regular,etc,occasional
243,2025,2,쿠팡홈서비스,829000,10,2,1,regular,etc,occasional
243,2025,3,쿠팡홈서비스,794000,10,2,0,regular,etc,occasional
243,2025,4,쿠팡홈서비스,1046000,15,2,0,regular,etc,occasional
243,2025,5,쿠팡홈서비스,960000,13,2,0,regular,etc,occasional
243,2025,6,쿠팡홈서비스,870000,12,2,0,regular,etc,occasional
243,2025,7,쿠팡홈서비스,932000,12,2,0,regular,etc,occasional
243,2025,8,쿠팡홈서비스,730000,10,2,0,regular,etc,occasional
243,2025,9,쿠팡홈서비스,739000,10,2,1,regular,etc,occasional
243,2025,10,쿠팡홈서비스,956000,13,2,0,regular,etc,occasional
243,2025,11,쿠팡홈서비스,874000,9,2,0,regular,etc,occasional
243,2025,12,쿠팡홈서비스,927000,13,2,1,regular,etc,occasional
243,2026,1,쿠팡홈서비스,977000,12,2,1,regular,etc,occasional
243,2026,2,쿠팡홈서비스,1062000,13,2,1,regular,etc,occasional
243,2026,3,쿠팡홈서비스,833000,9,2,0,regular,etc,occasional
243,2026,4,쿠팡홈서비스,473000,7,2,0,regular,etc,occasional
243,2026,5,쿠팡홈서비스,794000,10,2,0,regular,etc,occasional
244,2024,6,요기요,1143000,16,1,0,regular,delivery_transport,primary
244,2024,7,요기요,1371000,17,1,0,regular,delivery_transport,primary
244,2024,8,요기요,1406000,19,1,0,regular,delivery_transport,primary
244,2024,9,요기요,1463000,19,1,1,regular,delivery_transport,primary
244,2024,10,요기요,1603000,18,1,0,regular,delivery_transport,primary
244,2024,11,요기요,1640000,22,1,0,regular,delivery_transport,primary
244,2024,12,요기요,1577000,18,1,1,regular,delivery_transport,primary
244,2025,1,요기요,1626000,20,1,1,regular,delivery_transport,primary
244,2025,2,요기요,1411000,16,1,1,regular,delivery_transport,primary
244,2025,3,요기요,1651000,21,1,0,regular,delivery_transport,primary
244,2025,4,요기요,1757000,21,1,0,regular,delivery_transport,primary
244,2025,5,요기요,1472000,23,1,0,regular,delivery_transport,primary
244,2025,6,요기요,1772000,26,1,0,regular,delivery_transport,primary
244,2025,7,요기요,1580000,19,1,0,regular,delivery_transport,primary
244,2025,8,요기요,1455000,17,1,0,regular,delivery_transport,primary
244,2025,9,요기요,1328000,17,1,1,regular,delivery_transport,primary
244,2025,10,요기요,1602000,20,1,0,regular,delivery_transport,primary
244,2025,11,요기요,1517000,21,1,0,regular,delivery_transport,primary
244,2025,12,요기요,1483000,22,1,1,regular,delivery_transport,primary
244,2026,1,요기요,1348000,19,1,1,regular,delivery_transport,primary
244,2026,2,요기요,1445000,22,1,1,regular,delivery_transport,primary
244,2026,3,요기요,1547000,22,1,0,regular,delivery_transport,primary
244,2026,4,요기요,1918000,25,1,0,regular,delivery_transport,primary
244,2026,5,요기요,1288000,20,1,0,regular,delivery_transport,primary
245,2024,6,숨고,554000,5,1,0,irregular,professional,secondary
245,2024,7,숨고,1085000,13,2,0,irregular,professional,secondary
245,2024,8,숨고,1235000,13,2,0,irregular,professional,secondary
245,2024,9,숨고,1384000,16,2,1,irregular,professional,secondary
245,2024,10,숨고,0,0,0,0,irregular,professional,secondary
245,2024,11,숨고,2360000,22,2,0,irregular,professional,secondary
245,2024,12,숨고,1624000,16,2,1,irregular,professional,secondary
245,2025,1,숨고,2339000,17,2,1,irregular,professional,secondary
245,2025,2,숨고,583000,6,2,1,irregular,professional,secondary
245,2025,3,숨고,1096000,10,2,0,irregular,professional,secondary
245,2025,4,숨고,3181000,21,2,0,irregular,professional,secondary
245,2025,5,숨고,538000,7,1,0,irregular,professional,secondary
245,2025,6,숨고,738000,9,2,0,irregular,professional,secondary
245,2025,7,숨고,2775000,21,2,0,irregular,professional,secondary
245,2025,8,숨고,1097000,12,2,0,irregular,professional,secondary
245,2025,9,숨고,0,0,0,1,irregular,professional,secondary
245,2025,10,숨고,972000,10,2,0,irregular,professional,secondary
245,2025,11,숨고,1537000,18,2,0,irregular,professional,secondary
245,2025,12,숨고,241000,2,1,1,irregular,professional,secondary
245,2026,1,숨고,969000,9,2,1,irregular,professional,secondary
245,2026,2,숨고,633000,7,2,1,irregular,professional,secondary
245,2026,3,숨고,347000,3,1,0,irregular,professional,secondary
245,2026,4,숨고,347000,4,1,0,irregular,professional,secondary
245,2026,5,숨고,428000,4,1,0,irregular,professional,secondary
246,2024,6,배달의민족,1743000,16,2,0,regular,delivery_transport,secondary
246,2024,7,배달의민족,1826000,14,2,0,regular,delivery_transport,secondary
246,2024,8,배달의민족,1727000,13,2,0,regular,delivery_transport,secondary
246,2024,9,배달의민족,1835000,14,2,1,regular,delivery_transport,secondary
246,2024,10,배달의민족,1683000,12,2,0,regular,delivery_transport,secondary
246,2024,11,배달의민족,2399000,20,2,0,regular,delivery_transport,secondary
246,2024,12,배달의민족,2353000,17,2,1,regular,delivery_transport,secondary
246,2025,1,배달의민족,2054000,18,2,1,regular,delivery_transport,secondary
246,2025,2,배달의민족,1731000,13,2,1,regular,delivery_transport,secondary
246,2025,3,배달의민족,2154000,19,2,0,regular,delivery_transport,secondary
246,2025,4,배달의민족,1944000,16,2,0,regular,delivery_transport,secondary
246,2025,5,배달의민족,1905000,14,2,0,regular,delivery_transport,secondary
246,2025,6,배달의민족,1954000,17,2,0,regular,delivery_transport,secondary
246,2025,7,배달의민족,2083000,15,2,0,regular,delivery_transport,secondary
246,2025,8,배달의민족,2118000,19,2,0,regular,delivery_transport,secondary
246,2025,9,배달의민족,2102000,16,2,1,regular,delivery_transport,secondary
246,2025,10,배달의민족,1941000,18,2,0,regular,delivery_transport,secondary
246,2025,11,배달의민족,2374000,20,2,0,regular,delivery_transport,secondary
246,2025,12,배달의민족,2407000,23,2,1,regular,delivery_transport,secondary
246,2026,1,배달의민족,1638000,13,2,1,regular,delivery_transport,secondary
246,2026,2,배달의민족,2026000,16,2,1,regular,delivery_transport,secondary
246,2026,3,배달의민족,1445000,12,2,0,regular,delivery_transport,secondary
246,2026,4,배달의민족,1698000,14,2,0,regular,delivery_transport,secondary
246,2026,5,배달의민족,2195000,17,2,0,regular,delivery_transport,secondary
247,2024,6,카카오모빌리티,2164000,22,1,0,seasonal,delivery_transport,primary
247,2024,7,카카오모빌리티,1692000,21,1,0,seasonal,delivery_transport,primary
247,2024,8,카카오모빌리티,1754000,19,1,0,seasonal,delivery_transport,primary
247,2024,9,카카오모빌리티,1895000,24,1,1,seasonal,delivery_transport,primary
247,2024,10,카카오모빌리티,1781000,18,1,0,seasonal,delivery_transport,primary
247,2024,11,카카오모빌리티,2272000,26,1,0,seasonal,delivery_transport,primary
247,2024,12,카카오모빌리티,2576000,31,1,1,seasonal,delivery_transport,primary
247,2025,1,카카오모빌리티,1522000,18,1,1,seasonal,delivery_transport,primary
247,2025,2,카카오모빌리티,1419000,14,1,1,seasonal,delivery_transport,primary
247,2025,3,카카오모빌리티,1719000,18,1,0,seasonal,delivery_transport,primary
247,2025,4,카카오모빌리티,2516000,28,1,0,seasonal,delivery_transport,primary
247,2025,5,카카오모빌리티,2276000,25,1,0,seasonal,delivery_transport,primary
247,2025,6,카카오모빌리티,1793000,20,1,0,seasonal,delivery_transport,primary
247,2025,7,카카오모빌리티,1566000,15,1,0,seasonal,delivery_transport,primary
247,2025,8,카카오모빌리티,1686000,18,1,0,seasonal,delivery_transport,primary
247,2025,9,카카오모빌리티,2072000,22,1,1,seasonal,delivery_transport,primary
247,2025,10,카카오모빌리티,2276000,24,1,0,seasonal,delivery_transport,primary
247,2025,11,카카오모빌리티,2418000,28,1,0,seasonal,delivery_transport,primary
247,2025,12,카카오모빌리티,2418000,30,1,1,seasonal,delivery_transport,primary
247,2026,1,카카오모빌리티,1785000,21,1,1,seasonal,delivery_transport,primary
247,2026,2,카카오모빌리티,1753000,22,1,1,seasonal,delivery_transport,primary
247,2026,3,카카오모빌리티,1970000,22,1,0,seasonal,delivery_transport,primary
247,2026,4,카카오모빌리티,1692000,19,1,0,seasonal,delivery_transport,primary
247,2026,5,카카오모빌리티,1859000,18,1,0,seasonal,delivery_transport,primary
248,2024,6,카카오모빌리티,4011000,26,1,0,irregular,delivery_transport,primary
248,2024,7,카카오모빌리티,0,0,0,0,irregular,delivery_transport,primary
248,2024,8,카카오모빌리티,0,0,0,0,irregular,delivery_transport,primary
248,2024,9,카카오모빌리티,3295000,23,1,1,irregular,delivery_transport,primary
248,2024,10,카카오모빌리티,0,0,0,0,irregular,delivery_transport,primary
248,2024,11,카카오모빌리티,4363000,27,1,0,irregular,delivery_transport,primary
248,2024,12,카카오모빌리티,0,0,0,1,irregular,delivery_transport,primary
248,2025,1,카카오모빌리티,5508000,32,1,1,irregular,delivery_transport,primary
248,2025,2,카카오모빌리티,9000000,31,1,1,irregular,delivery_transport,primary
248,2025,3,카카오모빌리티,3080000,21,1,0,irregular,delivery_transport,primary
248,2025,4,카카오모빌리티,6128000,26,1,0,irregular,delivery_transport,primary
248,2025,5,카카오모빌리티,3657000,28,1,0,irregular,delivery_transport,primary
248,2025,6,카카오모빌리티,3749000,25,1,0,irregular,delivery_transport,primary
248,2025,7,카카오모빌리티,4652000,33,1,0,irregular,delivery_transport,primary
248,2025,8,카카오모빌리티,0,0,0,0,irregular,delivery_transport,primary
248,2025,9,카카오모빌리티,3803000,29,1,1,irregular,delivery_transport,primary
248,2025,10,카카오모빌리티,8413000,34,1,0,irregular,delivery_transport,primary
248,2025,11,카카오모빌리티,9000000,29,1,0,irregular,delivery_transport,primary
248,2025,12,카카오모빌리티,9000000,30,1,1,irregular,delivery_transport,primary
248,2026,1,카카오모빌리티,6025000,29,1,1,irregular,delivery_transport,primary
248,2026,2,카카오모빌리티,9000000,32,1,1,irregular,delivery_transport,primary
248,2026,3,카카오모빌리티,8568000,28,1,0,irregular,delivery_transport,primary
248,2026,4,카카오모빌리티,8327000,30,1,0,irregular,delivery_transport,primary
248,2026,5,카카오모빌리티,9000000,35,1,0,irregular,delivery_transport,primary
249,2024,6,셀렉트스타,832000,10,1,0,irregular,simple_computer,primary
249,2024,7,셀렉트스타,0,0,0,0,irregular,simple_computer,primary
249,2024,8,셀렉트스타,0,0,0,0,irregular,simple_computer,primary
249,2024,9,셀렉트스타,0,0,0,1,irregular,simple_computer,primary
249,2024,10,셀렉트스타,0,0,0,0,irregular,simple_computer,primary
249,2024,11,셀렉트스타,0,0,0,0,irregular,simple_computer,primary
249,2024,12,셀렉트스타,0,0,0,1,irregular,simple_computer,primary
249,2025,1,셀렉트스타,563000,7,1,1,irregular,simple_computer,primary
249,2025,2,셀렉트스타,0,0,0,1,irregular,simple_computer,primary
249,2025,3,셀렉트스타,0,0,0,0,irregular,simple_computer,primary
249,2025,4,셀렉트스타,0,0,0,0,irregular,simple_computer,primary
249,2025,5,셀렉트스타,1784000,21,2,0,irregular,simple_computer,primary
249,2025,6,셀렉트스타,0,0,0,0,irregular,simple_computer,primary
249,2025,7,셀렉트스타,163000,2,1,0,irregular,simple_computer,primary
249,2025,8,셀렉트스타,243000,3,1,0,irregular,simple_computer,primary
249,2025,9,셀렉트스타,2482000,27,2,1,irregular,simple_computer,primary
249,2025,10,셀렉트스타,374000,4,1,0,irregular,simple_computer,primary
249,2025,11,셀렉트스타,492000,6,1,0,irregular,simple_computer,primary
249,2025,12,셀렉트스타,0,0,0,1,irregular,simple_computer,primary
249,2026,1,셀렉트스타,235000,3,1,1,irregular,simple_computer,primary
249,2026,2,셀렉트스타,755000,9,1,1,irregular,simple_computer,primary
249,2026,3,셀렉트스타,2151000,26,2,0,irregular,simple_computer,primary
249,2026,4,셀렉트스타,187000,2,1,0,irregular,simple_computer,primary
249,2026,5,셀렉트스타,0,0,0,0,irregular,simple_computer,primary
250,2024,6,쿠팡이츠,3342000,19,1,0,regular,delivery_transport,primary
250,2024,7,쿠팡이츠,3415000,18,1,0,regular,delivery_transport,primary
250,2024,8,쿠팡이츠,3814000,22,1,0,regular,delivery_transport,primary
250,2024,9,쿠팡이츠,3233000,17,1,1,regular,delivery_transport,primary
250,2024,10,쿠팡이츠,3159000,17,1,0,regular,delivery_transport,primary
250,2024,11,쿠팡이츠,4671000,25,1,0,regular,delivery_transport,primary
250,2024,12,쿠팡이츠,3952000,24,1,1,regular,delivery_transport,primary
250,2025,1,쿠팡이츠,3111000,18,1,1,regular,delivery_transport,primary
250,2025,2,쿠팡이츠,3462000,22,1,1,regular,delivery_transport,primary
250,2025,3,쿠팡이츠,3834000,24,1,0,regular,delivery_transport,primary
250,2025,4,쿠팡이츠,4061000,22,1,0,regular,delivery_transport,primary
250,2025,5,쿠팡이츠,3584000,21,1,0,regular,delivery_transport,primary
250,2025,6,쿠팡이츠,3360000,21,1,0,regular,delivery_transport,primary
250,2025,7,쿠팡이츠,4093000,25,1,0,regular,delivery_transport,primary
250,2025,8,쿠팡이츠,4027000,23,1,0,regular,delivery_transport,primary
250,2025,9,쿠팡이츠,3699000,20,1,1,regular,delivery_transport,primary
250,2025,10,쿠팡이츠,3616000,18,1,0,regular,delivery_transport,primary
250,2025,11,쿠팡이츠,3694000,19,1,0,regular,delivery_transport,primary
250,2025,12,쿠팡이츠,3628000,22,1,1,regular,delivery_transport,primary
250,2026,1,쿠팡이츠,3539000,18,1,1,regular,delivery_transport,primary
250,2026,2,쿠팡이츠,3261000,19,1,1,regular,delivery_transport,primary
250,2026,3,쿠팡이츠,3932000,20,1,0,regular,delivery_transport,primary
250,2026,4,쿠팡이츠,4550000,23,1,0,regular,delivery_transport,primary
250,2026,5,쿠팡이츠,4330000,24,1,0,regular,delivery_transport,primary
251,2024,6,배달의민족,2183000,21,1,0,irregular,delivery_transport,secondary
251,2024,7,배달의민족,4639000,20,1,0,irregular,delivery_transport,secondary
251,2024,8,배달의민족,2595000,19,1,0,irregular,delivery_transport,secondary
251,2024,9,배달의민족,3744000,18,1,1,irregular,delivery_transport,secondary
251,2024,10,배달의민족,2353000,18,1,0,irregular,delivery_transport,secondary
251,2024,11,배달의민족,2510000,18,1,0,irregular,delivery_transport,secondary
251,2024,12,배달의민족,2599000,22,1,1,irregular,delivery_transport,secondary
251,2025,1,배달의민족,2793000,19,1,1,irregular,delivery_transport,secondary
251,2025,2,배달의민족,2740000,24,1,1,irregular,delivery_transport,secondary
251,2025,3,배달의민족,985000,9,1,0,irregular,delivery_transport,secondary
251,2025,4,배달의민족,891000,9,1,0,irregular,delivery_transport,secondary
251,2025,5,배달의민족,1676000,16,1,0,irregular,delivery_transport,secondary
251,2025,6,배달의민족,895000,9,1,0,irregular,delivery_transport,secondary
251,2025,7,배달의민족,825000,7,1,0,irregular,delivery_transport,secondary
251,2025,8,배달의민족,1072000,10,1,0,irregular,delivery_transport,secondary
251,2025,9,배달의민족,0,0,0,1,irregular,delivery_transport,secondary
251,2025,10,배달의민족,0,0,0,0,irregular,delivery_transport,secondary
251,2025,11,배달의민족,0,0,0,0,irregular,delivery_transport,secondary
251,2025,12,배달의민족,547000,6,1,1,irregular,delivery_transport,secondary
251,2026,1,배달의민족,1127000,13,1,1,irregular,delivery_transport,secondary
251,2026,2,배달의민족,849000,9,1,1,irregular,delivery_transport,secondary
251,2026,3,배달의민족,777000,8,1,0,irregular,delivery_transport,secondary
251,2026,4,배달의민족,1202000,12,1,0,irregular,delivery_transport,secondary
251,2026,5,배달의민족,888000,9,1,0,irregular,delivery_transport,secondary
252,2024,6,생각대로,2778000,17,2,0,seasonal,delivery_transport,primary
252,2024,7,생각대로,3692000,24,2,0,seasonal,delivery_transport,primary
252,2024,8,생각대로,4029000,20,2,0,seasonal,delivery_transport,primary
252,2024,9,생각대로,3753000,19,2,1,seasonal,delivery_transport,primary
252,2024,10,생각대로,3558000,23,2,0,seasonal,delivery_transport,primary
252,2024,11,생각대로,3377000,19,2,0,seasonal,delivery_transport,primary
252,2024,12,생각대로,2894000,14,2,1,seasonal,delivery_transport,primary
252,2025,1,생각대로,2407000,13,2,1,seasonal,delivery_transport,primary
252,2025,2,생각대로,2409000,15,2,1,seasonal,delivery_transport,primary
252,2025,3,생각대로,3677000,20,2,0,seasonal,delivery_transport,primary
252,2025,4,생각대로,3171000,16,2,0,seasonal,delivery_transport,primary
252,2025,5,생각대로,3604000,22,2,0,seasonal,delivery_transport,primary
252,2025,6,생각대로,3357000,21,2,0,seasonal,delivery_transport,primary
252,2025,7,생각대로,3733000,22,2,0,seasonal,delivery_transport,primary
252,2025,8,생각대로,3455000,19,2,0,seasonal,delivery_transport,primary
252,2025,9,생각대로,2963000,15,2,1,seasonal,delivery_transport,primary
252,2025,10,생각대로,3497000,17,2,0,seasonal,delivery_transport,primary
252,2025,11,생각대로,3567000,23,2,0,seasonal,delivery_transport,primary
252,2025,12,생각대로,3951000,20,2,1,seasonal,delivery_transport,primary
252,2026,1,생각대로,2262000,13,2,1,seasonal,delivery_transport,primary
252,2026,2,생각대로,2527000,12,2,1,seasonal,delivery_transport,primary
252,2026,3,생각대로,2843000,17,2,0,seasonal,delivery_transport,primary
252,2026,4,생각대로,2936000,14,2,0,seasonal,delivery_transport,primary
252,2026,5,생각대로,3454000,22,2,0,seasonal,delivery_transport,primary
253,2024,6,숨고,1400000,21,2,0,seasonal,professional,secondary
253,2024,7,숨고,1331000,15,2,0,seasonal,professional,secondary
253,2024,8,숨고,1325000,19,2,0,seasonal,professional,secondary
253,2024,9,숨고,1139000,17,2,1,seasonal,professional,secondary
253,2024,10,숨고,1125000,16,2,0,seasonal,professional,secondary
253,2024,11,숨고,1371000,17,2,0,seasonal,professional,secondary
253,2024,12,숨고,1243000,17,2,1,seasonal,professional,secondary
253,2025,1,숨고,890000,12,2,1,seasonal,professional,secondary
253,2025,2,숨고,1173000,13,2,1,seasonal,professional,secondary
253,2025,3,숨고,1308000,18,2,0,seasonal,professional,secondary
253,2025,4,숨고,1066000,15,2,0,seasonal,professional,secondary
253,2025,5,숨고,1254000,17,2,0,seasonal,professional,secondary
253,2025,6,숨고,1197000,18,2,0,seasonal,professional,secondary
253,2025,7,숨고,2027000,18,2,0,seasonal,professional,secondary
253,2025,8,숨고,1490000,17,2,0,seasonal,professional,secondary
253,2025,9,숨고,1536000,18,2,1,seasonal,professional,secondary
253,2025,10,숨고,1322000,18,2,0,seasonal,professional,secondary
253,2025,11,숨고,1481000,22,2,0,seasonal,professional,secondary
253,2025,12,숨고,1386000,19,2,1,seasonal,professional,secondary
253,2026,1,숨고,866000,12,2,1,seasonal,professional,secondary
253,2026,2,숨고,789000,9,2,1,seasonal,professional,secondary
253,2026,3,숨고,1244000,17,2,0,seasonal,professional,secondary
253,2026,4,숨고,1071000,14,2,0,seasonal,professional,secondary
253,2026,5,숨고,1229000,16,2,0,seasonal,professional,secondary
254,2024,6,당근알바,1081000,15,2,0,irregular,etc,secondary
254,2024,7,당근알바,867000,12,2,0,irregular,etc,secondary
254,2024,8,당근알바,1067000,16,2,0,irregular,etc,secondary
254,2024,9,당근알바,1478000,13,2,1,irregular,etc,secondary
254,2024,10,당근알바,1462000,16,2,0,irregular,etc,secondary
254,2024,11,당근알바,541000,9,2,0,irregular,etc,secondary
254,2024,12,당근알바,582000,9,2,1,irregular,etc,secondary
254,2025,1,당근알바,2516000,14,2,1,irregular,etc,secondary
254,2025,2,당근알바,1797000,16,2,1,irregular,etc,secondary
254,2025,3,당근알바,1779000,17,2,0,irregular,etc,secondary
254,2025,4,당근알바,1687000,15,2,0,irregular,etc,secondary
254,2025,5,당근알바,1500000,16,2,0,irregular,etc,secondary
254,2025,6,당근알바,0,0,0,0,irregular,etc,secondary
254,2025,7,당근알바,712000,11,2,0,irregular,etc,secondary
254,2025,8,당근알바,1916000,17,2,0,irregular,etc,secondary
254,2025,9,당근알바,1139000,13,2,1,irregular,etc,secondary
254,2025,10,당근알바,521000,8,2,0,irregular,etc,secondary
254,2025,11,당근알바,461000,7,2,0,irregular,etc,secondary
254,2025,12,당근알바,0,0,0,1,irregular,etc,secondary
254,2026,1,당근알바,496000,8,2,1,irregular,etc,secondary
254,2026,2,당근알바,503000,7,2,1,irregular,etc,secondary
254,2026,3,당근알바,487000,8,2,0,irregular,etc,secondary
254,2026,4,당근알바,724000,12,2,0,irregular,etc,secondary
254,2026,5,당근알바,0,0,0,0,irregular,etc,secondary
255,2024,6,쿠팡이츠,2486000,20,1,0,seasonal,delivery_transport,primary
255,2024,7,쿠팡이츠,2849000,30,1,0,seasonal,delivery_transport,primary
255,2024,8,쿠팡이츠,2833000,26,1,0,seasonal,delivery_transport,primary
255,2024,9,쿠팡이츠,2112000,17,1,1,seasonal,delivery_transport,primary
255,2024,10,쿠팡이츠,2763000,23,1,0,seasonal,delivery_transport,primary
255,2024,11,쿠팡이츠,2130000,22,1,0,seasonal,delivery_transport,primary
255,2024,12,쿠팡이츠,2916000,28,1,1,seasonal,delivery_transport,primary
255,2025,1,쿠팡이츠,2019000,17,1,1,seasonal,delivery_transport,primary
255,2025,2,쿠팡이츠,2250000,23,1,1,seasonal,delivery_transport,primary
255,2025,3,쿠팡이츠,2385000,19,1,0,seasonal,delivery_transport,primary
255,2025,4,쿠팡이츠,1934000,17,1,0,seasonal,delivery_transport,primary
255,2025,5,쿠팡이츠,2542000,27,1,0,seasonal,delivery_transport,primary
255,2025,6,쿠팡이츠,2579000,23,1,0,seasonal,delivery_transport,primary
255,2025,7,쿠팡이츠,2590000,24,1,0,seasonal,delivery_transport,primary
255,2025,8,쿠팡이츠,2892000,23,1,0,seasonal,delivery_transport,primary
255,2025,9,쿠팡이츠,1865000,20,1,1,seasonal,delivery_transport,primary
255,2025,10,쿠팡이츠,2852000,22,1,0,seasonal,delivery_transport,primary
255,2025,11,쿠팡이츠,2326000,21,1,0,seasonal,delivery_transport,primary
255,2025,12,쿠팡이츠,2585000,27,1,1,seasonal,delivery_transport,primary
255,2026,1,쿠팡이츠,1740000,18,1,1,seasonal,delivery_transport,primary
255,2026,2,쿠팡이츠,1931000,18,1,1,seasonal,delivery_transport,primary
255,2026,3,쿠팡이츠,2255000,20,1,0,seasonal,delivery_transport,primary
255,2026,4,쿠팡이츠,2338000,22,1,0,seasonal,delivery_transport,primary
255,2026,5,쿠팡이츠,2356000,23,1,0,seasonal,delivery_transport,primary
256,2024,6,배달의민족,2774000,23,1,0,regular,delivery_transport,primary
256,2024,7,배달의민족,2757000,24,1,0,regular,delivery_transport,primary
256,2024,8,배달의민족,2620000,24,1,0,regular,delivery_transport,primary
256,2024,9,배달의민족,2593000,22,1,1,regular,delivery_transport,primary
256,2024,10,배달의민족,2314000,19,1,0,regular,delivery_transport,primary
256,2024,11,배달의민족,2310000,18,1,0,regular,delivery_transport,primary
256,2024,12,배달의민족,2657000,22,1,1,regular,delivery_transport,primary
256,2025,1,배달의민족,2885000,26,1,1,regular,delivery_transport,primary
256,2025,2,배달의민족,2636000,25,1,1,regular,delivery_transport,primary
256,2025,3,배달의민족,2528000,23,1,0,regular,delivery_transport,primary
256,2025,4,배달의민족,2860000,23,1,0,regular,delivery_transport,primary
256,2025,5,배달의민족,2377000,19,1,0,regular,delivery_transport,primary
256,2025,6,배달의민족,2554000,21,1,0,regular,delivery_transport,primary
256,2025,7,배달의민족,2530000,18,1,0,regular,delivery_transport,primary
256,2025,8,배달의민족,2588000,19,1,0,regular,delivery_transport,primary
256,2025,9,배달의민족,3095000,22,1,1,regular,delivery_transport,primary
256,2025,10,배달의민족,2380000,22,1,0,regular,delivery_transport,primary
256,2025,11,배달의민족,2593000,18,1,0,regular,delivery_transport,primary
256,2025,12,배달의민족,3055000,21,1,1,regular,delivery_transport,primary
256,2026,1,배달의민족,3005000,27,1,1,regular,delivery_transport,primary
256,2026,2,배달의민족,2524000,20,1,1,regular,delivery_transport,primary
256,2026,3,배달의민족,2327000,21,1,0,regular,delivery_transport,primary
256,2026,4,배달의민족,2808000,22,1,0,regular,delivery_transport,primary
256,2026,5,배달의민족,2970000,25,1,0,regular,delivery_transport,primary
257,2024,6,크라우드웍스,571000,14,2,0,irregular,simple_computer,secondary
257,2024,7,크라우드웍스,481000,11,2,0,irregular,simple_computer,secondary
257,2024,8,크라우드웍스,0,0,0,0,irregular,simple_computer,secondary
257,2024,9,크라우드웍스,296000,6,2,1,irregular,simple_computer,secondary
257,2024,10,크라우드웍스,647000,16,2,0,irregular,simple_computer,secondary
257,2024,11,크라우드웍스,459000,12,2,0,irregular,simple_computer,secondary
257,2024,12,크라우드웍스,323000,7,2,1,irregular,simple_computer,secondary
257,2025,1,크라우드웍스,494000,12,2,1,irregular,simple_computer,secondary
257,2025,2,크라우드웍스,0,0,0,1,irregular,simple_computer,secondary
257,2025,3,크라우드웍스,582000,15,2,0,irregular,simple_computer,secondary
257,2025,4,크라우드웍스,0,0,0,0,irregular,simple_computer,secondary
257,2025,5,크라우드웍스,0,0,0,0,irregular,simple_computer,secondary
257,2025,6,크라우드웍스,0,0,0,0,irregular,simple_computer,secondary
257,2025,7,크라우드웍스,0,0,0,0,irregular,simple_computer,secondary
257,2025,8,크라우드웍스,0,0,0,0,irregular,simple_computer,secondary
257,2025,9,크라우드웍스,0,0,0,1,irregular,simple_computer,secondary
257,2025,10,크라우드웍스,0,0,0,0,irregular,simple_computer,secondary
257,2025,11,크라우드웍스,0,0,0,0,irregular,simple_computer,secondary
257,2025,12,크라우드웍스,0,0,0,1,irregular,simple_computer,secondary
257,2026,1,크라우드웍스,0,0,0,1,irregular,simple_computer,secondary
257,2026,2,크라우드웍스,0,0,0,1,irregular,simple_computer,secondary
257,2026,3,크라우드웍스,0,0,0,0,irregular,simple_computer,secondary
257,2026,4,크라우드웍스,0,0,0,0,irregular,simple_computer,secondary
257,2026,5,크라우드웍스,0,0,0,0,irregular,simple_computer,secondary
258,2024,6,생각대로,2453000,21,1,0,regular,delivery_transport,primary
258,2024,7,생각대로,3801000,30,1,0,regular,delivery_transport,primary
258,2024,8,생각대로,3713000,28,1,0,regular,delivery_transport,primary
258,2024,9,생각대로,2275000,18,1,1,regular,delivery_transport,primary
258,2024,10,생각대로,2557000,18,1,0,regular,delivery_transport,primary
258,2024,11,생각대로,2798000,22,1,0,regular,delivery_transport,primary
258,2024,12,생각대로,3202000,27,1,1,regular,delivery_transport,primary
258,2025,1,생각대로,3190000,21,1,1,regular,delivery_transport,primary
258,2025,2,생각대로,2665000,18,1,1,regular,delivery_transport,primary
258,2025,3,생각대로,2891000,21,1,0,regular,delivery_transport,primary
258,2025,4,생각대로,3180000,25,1,0,regular,delivery_transport,primary
258,2025,5,생각대로,2728000,24,1,0,regular,delivery_transport,primary
258,2025,6,생각대로,2388000,19,1,0,regular,delivery_transport,primary
258,2025,7,생각대로,2882000,19,1,0,regular,delivery_transport,primary
258,2025,8,생각대로,2614000,20,1,0,regular,delivery_transport,primary
258,2025,9,생각대로,2555000,21,1,1,regular,delivery_transport,primary
258,2025,10,생각대로,2756000,23,1,0,regular,delivery_transport,primary
258,2025,11,생각대로,3509000,26,1,0,regular,delivery_transport,primary
258,2025,12,생각대로,2829000,23,1,1,regular,delivery_transport,primary
258,2026,1,생각대로,2322000,17,1,1,regular,delivery_transport,primary
258,2026,2,생각대로,2616000,22,1,1,regular,delivery_transport,primary
258,2026,3,생각대로,2900000,25,1,0,regular,delivery_transport,primary
258,2026,4,생각대로,3123000,26,1,0,regular,delivery_transport,primary
258,2026,5,생각대로,3356000,24,1,0,regular,delivery_transport,primary
259,2024,6,바로고,1874000,29,1,0,irregular,delivery_transport,primary
259,2024,7,바로고,2880000,32,1,0,irregular,delivery_transport,primary
259,2024,8,바로고,2819000,30,1,0,irregular,delivery_transport,primary
259,2024,9,바로고,6119000,28,1,1,irregular,delivery_transport,primary
259,2024,10,바로고,4741000,31,1,0,irregular,delivery_transport,primary
259,2024,11,바로고,9000000,27,1,0,irregular,delivery_transport,primary
259,2024,12,바로고,4576000,30,1,1,irregular,delivery_transport,primary
259,2025,1,바로고,9000000,33,1,1,irregular,delivery_transport,primary
259,2025,2,바로고,0,0,0,1,irregular,delivery_transport,primary
259,2025,3,바로고,4010000,32,1,0,irregular,delivery_transport,primary
259,2025,4,바로고,3017000,28,1,0,irregular,delivery_transport,primary
259,2025,5,바로고,1935000,32,1,0,irregular,delivery_transport,primary
259,2025,6,바로고,1809000,30,1,0,irregular,delivery_transport,primary
259,2025,7,바로고,0,0,0,0,irregular,delivery_transport,primary
259,2025,8,바로고,2570000,26,1,0,irregular,delivery_transport,primary
259,2025,9,바로고,2342000,30,1,1,irregular,delivery_transport,primary
259,2025,10,바로고,2511000,30,1,0,irregular,delivery_transport,primary
259,2025,11,바로고,2713000,28,1,0,irregular,delivery_transport,primary
259,2025,12,바로고,4514000,31,1,1,irregular,delivery_transport,primary
259,2026,1,바로고,0,0,0,1,irregular,delivery_transport,primary
259,2026,2,바로고,1753000,26,1,1,irregular,delivery_transport,primary
259,2026,3,바로고,0,0,0,0,irregular,delivery_transport,primary
259,2026,4,바로고,0,0,0,0,irregular,delivery_transport,primary
259,2026,5,바로고,1775000,23,1,0,irregular,delivery_transport,primary
260,2024,6,미소,1537000,16,1,0,irregular,care_cleaning,primary
260,2024,7,미소,1035000,10,1,0,irregular,care_cleaning,primary
260,2024,8,미소,1220000,12,1,0,irregular,care_cleaning,primary
260,2024,9,미소,0,0,0,1,irregular,care_cleaning,primary
260,2024,10,미소,2677000,32,1,0,irregular,care_cleaning,primary
260,2024,11,미소,2333000,26,1,0,irregular,care_cleaning,primary
260,2024,12,미소,2025000,25,1,1,irregular,care_cleaning,primary
260,2025,1,미소,1443000,17,1,1,irregular,care_cleaning,primary
260,2025,2,미소,2190000,26,1,1,irregular,care_cleaning,primary
260,2025,3,미소,1190000,14,1,0,irregular,care_cleaning,primary
260,2025,4,미소,2419000,25,1,0,irregular,care_cleaning,primary
260,2025,5,미소,2058000,21,1,0,irregular,care_cleaning,primary
260,2025,6,미소,2326000,28,1,0,irregular,care_cleaning,primary
260,2025,7,미소,4719000,32,1,0,irregular,care_cleaning,primary
260,2025,8,미소,7429000,30,1,0,irregular,care_cleaning,primary
260,2025,9,미소,8337000,32,1,1,irregular,care_cleaning,primary
260,2025,10,미소,9000000,32,1,0,irregular,care_cleaning,primary
260,2025,11,미소,9000000,27,1,0,irregular,care_cleaning,primary
260,2025,12,미소,6622000,25,1,1,irregular,care_cleaning,primary
260,2026,1,미소,2183000,22,1,1,irregular,care_cleaning,primary
260,2026,2,미소,2712000,26,1,1,irregular,care_cleaning,primary
260,2026,3,미소,2034000,23,1,0,irregular,care_cleaning,primary
260,2026,4,미소,0,0,0,0,irregular,care_cleaning,primary
260,2026,5,미소,1286000,16,1,0,irregular,care_cleaning,primary
261,2024,6,탈잉,774000,19,1,0,seasonal,creative,secondary
261,2024,7,탈잉,796000,22,1,0,seasonal,creative,secondary
261,2024,8,탈잉,657000,17,1,0,seasonal,creative,secondary
261,2024,9,탈잉,686000,17,1,1,seasonal,creative,secondary
261,2024,10,탈잉,608000,17,1,0,seasonal,creative,secondary
261,2024,11,탈잉,493000,12,1,0,seasonal,creative,secondary
261,2024,12,탈잉,575000,14,1,1,seasonal,creative,secondary
261,2025,1,탈잉,864000,20,1,1,seasonal,creative,secondary
261,2025,2,탈잉,634000,14,1,1,seasonal,creative,secondary
261,2025,3,탈잉,465000,11,1,0,seasonal,creative,secondary
261,2025,4,탈잉,454000,12,1,0,seasonal,creative,secondary
261,2025,5,탈잉,896000,22,1,0,seasonal,creative,secondary
261,2025,6,탈잉,488000,11,1,0,seasonal,creative,secondary
261,2025,7,탈잉,610000,18,1,0,seasonal,creative,secondary
261,2025,8,탈잉,805000,20,1,0,seasonal,creative,secondary
261,2025,9,탈잉,676000,18,1,1,seasonal,creative,secondary
261,2025,10,탈잉,453000,11,1,0,seasonal,creative,secondary
261,2025,11,탈잉,675000,20,1,0,seasonal,creative,secondary
261,2025,12,탈잉,845000,21,1,1,seasonal,creative,secondary
261,2026,1,탈잉,724000,21,1,1,seasonal,creative,secondary
261,2026,2,탈잉,437000,11,1,1,seasonal,creative,secondary
261,2026,3,탈잉,447000,13,1,0,seasonal,creative,secondary
261,2026,4,탈잉,766000,22,1,0,seasonal,creative,secondary
261,2026,5,탈잉,680000,20,1,0,seasonal,creative,secondary
262,2024,6,크몽,2200000,20,2,0,seasonal,professional,primary
262,2024,7,크몽,2422000,27,2,0,seasonal,professional,primary
262,2024,8,크몽,2984000,31,2,0,seasonal,professional,primary
262,2024,9,크몽,2158000,21,2,1,seasonal,professional,primary
262,2024,10,크몽,2859000,28,2,0,seasonal,professional,primary
262,2024,11,크몽,2896000,33,2,0,seasonal,professional,primary
262,2024,12,크몽,2395000,25,2,1,seasonal,professional,primary
262,2025,1,크몽,1858000,17,2,1,seasonal,professional,primary
262,2025,2,크몽,1817000,17,2,1,seasonal,professional,primary
262,2025,3,크몽,1686000,17,2,0,seasonal,professional,primary
262,2025,4,크몽,2290000,20,2,0,seasonal,professional,primary
262,2025,5,크몽,2583000,28,2,0,seasonal,professional,primary
262,2025,6,크몽,3175000,35,2,0,seasonal,professional,primary
262,2025,7,크몽,2409000,26,2,0,seasonal,professional,primary
262,2025,8,크몽,3035000,34,2,0,seasonal,professional,primary
262,2025,9,크몽,2254000,23,2,1,seasonal,professional,primary
262,2025,10,크몽,2084000,22,2,0,seasonal,professional,primary
262,2025,11,크몽,1888000,17,2,0,seasonal,professional,primary
262,2025,12,크몽,2095000,20,2,1,seasonal,professional,primary
262,2026,1,크몽,1767000,18,2,1,seasonal,professional,primary
262,2026,2,크몽,1823000,20,2,1,seasonal,professional,primary
262,2026,3,크몽,2353000,24,2,0,seasonal,professional,primary
262,2026,4,크몽,1673000,18,2,0,seasonal,professional,primary
262,2026,5,크몽,3242000,33,2,0,seasonal,professional,primary
263,2024,6,청소연구소,1248000,20,1,0,seasonal,care_cleaning,primary
263,2024,7,청소연구소,1638000,29,1,0,seasonal,care_cleaning,primary
263,2024,8,청소연구소,1614000,24,1,0,seasonal,care_cleaning,primary
263,2024,9,청소연구소,1269000,18,1,1,seasonal,care_cleaning,primary
263,2024,10,청소연구소,1700000,31,1,0,seasonal,care_cleaning,primary
263,2024,11,청소연구소,1859000,32,1,0,seasonal,care_cleaning,primary
263,2024,12,청소연구소,1827000,25,1,1,seasonal,care_cleaning,primary
263,2025,1,청소연구소,1411000,24,1,1,seasonal,care_cleaning,primary
263,2025,2,청소연구소,1477000,22,1,1,seasonal,care_cleaning,primary
263,2025,3,청소연구소,1517000,23,1,0,seasonal,care_cleaning,primary
263,2025,4,청소연구소,1350000,18,1,0,seasonal,care_cleaning,primary
263,2025,5,청소연구소,1577000,23,1,0,seasonal,care_cleaning,primary
263,2025,6,청소연구소,1475000,20,1,0,seasonal,care_cleaning,primary
263,2025,7,청소연구소,1779000,26,1,0,seasonal,care_cleaning,primary
263,2025,8,청소연구소,1557000,25,1,0,seasonal,care_cleaning,primary
263,2025,9,청소연구소,1416000,24,1,1,seasonal,care_cleaning,primary
263,2025,10,청소연구소,1747000,28,1,0,seasonal,care_cleaning,primary
263,2025,11,청소연구소,1439000,20,1,0,seasonal,care_cleaning,primary
263,2025,12,청소연구소,1901000,26,1,1,seasonal,care_cleaning,primary
263,2026,1,청소연구소,1415000,21,1,1,seasonal,care_cleaning,primary
263,2026,2,청소연구소,1588000,23,1,1,seasonal,care_cleaning,primary
263,2026,3,청소연구소,1251000,20,1,0,seasonal,care_cleaning,primary
263,2026,4,청소연구소,1254000,18,1,0,seasonal,care_cleaning,primary
263,2026,5,청소연구소,1614000,28,1,0,seasonal,care_cleaning,primary
264,2024,6,바로고,2007000,21,2,0,regular,delivery_transport,primary
264,2024,7,바로고,2356000,22,2,0,regular,delivery_transport,primary
264,2024,8,바로고,2552000,24,2,0,regular,delivery_transport,primary
264,2024,9,바로고,2291000,27,2,1,regular,delivery_transport,primary
264,2024,10,바로고,1828000,22,2,0,regular,delivery_transport,primary
264,2024,11,바로고,1970000,22,2,0,regular,delivery_transport,primary
264,2024,12,바로고,2214000,22,2,1,regular,delivery_transport,primary
264,2025,1,바로고,1679000,20,2,1,regular,delivery_transport,primary
264,2025,2,바로고,1383000,17,2,1,regular,delivery_transport,primary
264,2025,3,바로고,2162000,24,2,0,regular,delivery_transport,primary
264,2025,4,바로고,2192000,25,2,0,regular,delivery_transport,primary
264,2025,5,바로고,1532000,18,2,0,regular,delivery_transport,primary
264,2025,6,바로고,1285000,14,2,0,regular,delivery_transport,primary
264,2025,7,바로고,2206000,21,2,0,regular,delivery_transport,primary
264,2025,8,바로고,1991000,20,2,0,regular,delivery_transport,primary
264,2025,9,바로고,2014000,24,2,1,regular,delivery_transport,primary
264,2025,10,바로고,1780000,16,2,0,regular,delivery_transport,primary
264,2025,11,바로고,1946000,21,2,0,regular,delivery_transport,primary
264,2025,12,바로고,2132000,22,2,1,regular,delivery_transport,primary
264,2026,1,바로고,1894000,18,2,1,regular,delivery_transport,primary
264,2026,2,바로고,1672000,17,2,1,regular,delivery_transport,primary
264,2026,3,바로고,1317000,16,2,0,regular,delivery_transport,primary
264,2026,4,바로고,1787000,21,2,0,regular,delivery_transport,primary
264,2026,5,바로고,1969000,18,2,0,regular,delivery_transport,primary
265,2024,6,쿠팡홈서비스,475000,7,1,0,regular,etc,occasional
265,2024,7,쿠팡홈서비스,537000,7,1,0,regular,etc,occasional
265,2024,8,쿠팡홈서비스,637000,7,1,0,regular,etc,occasional
265,2024,9,쿠팡홈서비스,857000,8,1,1,regular,etc,occasional
265,2024,10,쿠팡홈서비스,662000,8,1,0,regular,etc,occasional
265,2024,11,쿠팡홈서비스,476000,6,1,0,regular,etc,occasional
265,2024,12,쿠팡홈서비스,652000,9,1,1,regular,etc,occasional
265,2025,1,쿠팡홈서비스,604000,7,1,1,regular,etc,occasional
265,2025,2,쿠팡홈서비스,813000,10,1,1,regular,etc,occasional
265,2025,3,쿠팡홈서비스,630000,7,1,0,regular,etc,occasional
265,2025,4,쿠팡홈서비스,747000,8,1,0,regular,etc,occasional
265,2025,5,쿠팡홈서비스,613000,6,1,0,regular,etc,occasional
265,2025,6,쿠팡홈서비스,836000,11,1,0,regular,etc,occasional
265,2025,7,쿠팡홈서비스,621000,7,1,0,regular,etc,occasional
265,2025,8,쿠팡홈서비스,662000,9,1,0,regular,etc,occasional
265,2025,9,쿠팡홈서비스,624000,8,1,1,regular,etc,occasional
265,2025,10,쿠팡홈서비스,641000,7,1,0,regular,etc,occasional
265,2025,11,쿠팡홈서비스,667000,9,1,0,regular,etc,occasional
265,2025,12,쿠팡홈서비스,820000,11,1,1,regular,etc,occasional
265,2026,1,쿠팡홈서비스,499000,6,1,1,regular,etc,occasional
265,2026,2,쿠팡홈서비스,599000,6,1,1,regular,etc,occasional
265,2026,3,쿠팡홈서비스,634000,7,1,0,regular,etc,occasional
265,2026,4,쿠팡홈서비스,787000,10,1,0,regular,etc,occasional
265,2026,5,쿠팡홈서비스,805000,11,1,0,regular,etc,occasional
266,2024,6,미소,552000,9,3,0,seasonal,care_cleaning,secondary
266,2024,7,미소,922000,18,3,0,seasonal,care_cleaning,secondary
266,2024,8,미소,723000,11,3,0,seasonal,care_cleaning,secondary
266,2024,9,미소,806000,13,3,1,seasonal,care_cleaning,secondary
266,2024,10,미소,763000,14,3,0,seasonal,care_cleaning,secondary
266,2024,11,미소,807000,12,3,0,seasonal,care_cleaning,secondary
266,2024,12,미소,691000,11,3,1,seasonal,care_cleaning,secondary
266,2025,1,미소,591000,9,3,1,seasonal,care_cleaning,secondary
266,2025,2,미소,650000,11,3,1,seasonal,care_cleaning,secondary
266,2025,3,미소,646000,10,3,0,seasonal,care_cleaning,secondary
266,2025,4,미소,772000,13,3,0,seasonal,care_cleaning,secondary
266,2025,5,미소,786000,13,3,0,seasonal,care_cleaning,secondary
266,2025,6,미소,710000,11,3,0,seasonal,care_cleaning,secondary
266,2025,7,미소,796000,14,3,0,seasonal,care_cleaning,secondary
266,2025,8,미소,776000,14,3,0,seasonal,care_cleaning,secondary
266,2025,9,미소,816000,12,3,1,seasonal,care_cleaning,secondary
266,2025,10,미소,826000,12,3,0,seasonal,care_cleaning,secondary
266,2025,11,미소,774000,12,3,0,seasonal,care_cleaning,secondary
266,2025,12,미소,608000,11,3,1,seasonal,care_cleaning,secondary
266,2026,1,미소,714000,12,3,1,seasonal,care_cleaning,secondary
266,2026,2,미소,842000,13,3,1,seasonal,care_cleaning,secondary
266,2026,3,미소,806000,15,3,0,seasonal,care_cleaning,secondary
266,2026,4,미소,892000,14,3,0,seasonal,care_cleaning,secondary
266,2026,5,미소,827000,12,3,0,seasonal,care_cleaning,secondary
267,2024,6,카카오모빌리티,1115000,13,2,0,seasonal,delivery_transport,secondary
267,2024,7,카카오모빌리티,951000,12,2,0,seasonal,delivery_transport,secondary
267,2024,8,카카오모빌리티,1219000,14,2,0,seasonal,delivery_transport,secondary
267,2024,9,카카오모빌리티,922000,10,2,1,seasonal,delivery_transport,secondary
267,2024,10,카카오모빌리티,1129000,15,2,0,seasonal,delivery_transport,secondary
267,2024,11,카카오모빌리티,1342000,14,2,0,seasonal,delivery_transport,secondary
267,2024,12,카카오모빌리티,1325000,16,2,1,seasonal,delivery_transport,secondary
267,2025,1,카카오모빌리티,871000,12,2,1,seasonal,delivery_transport,secondary
267,2025,2,카카오모빌리티,1013000,11,2,1,seasonal,delivery_transport,secondary
267,2025,3,카카오모빌리티,1006000,13,2,0,seasonal,delivery_transport,secondary
267,2025,4,카카오모빌리티,1175000,13,2,0,seasonal,delivery_transport,secondary
267,2025,5,카카오모빌리티,1079000,14,2,0,seasonal,delivery_transport,secondary
267,2025,6,카카오모빌리티,1095000,15,2,0,seasonal,delivery_transport,secondary
267,2025,7,카카오모빌리티,1074000,13,2,0,seasonal,delivery_transport,secondary
267,2025,8,카카오모빌리티,1155000,15,2,0,seasonal,delivery_transport,secondary
267,2025,9,카카오모빌리티,1247000,13,2,1,seasonal,delivery_transport,secondary
267,2025,10,카카오모빌리티,1226000,14,2,0,seasonal,delivery_transport,secondary
267,2025,11,카카오모빌리티,1654000,15,2,0,seasonal,delivery_transport,secondary
267,2025,12,카카오모빌리티,1606000,18,2,1,seasonal,delivery_transport,secondary
267,2026,1,카카오모빌리티,1000000,11,2,1,seasonal,delivery_transport,secondary
267,2026,2,카카오모빌리티,1019000,11,2,1,seasonal,delivery_transport,secondary
267,2026,3,카카오모빌리티,1309000,14,2,0,seasonal,delivery_transport,secondary
267,2026,4,카카오모빌리티,1716000,14,2,0,seasonal,delivery_transport,secondary
267,2026,5,카카오모빌리티,1158000,14,2,0,seasonal,delivery_transport,secondary
268,2024,6,요기요,2695000,17,1,0,seasonal,delivery_transport,primary
268,2024,7,요기요,3766000,23,1,0,seasonal,delivery_transport,primary
268,2024,8,요기요,4199000,25,1,0,seasonal,delivery_transport,primary
268,2024,9,요기요,2651000,20,1,1,seasonal,delivery_transport,primary
268,2024,10,요기요,3156000,22,1,0,seasonal,delivery_transport,primary
268,2024,11,요기요,3657000,25,1,0,seasonal,delivery_transport,primary
268,2024,12,요기요,4087000,29,1,1,seasonal,delivery_transport,primary
268,2025,1,요기요,2894000,18,1,1,seasonal,delivery_transport,primary
268,2025,2,요기요,2583000,16,1,1,seasonal,delivery_transport,primary
268,2025,3,요기요,3131000,22,1,0,seasonal,delivery_transport,primary
268,2025,4,요기요,3353000,22,1,0,seasonal,delivery_transport,primary
268,2025,5,요기요,3121000,22,1,0,seasonal,delivery_transport,primary
268,2025,6,요기요,3414000,25,1,0,seasonal,delivery_transport,primary
268,2025,7,요기요,4268000,32,1,0,seasonal,delivery_transport,primary
268,2025,8,요기요,3566000,28,1,0,seasonal,delivery_transport,primary
268,2025,9,요기요,3272000,21,1,1,seasonal,delivery_transport,primary
268,2025,10,요기요,3007000,22,1,0,seasonal,delivery_transport,primary
268,2025,11,요기요,2989000,21,1,0,seasonal,delivery_transport,primary
268,2025,12,요기요,3112000,22,1,1,seasonal,delivery_transport,primary
268,2026,1,요기요,2807000,17,1,1,seasonal,delivery_transport,primary
268,2026,2,요기요,2697000,18,1,1,seasonal,delivery_transport,primary
268,2026,3,요기요,2399000,16,1,0,seasonal,delivery_transport,primary
268,2026,4,요기요,3064000,22,1,0,seasonal,delivery_transport,primary
268,2026,5,요기요,2860000,23,1,0,seasonal,delivery_transport,primary
269,2024,6,바로고,870000,14,2,0,regular,delivery_transport,secondary
269,2024,7,바로고,968000,17,2,0,regular,delivery_transport,secondary
269,2024,8,바로고,627000,11,2,0,regular,delivery_transport,secondary
269,2024,9,바로고,908000,15,2,1,regular,delivery_transport,secondary
269,2024,10,바로고,1015000,17,2,0,regular,delivery_transport,secondary
269,2024,11,바로고,836000,13,2,0,regular,delivery_transport,secondary
269,2024,12,바로고,854000,15,2,1,regular,delivery_transport,secondary
269,2025,1,바로고,971000,14,2,1,regular,delivery_transport,secondary
269,2025,2,바로고,715000,11,2,1,regular,delivery_transport,secondary
269,2025,3,바로고,807000,14,2,0,regular,delivery_transport,secondary
269,2025,4,바로고,894000,15,2,0,regular,delivery_transport,secondary
269,2025,5,바로고,840000,13,2,0,regular,delivery_transport,secondary
269,2025,6,바로고,951000,13,2,0,regular,delivery_transport,secondary
269,2025,7,바로고,859000,15,2,0,regular,delivery_transport,secondary
269,2025,8,바로고,933000,16,2,0,regular,delivery_transport,secondary
269,2025,9,바로고,965000,13,2,1,regular,delivery_transport,secondary
269,2025,10,바로고,921000,14,2,0,regular,delivery_transport,secondary
269,2025,11,바로고,926000,15,2,0,regular,delivery_transport,secondary
269,2025,12,바로고,809000,14,2,1,regular,delivery_transport,secondary
269,2026,1,바로고,983000,15,2,1,regular,delivery_transport,secondary
269,2026,2,바로고,945000,17,2,1,regular,delivery_transport,secondary
269,2026,3,바로고,866000,13,2,0,regular,delivery_transport,secondary
269,2026,4,바로고,875000,15,2,0,regular,delivery_transport,secondary
269,2026,5,바로고,767000,13,2,0,regular,delivery_transport,secondary
270,2024,6,크몽,1810000,24,2,0,regular,professional,primary
270,2024,7,크몽,1839000,20,2,0,regular,professional,primary
270,2024,8,크몽,1935000,22,2,0,regular,professional,primary
270,2024,9,크몽,1217000,17,2,1,regular,professional,primary
270,2024,10,크몽,1586000,22,2,0,regular,professional,primary
270,2024,11,크몽,1713000,22,2,0,regular,professional,primary
270,2024,12,크몽,2366000,25,2,1,regular,professional,primary
270,2025,1,크몽,1660000,18,2,1,regular,professional,primary
270,2025,2,크몽,1764000,23,2,1,regular,professional,primary
270,2025,3,크몽,1630000,23,2,0,regular,professional,primary
270,2025,4,크몽,1800000,23,2,0,regular,professional,primary
270,2025,5,크몽,1490000,17,2,0,regular,professional,primary
270,2025,6,크몽,1724000,19,2,0,regular,professional,primary
270,2025,7,크몽,2146000,29,2,0,regular,professional,primary
270,2025,8,크몽,2149000,30,2,0,regular,professional,primary
270,2025,9,크몽,1914000,27,2,1,regular,professional,primary
270,2025,10,크몽,2132000,25,2,0,regular,professional,primary
270,2025,11,크몽,1607000,18,2,0,regular,professional,primary
270,2025,12,크몽,1613000,23,2,1,regular,professional,primary
270,2026,1,크몽,1738000,19,2,1,regular,professional,primary
270,2026,2,크몽,2004000,23,2,1,regular,professional,primary
270,2026,3,크몽,1476000,17,2,0,regular,professional,primary
270,2026,4,크몽,2058000,27,2,0,regular,professional,primary
270,2026,5,크몽,1384000,16,2,0,regular,professional,primary
271,2024,6,카카오모빌리티,705000,7,2,0,seasonal,delivery_transport,occasional
271,2024,7,카카오모빌리티,785000,8,2,0,seasonal,delivery_transport,occasional
271,2024,8,카카오모빌리티,762000,8,2,0,seasonal,delivery_transport,occasional
271,2024,9,카카오모빌리티,545000,7,2,1,seasonal,delivery_transport,occasional
271,2024,10,카카오모빌리티,661000,8,2,0,seasonal,delivery_transport,occasional
271,2024,11,카카오모빌리티,826000,8,2,0,seasonal,delivery_transport,occasional
271,2024,12,카카오모빌리티,872000,11,2,1,seasonal,delivery_transport,occasional
271,2025,1,카카오모빌리티,636000,7,2,1,seasonal,delivery_transport,occasional
271,2025,2,카카오모빌리티,684000,8,2,1,seasonal,delivery_transport,occasional
271,2025,3,카카오모빌리티,579000,6,2,0,seasonal,delivery_transport,occasional
271,2025,4,카카오모빌리티,753000,8,2,0,seasonal,delivery_transport,occasional
271,2025,5,카카오모빌리티,906000,11,2,0,seasonal,delivery_transport,occasional
271,2025,6,카카오모빌리티,844000,8,2,0,seasonal,delivery_transport,occasional
271,2025,7,카카오모빌리티,743000,9,2,0,seasonal,delivery_transport,occasional
271,2025,8,카카오모빌리티,702000,8,2,0,seasonal,delivery_transport,occasional
271,2025,9,카카오모빌리티,518000,7,2,1,seasonal,delivery_transport,occasional
271,2025,10,카카오모빌리티,637000,8,2,0,seasonal,delivery_transport,occasional
271,2025,11,카카오모빌리티,836000,9,2,0,seasonal,delivery_transport,occasional
271,2025,12,카카오모빌리티,1150000,9,2,1,seasonal,delivery_transport,occasional
271,2026,1,카카오모빌리티,651000,8,2,1,seasonal,delivery_transport,occasional
271,2026,2,카카오모빌리티,594000,8,2,1,seasonal,delivery_transport,occasional
271,2026,3,카카오모빌리티,769000,8,2,0,seasonal,delivery_transport,occasional
271,2026,4,카카오모빌리티,925000,12,2,0,seasonal,delivery_transport,occasional
271,2026,5,카카오모빌리티,1019000,9,2,0,seasonal,delivery_transport,occasional
272,2024,6,이랜서,2031000,19,2,0,seasonal,it_service,primary
272,2024,7,이랜서,2783000,29,2,0,seasonal,it_service,primary
272,2024,8,이랜서,2715000,22,2,0,seasonal,it_service,primary
272,2024,9,이랜서,2355000,24,2,1,seasonal,it_service,primary
272,2024,10,이랜서,2342000,21,2,0,seasonal,it_service,primary
272,2024,11,이랜서,2242000,23,2,0,seasonal,it_service,primary
272,2024,12,이랜서,2918000,24,2,1,seasonal,it_service,primary
272,2025,1,이랜서,2501000,25,2,1,seasonal,it_service,primary
272,2025,2,이랜서,2167000,23,2,1,seasonal,it_service,primary
272,2025,3,이랜서,2247000,19,2,0,seasonal,it_service,primary
272,2025,4,이랜서,3026000,24,2,0,seasonal,it_service,primary
272,2025,5,이랜서,2695000,22,2,0,seasonal,it_service,primary
272,2025,6,이랜서,2268000,19,2,0,seasonal,it_service,primary
272,2025,7,이랜서,2680000,23,2,0,seasonal,it_service,primary
272,2025,8,이랜서,3184000,31,2,0,seasonal,it_service,primary
272,2025,9,이랜서,2728000,26,2,1,seasonal,it_service,primary
272,2025,10,이랜서,2787000,27,2,0,seasonal,it_service,primary
272,2025,11,이랜서,2438000,20,2,0,seasonal,it_service,primary
272,2025,12,이랜서,3461000,25,2,1,seasonal,it_service,primary
272,2026,1,이랜서,2102000,21,2,1,seasonal,it_service,primary
272,2026,2,이랜서,1918000,16,2,1,seasonal,it_service,primary
272,2026,3,이랜서,2991000,29,2,0,seasonal,it_service,primary
272,2026,4,이랜서,2639000,21,2,0,seasonal,it_service,primary
272,2026,5,이랜서,2482000,26,2,0,seasonal,it_service,primary
273,2024,6,숨고,2652000,20,2,0,irregular,professional,secondary
273,2024,7,숨고,3641000,20,2,0,irregular,professional,secondary
273,2024,8,숨고,892000,11,2,0,irregular,professional,secondary
273,2024,9,숨고,842000,12,2,1,irregular,professional,secondary
273,2024,10,숨고,1670000,21,2,0,irregular,professional,secondary
273,2024,11,숨고,2188000,18,2,0,irregular,professional,secondary
273,2024,12,숨고,630000,10,2,1,irregular,professional,secondary
273,2025,1,숨고,870000,11,2,1,irregular,professional,secondary
273,2025,2,숨고,1532000,18,2,1,irregular,professional,secondary
273,2025,3,숨고,1954000,20,2,0,irregular,professional,secondary
273,2025,4,숨고,427000,7,2,0,irregular,professional,secondary
273,2025,5,숨고,1711000,17,2,0,irregular,professional,secondary
273,2025,6,숨고,544000,7,2,0,irregular,professional,secondary
273,2025,7,숨고,326000,5,1,0,irregular,professional,secondary
273,2025,8,숨고,0,0,0,0,irregular,professional,secondary
273,2025,9,숨고,0,0,0,1,irregular,professional,secondary
273,2025,10,숨고,891000,12,2,0,irregular,professional,secondary
273,2025,11,숨고,532000,7,2,0,irregular,professional,secondary
273,2025,12,숨고,1909000,21,2,1,irregular,professional,secondary
273,2026,1,숨고,1182000,17,2,1,irregular,professional,secondary
273,2026,2,숨고,353000,5,1,1,irregular,professional,secondary
273,2026,3,숨고,973000,12,2,0,irregular,professional,secondary
273,2026,4,숨고,2991000,21,2,0,irregular,professional,secondary
273,2026,5,숨고,147000,2,1,0,irregular,professional,secondary
274,2024,6,크라우드웍스,574000,9,1,0,irregular,simple_computer,primary
274,2024,7,크라우드웍스,393000,6,1,0,irregular,simple_computer,primary
274,2024,8,크라우드웍스,904000,12,2,0,irregular,simple_computer,primary
274,2024,9,크라우드웍스,677000,9,2,1,irregular,simple_computer,primary
274,2024,10,크라우드웍스,0,0,0,0,irregular,simple_computer,primary
274,2024,11,크라우드웍스,0,0,0,0,irregular,simple_computer,primary
274,2024,12,크라우드웍스,402000,6,1,1,irregular,simple_computer,primary
274,2025,1,크라우드웍스,337000,4,1,1,irregular,simple_computer,primary
274,2025,2,크라우드웍스,305000,4,1,1,irregular,simple_computer,primary
274,2025,3,크라우드웍스,1138000,18,2,0,irregular,simple_computer,primary
274,2025,4,크라우드웍스,2256000,30,2,0,irregular,simple_computer,primary
274,2025,5,크라우드웍스,1111000,18,2,0,irregular,simple_computer,primary
274,2025,6,크라우드웍스,1272000,17,2,0,irregular,simple_computer,primary
274,2025,7,크라우드웍스,1689000,23,2,0,irregular,simple_computer,primary
274,2025,8,크라우드웍스,400000,5,1,0,irregular,simple_computer,primary
274,2025,9,크라우드웍스,443000,6,1,1,irregular,simple_computer,primary
274,2025,10,크라우드웍스,996000,15,2,0,irregular,simple_computer,primary
274,2025,11,크라우드웍스,735000,12,2,0,irregular,simple_computer,primary
274,2025,12,크라우드웍스,931000,12,2,1,irregular,simple_computer,primary
274,2026,1,크라우드웍스,635000,8,2,1,irregular,simple_computer,primary
274,2026,2,크라우드웍스,1123000,14,2,1,irregular,simple_computer,primary
274,2026,3,크라우드웍스,377000,6,1,0,irregular,simple_computer,primary
274,2026,4,크라우드웍스,0,0,0,0,irregular,simple_computer,primary
274,2026,5,크라우드웍스,0,0,0,0,irregular,simple_computer,primary
275,2024,6,카카오T대리,1481000,27,3,0,seasonal,delivery_transport,primary
275,2024,7,카카오T대리,1120000,23,3,0,seasonal,delivery_transport,primary
275,2024,8,카카오T대리,1094000,20,3,0,seasonal,delivery_transport,primary
275,2024,9,카카오T대리,1015000,20,3,1,seasonal,delivery_transport,primary
275,2024,10,카카오T대리,887000,16,3,0,seasonal,delivery_transport,primary
275,2024,11,카카오T대리,1571000,31,3,0,seasonal,delivery_transport,primary
275,2024,12,카카오T대리,1485000,25,3,1,seasonal,delivery_transport,primary
275,2025,1,카카오T대리,1018000,19,3,1,seasonal,delivery_transport,primary
275,2025,2,카카오T대리,841000,15,3,1,seasonal,delivery_transport,primary
275,2025,3,카카오T대리,1244000,25,3,0,seasonal,delivery_transport,primary
275,2025,4,카카오T대리,1216000,21,3,0,seasonal,delivery_transport,primary
275,2025,5,카카오T대리,980000,17,3,0,seasonal,delivery_transport,primary
275,2025,6,카카오T대리,1039000,20,3,0,seasonal,delivery_transport,primary
275,2025,7,카카오T대리,1282000,28,3,0,seasonal,delivery_transport,primary
275,2025,8,카카오T대리,934000,16,3,0,seasonal,delivery_transport,primary
275,2025,9,카카오T대리,911000,18,3,1,seasonal,delivery_transport,primary
275,2025,10,카카오T대리,1299000,26,3,0,seasonal,delivery_transport,primary
275,2025,11,카카오T대리,1478000,29,3,0,seasonal,delivery_transport,primary
275,2025,12,카카오T대리,1504000,25,3,1,seasonal,delivery_transport,primary
275,2026,1,카카오T대리,819000,15,3,1,seasonal,delivery_transport,primary
275,2026,2,카카오T대리,958000,21,3,1,seasonal,delivery_transport,primary
275,2026,3,카카오T대리,949000,18,3,0,seasonal,delivery_transport,primary
275,2026,4,카카오T대리,1270000,24,3,0,seasonal,delivery_transport,primary
275,2026,5,카카오T대리,1540000,32,3,0,seasonal,delivery_transport,primary
276,2024,6,생각대로,1177000,12,1,0,irregular,delivery_transport,primary
276,2024,7,생각대로,0,0,0,0,irregular,delivery_transport,primary
276,2024,8,생각대로,0,0,0,0,irregular,delivery_transport,primary
276,2024,9,생각대로,741000,6,1,1,irregular,delivery_transport,primary
276,2024,10,생각대로,1707000,15,1,0,irregular,delivery_transport,primary
276,2024,11,생각대로,1783000,17,1,0,irregular,delivery_transport,primary
276,2024,12,생각대로,1845000,14,1,1,irregular,delivery_transport,primary
276,2025,1,생각대로,2616000,26,1,1,irregular,delivery_transport,primary
276,2025,2,생각대로,6693000,28,1,1,irregular,delivery_transport,primary
276,2025,3,생각대로,3551000,25,1,0,irregular,delivery_transport,primary
276,2025,4,생각대로,8846000,26,1,0,irregular,delivery_transport,primary
276,2025,5,생각대로,5637000,24,1,0,irregular,delivery_transport,primary
276,2025,6,생각대로,5160000,25,1,0,irregular,delivery_transport,primary
276,2025,7,생각대로,3208000,24,1,0,irregular,delivery_transport,primary
276,2025,8,생각대로,2315000,19,1,0,irregular,delivery_transport,primary
276,2025,9,생각대로,2783000,25,1,1,irregular,delivery_transport,primary
276,2025,10,생각대로,740000,6,1,0,irregular,delivery_transport,primary
276,2025,11,생각대로,1230000,12,1,0,irregular,delivery_transport,primary
276,2025,12,생각대로,2092000,20,1,1,irregular,delivery_transport,primary
276,2026,1,생각대로,2570000,25,1,1,irregular,delivery_transport,primary
276,2026,2,생각대로,2129000,22,1,1,irregular,delivery_transport,primary
276,2026,3,생각대로,4061000,25,1,0,irregular,delivery_transport,primary
276,2026,4,생각대로,2665000,24,1,0,irregular,delivery_transport,primary
276,2026,5,생각대로,1504000,15,1,0,irregular,delivery_transport,primary
277,2024,6,크몽,1960000,14,1,0,irregular,professional,primary
277,2024,7,크몽,2155000,14,1,0,irregular,professional,primary
277,2024,8,크몽,2195000,18,1,0,irregular,professional,primary
277,2024,9,크몽,1054000,7,1,1,irregular,professional,primary
277,2024,10,크몽,0,0,0,0,irregular,professional,primary
277,2024,11,크몽,998000,8,1,0,irregular,professional,primary
277,2024,12,크몽,5595000,27,1,1,irregular,professional,primary
277,2025,1,크몽,0,0,0,1,irregular,professional,primary
277,2025,2,크몽,0,0,0,1,irregular,professional,primary
277,2025,3,크몽,0,0,0,0,irregular,professional,primary
277,2025,4,크몽,3131000,22,1,0,irregular,professional,primary
277,2025,5,크몽,0,0,0,0,irregular,professional,primary
277,2025,6,크몽,1248000,9,1,0,irregular,professional,primary
277,2025,7,크몽,0,0,0,0,irregular,professional,primary
277,2025,8,크몽,1955000,13,1,0,irregular,professional,primary
277,2025,9,크몽,488000,4,1,1,irregular,professional,primary
277,2025,10,크몽,0,0,0,0,irregular,professional,primary
277,2025,11,크몽,2821000,19,1,0,irregular,professional,primary
277,2025,12,크몽,0,0,0,1,irregular,professional,primary
277,2026,1,크몽,3546000,24,1,1,irregular,professional,primary
277,2026,2,크몽,1147000,10,1,1,irregular,professional,primary
277,2026,3,크몽,3610000,26,1,0,irregular,professional,primary
277,2026,4,크몽,9000000,27,1,0,irregular,professional,primary
277,2026,5,크몽,3016000,25,1,0,irregular,professional,primary
278,2024,6,크라우드웍스,142000,2,1,0,irregular,simple_computer,occasional
278,2024,7,크라우드웍스,628000,6,1,0,irregular,simple_computer,occasional
278,2024,8,크라우드웍스,644000,7,1,0,irregular,simple_computer,occasional
278,2024,9,크라우드웍스,232000,3,1,1,irregular,simple_computer,occasional
278,2024,10,크라우드웍스,0,0,0,0,irregular,simple_computer,occasional
278,2024,11,크라우드웍스,0,0,0,0,irregular,simple_computer,occasional
278,2024,12,크라우드웍스,0,0,0,1,irregular,simple_computer,occasional
278,2025,1,크라우드웍스,0,0,0,1,irregular,simple_computer,occasional
278,2025,2,크라우드웍스,0,0,0,1,irregular,simple_computer,occasional
278,2025,3,크라우드웍스,0,0,0,0,irregular,simple_computer,occasional
278,2025,4,크라우드웍스,0,0,0,0,irregular,simple_computer,occasional
278,2025,5,크라우드웍스,0,0,0,0,irregular,simple_computer,occasional
278,2025,6,크라우드웍스,0,0,0,0,irregular,simple_computer,occasional
278,2025,7,크라우드웍스,0,0,0,0,irregular,simple_computer,occasional
278,2025,8,크라우드웍스,0,0,0,0,irregular,simple_computer,occasional
278,2025,9,크라우드웍스,0,0,0,1,irregular,simple_computer,occasional
278,2025,10,크라우드웍스,81000,1,1,0,irregular,simple_computer,occasional
278,2025,11,크라우드웍스,228000,3,1,0,irregular,simple_computer,occasional
278,2025,12,크라우드웍스,604000,6,1,1,irregular,simple_computer,occasional
278,2026,1,크라우드웍스,777000,5,1,1,irregular,simple_computer,occasional
278,2026,2,크라우드웍스,187000,3,1,1,irregular,simple_computer,occasional
278,2026,3,크라우드웍스,90000,1,1,0,irregular,simple_computer,occasional
278,2026,4,크라우드웍스,177000,2,1,0,irregular,simple_computer,occasional
278,2026,5,크라우드웍스,554000,7,1,0,irregular,simple_computer,occasional
279,2024,6,로지올,1650000,17,2,0,irregular,delivery_transport,secondary
279,2024,7,로지올,1385000,13,2,0,irregular,delivery_transport,secondary
279,2024,8,로지올,1599000,13,2,0,irregular,delivery_transport,secondary
279,2024,9,로지올,1631000,17,2,1,irregular,delivery_transport,secondary
279,2024,10,로지올,2562000,16,2,0,irregular,delivery_transport,secondary
279,2024,11,로지올,1292000,12,2,0,irregular,delivery_transport,secondary
279,2024,12,로지올,1165000,11,2,1,irregular,delivery_transport,secondary
279,2025,1,로지올,1684000,17,2,1,irregular,delivery_transport,secondary
279,2025,2,로지올,918000,10,2,1,irregular,delivery_transport,secondary
279,2025,3,로지올,589000,5,2,0,irregular,delivery_transport,secondary
279,2025,4,로지올,909000,9,2,0,irregular,delivery_transport,secondary
279,2025,5,로지올,1114000,12,2,0,irregular,delivery_transport,secondary
279,2025,6,로지올,1196000,10,2,0,irregular,delivery_transport,secondary
279,2025,7,로지올,1344000,12,2,0,irregular,delivery_transport,secondary
279,2025,8,로지올,0,0,0,0,irregular,delivery_transport,secondary
279,2025,9,로지올,436000,4,1,1,irregular,delivery_transport,secondary
279,2025,10,로지올,341000,3,1,0,irregular,delivery_transport,secondary
279,2025,11,로지올,564000,6,2,0,irregular,delivery_transport,secondary
279,2025,12,로지올,286000,3,1,1,irregular,delivery_transport,secondary
279,2026,1,로지올,293000,3,1,1,irregular,delivery_transport,secondary
279,2026,2,로지올,0,0,0,1,irregular,delivery_transport,secondary
279,2026,3,로지올,0,0,0,0,irregular,delivery_transport,secondary
279,2026,4,로지올,0,0,0,0,irregular,delivery_transport,secondary
279,2026,5,로지올,0,0,0,0,irregular,delivery_transport,secondary
280,2024,6,카카오모빌리티,1927000,25,1,0,seasonal,delivery_transport,primary
280,2024,7,카카오모빌리티,2053000,21,1,0,seasonal,delivery_transport,primary
280,2024,8,카카오모빌리티,1469000,15,1,0,seasonal,delivery_transport,primary
280,2024,9,카카오모빌리티,1327000,16,1,1,seasonal,delivery_transport,primary
280,2024,10,카카오모빌리티,1671000,23,1,0,seasonal,delivery_transport,primary
280,2024,11,카카오모빌리티,2325000,28,1,0,seasonal,delivery_transport,primary
280,2024,12,카카오모빌리티,2382000,26,1,1,seasonal,delivery_transport,primary
280,2025,1,카카오모빌리티,1554000,19,1,1,seasonal,delivery_transport,primary
280,2025,2,카카오모빌리티,1640000,21,1,1,seasonal,delivery_transport,primary
280,2025,3,카카오모빌리티,1778000,21,1,0,seasonal,delivery_transport,primary
280,2025,4,카카오모빌리티,1855000,20,1,0,seasonal,delivery_transport,primary
280,2025,5,카카오모빌리티,2003000,22,1,0,seasonal,delivery_transport,primary
280,2025,6,카카오모빌리티,2164000,24,1,0,seasonal,delivery_transport,primary
280,2025,7,카카오모빌리티,1650000,20,1,0,seasonal,delivery_transport,primary
280,2025,8,카카오모빌리티,2015000,25,1,0,seasonal,delivery_transport,primary
280,2025,9,카카오모빌리티,1668000,18,1,1,seasonal,delivery_transport,primary
280,2025,10,카카오모빌리티,1870000,20,1,0,seasonal,delivery_transport,primary
280,2025,11,카카오모빌리티,2558000,22,1,0,seasonal,delivery_transport,primary
280,2025,12,카카오모빌리티,2782000,22,1,1,seasonal,delivery_transport,primary
280,2026,1,카카오모빌리티,1454000,20,1,1,seasonal,delivery_transport,primary
280,2026,2,카카오모빌리티,1663000,18,1,1,seasonal,delivery_transport,primary
280,2026,3,카카오모빌리티,1473000,17,1,0,seasonal,delivery_transport,primary
280,2026,4,카카오모빌리티,2034000,27,1,0,seasonal,delivery_transport,primary
280,2026,5,카카오모빌리티,2165000,26,1,0,seasonal,delivery_transport,primary
281,2024,6,숨고,2505000,26,1,0,irregular,professional,primary
281,2024,7,숨고,0,0,0,0,irregular,professional,primary
281,2024,8,숨고,687000,11,1,0,irregular,professional,primary
281,2024,9,숨고,1133000,13,1,1,irregular,professional,primary
281,2024,10,숨고,1031000,14,1,0,irregular,professional,primary
281,2024,11,숨고,1723000,25,1,0,irregular,professional,primary
281,2024,12,숨고,1932000,24,1,1,irregular,professional,primary
281,2025,1,숨고,3295000,34,1,1,irregular,professional,primary
281,2025,2,숨고,5495000,29,1,1,irregular,professional,primary
281,2025,3,숨고,1228000,18,1,0,irregular,professional,primary
281,2025,4,숨고,254000,3,1,0,irregular,professional,primary
281,2025,5,숨고,2019000,26,1,0,irregular,professional,primary
281,2025,6,숨고,0,0,0,0,irregular,professional,primary
281,2025,7,숨고,1140000,17,1,0,irregular,professional,primary
281,2025,8,숨고,1802000,25,1,0,irregular,professional,primary
281,2025,9,숨고,3488000,27,1,1,irregular,professional,primary
281,2025,10,숨고,4110000,29,1,0,irregular,professional,primary
281,2025,11,숨고,2299000,31,1,0,irregular,professional,primary
281,2025,12,숨고,981000,12,1,1,irregular,professional,primary
281,2026,1,숨고,1730000,27,1,1,irregular,professional,primary
281,2026,2,숨고,976000,14,1,1,irregular,professional,primary
281,2026,3,숨고,986000,13,1,0,irregular,professional,primary
281,2026,4,숨고,0,0,0,0,irregular,professional,primary
281,2026,5,숨고,2097000,30,1,0,irregular,professional,primary
282,2024,6,배달의민족,2736000,29,1,0,irregular,delivery_transport,primary
282,2024,7,배달의민족,1811000,20,1,0,irregular,delivery_transport,primary
282,2024,8,배달의민족,0,0,0,0,irregular,delivery_transport,primary
282,2024,9,배달의민족,2350000,23,1,1,irregular,delivery_transport,primary
282,2024,10,배달의민족,2607000,24,1,0,irregular,delivery_transport,primary
282,2024,11,배달의민족,3042000,27,1,0,irregular,delivery_transport,primary
282,2024,12,배달의민족,3339000,33,1,1,irregular,delivery_transport,primary
282,2025,1,배달의민족,0,0,0,1,irregular,delivery_transport,primary
282,2025,2,배달의민족,1713000,18,1,1,irregular,delivery_transport,primary
282,2025,3,배달의민족,2436000,27,1,0,irregular,delivery_transport,primary
282,2025,4,배달의민족,2895000,26,1,0,irregular,delivery_transport,primary
282,2025,5,배달의민족,3428000,30,1,0,irregular,delivery_transport,primary
282,2025,6,배달의민족,2061000,22,1,0,irregular,delivery_transport,primary
282,2025,7,배달의민족,2371000,26,1,0,irregular,delivery_transport,primary
282,2025,8,배달의민족,4752000,27,1,0,irregular,delivery_transport,primary
282,2025,9,배달의민족,2955000,29,1,1,irregular,delivery_transport,primary
282,2025,10,배달의민족,3194000,28,1,0,irregular,delivery_transport,primary
282,2025,11,배달의민족,2692000,25,1,0,irregular,delivery_transport,primary
282,2025,12,배달의민족,3622000,34,1,1,irregular,delivery_transport,primary
282,2026,1,배달의민족,2640000,29,1,1,irregular,delivery_transport,primary
282,2026,2,배달의민족,0,0,0,1,irregular,delivery_transport,primary
282,2026,3,배달의민족,2708000,29,1,0,irregular,delivery_transport,primary
282,2026,4,배달의민족,1744000,17,1,0,irregular,delivery_transport,primary
282,2026,5,배달의민족,1855000,21,1,0,irregular,delivery_transport,primary
283,2024,6,카카오모빌리티,2310000,17,3,0,seasonal,delivery_transport,primary
283,2024,7,카카오모빌리티,2618000,18,3,0,seasonal,delivery_transport,primary
283,2024,8,카카오모빌리티,2893000,20,3,0,seasonal,delivery_transport,primary
283,2024,9,카카오모빌리티,2704000,16,3,1,seasonal,delivery_transport,primary
283,2024,10,카카오모빌리티,3499000,22,3,0,seasonal,delivery_transport,primary
283,2024,11,카카오모빌리티,3851000,23,3,0,seasonal,delivery_transport,primary
283,2024,12,카카오모빌리티,4809000,24,3,1,seasonal,delivery_transport,primary
283,2025,1,카카오모빌리티,3058000,20,3,1,seasonal,delivery_transport,primary
283,2025,2,카카오모빌리티,2632000,18,3,1,seasonal,delivery_transport,primary
283,2025,3,카카오모빌리티,2681000,20,3,0,seasonal,delivery_transport,primary
283,2025,4,카카오모빌리티,4106000,24,3,0,seasonal,delivery_transport,primary
283,2025,5,카카오모빌리티,3398000,21,3,0,seasonal,delivery_transport,primary
283,2025,6,카카오모빌리티,3333000,19,3,0,seasonal,delivery_transport,primary
283,2025,7,카카오모빌리티,2304000,13,3,0,seasonal,delivery_transport,primary
283,2025,8,카카오모빌리티,3837000,29,3,0,seasonal,delivery_transport,primary
283,2025,9,카카오모빌리티,3604000,27,3,1,seasonal,delivery_transport,primary
283,2025,10,카카오모빌리티,3675000,24,3,0,seasonal,delivery_transport,primary
283,2025,11,카카오모빌리티,5301000,24,3,0,seasonal,delivery_transport,primary
283,2025,12,카카오모빌리티,3679000,24,3,1,seasonal,delivery_transport,primary
283,2026,1,카카오모빌리티,1952000,11,3,1,seasonal,delivery_transport,primary
283,2026,2,카카오모빌리티,2304000,13,3,1,seasonal,delivery_transport,primary
283,2026,3,카카오모빌리티,3008000,22,3,0,seasonal,delivery_transport,primary
283,2026,4,카카오모빌리티,3286000,20,3,0,seasonal,delivery_transport,primary
283,2026,5,카카오모빌리티,2185000,14,3,0,seasonal,delivery_transport,primary
284,2024,6,이랜서,719000,6,1,0,irregular,it_service,secondary
284,2024,7,이랜서,655000,6,1,0,irregular,it_service,secondary
284,2024,8,이랜서,0,0,0,0,irregular,it_service,secondary
284,2024,9,이랜서,878000,8,1,1,irregular,it_service,secondary
284,2024,10,이랜서,471000,4,1,0,irregular,it_service,secondary
284,2024,11,이랜서,3713000,12,1,0,irregular,it_service,secondary
284,2024,12,이랜서,1739000,12,1,1,irregular,it_service,secondary
284,2025,1,이랜서,510000,4,1,1,irregular,it_service,secondary
284,2025,2,이랜서,0,0,0,1,irregular,it_service,secondary
284,2025,3,이랜서,805000,7,1,0,irregular,it_service,secondary
284,2025,4,이랜서,784000,6,1,0,irregular,it_service,secondary
284,2025,5,이랜서,4814000,15,1,0,irregular,it_service,secondary
284,2025,6,이랜서,1544000,15,1,0,irregular,it_service,secondary
284,2025,7,이랜서,3534000,15,1,0,irregular,it_service,secondary
284,2025,8,이랜서,1940000,15,1,0,irregular,it_service,secondary
284,2025,9,이랜서,1307000,10,1,1,irregular,it_service,secondary
284,2025,10,이랜서,2368000,12,1,0,irregular,it_service,secondary
284,2025,11,이랜서,1118000,9,1,0,irregular,it_service,secondary
284,2025,12,이랜서,528000,4,1,1,irregular,it_service,secondary
284,2026,1,이랜서,435000,4,1,1,irregular,it_service,secondary
284,2026,2,이랜서,926000,7,1,1,irregular,it_service,secondary
284,2026,3,이랜서,751000,6,1,0,irregular,it_service,secondary
284,2026,4,이랜서,514000,4,1,0,irregular,it_service,secondary
284,2026,5,이랜서,6179000,13,1,0,irregular,it_service,secondary
285,2024,6,카카오모빌리티,316000,6,2,0,irregular,delivery_transport,occasional
285,2024,7,카카오모빌리티,256000,6,2,0,irregular,delivery_transport,occasional
285,2024,8,카카오모빌리티,297000,7,2,0,irregular,delivery_transport,occasional
285,2024,9,카카오모빌리티,489000,9,2,1,irregular,delivery_transport,occasional
285,2024,10,카카오모빌리티,252000,6,2,0,irregular,delivery_transport,occasional
285,2024,11,카카오모빌리티,471000,9,2,0,irregular,delivery_transport,occasional
285,2024,12,카카오모빌리티,384000,7,2,1,irregular,delivery_transport,occasional
285,2025,1,카카오모빌리티,420000,10,2,1,irregular,delivery_transport,occasional
285,2025,2,카카오모빌리티,291000,7,2,1,irregular,delivery_transport,occasional
285,2025,3,카카오모빌리티,413000,9,2,0,irregular,delivery_transport,occasional
285,2025,4,카카오모빌리티,378000,7,2,0,irregular,delivery_transport,occasional
285,2025,5,카카오모빌리티,1029000,14,2,0,irregular,delivery_transport,occasional
285,2025,6,카카오모빌리티,0,0,0,0,irregular,delivery_transport,occasional
285,2025,7,카카오모빌리티,366000,7,2,0,irregular,delivery_transport,occasional
285,2025,8,카카오모빌리티,401000,9,2,0,irregular,delivery_transport,occasional
285,2025,9,카카오모빌리티,348000,8,2,1,irregular,delivery_transport,occasional
285,2025,10,카카오모빌리티,182000,5,1,0,irregular,delivery_transport,occasional
285,2025,11,카카오모빌리티,210000,5,2,0,irregular,delivery_transport,occasional
285,2025,12,카카오모빌리티,0,0,0,1,irregular,delivery_transport,occasional
285,2026,1,카카오모빌리티,400000,8,2,1,irregular,delivery_transport,occasional
285,2026,2,카카오모빌리티,391000,10,2,1,irregular,delivery_transport,occasional
285,2026,3,카카오모빌리티,262000,5,2,0,irregular,delivery_transport,occasional
285,2026,4,카카오모빌리티,265000,6,2,0,irregular,delivery_transport,occasional
285,2026,5,카카오모빌리티,527000,12,2,0,irregular,delivery_transport,occasional
286,2024,6,숨고,1402000,10,2,0,irregular,professional,occasional
286,2024,7,숨고,2126000,8,2,0,irregular,professional,occasional
286,2024,8,숨고,2270000,9,2,0,irregular,professional,occasional
286,2024,9,숨고,358000,3,2,1,irregular,professional,occasional
286,2024,10,숨고,944000,7,2,0,irregular,professional,occasional
286,2024,11,숨고,639000,7,2,0,irregular,professional,occasional
286,2024,12,숨고,1354000,7,2,1,irregular,professional,occasional
286,2025,1,숨고,152000,2,1,1,irregular,professional,occasional
286,2025,2,숨고,0,0,0,1,irregular,professional,occasional
286,2025,3,숨고,70000,1,1,0,irregular,professional,occasional
286,2025,4,숨고,784000,7,2,0,irregular,professional,occasional
286,2025,5,숨고,1155000,10,2,0,irregular,professional,occasional
286,2025,6,숨고,192000,2,1,0,irregular,professional,occasional
286,2025,7,숨고,253000,3,1,0,irregular,professional,occasional
286,2025,8,숨고,0,0,0,0,irregular,professional,occasional
286,2025,9,숨고,1153000,10,2,1,irregular,professional,occasional
286,2025,10,숨고,377000,4,2,0,irregular,professional,occasional
286,2025,11,숨고,184000,2,1,0,irregular,professional,occasional
286,2025,12,숨고,0,0,0,1,irregular,professional,occasional
286,2026,1,숨고,352000,3,2,1,irregular,professional,occasional
286,2026,2,숨고,277000,3,2,1,irregular,professional,occasional
286,2026,3,숨고,489000,5,2,0,irregular,professional,occasional
286,2026,4,숨고,320000,3,2,0,irregular,professional,occasional
286,2026,5,숨고,611000,6,2,0,irregular,professional,occasional
287,2024,6,카카오모빌리티,3909000,23,1,0,irregular,delivery_transport,primary
287,2024,7,카카오모빌리티,0,0,0,0,irregular,delivery_transport,primary
287,2024,8,카카오모빌리티,0,0,0,0,irregular,delivery_transport,primary
287,2024,9,카카오모빌리티,1761000,11,1,1,irregular,delivery_transport,primary
287,2024,10,카카오모빌리티,0,0,0,0,irregular,delivery_transport,primary
287,2024,11,카카오모빌리티,0,0,0,0,irregular,delivery_transport,primary
287,2024,12,카카오모빌리티,0,0,0,1,irregular,delivery_transport,primary
287,2025,1,카카오모빌리티,2700000,21,1,1,irregular,delivery_transport,primary
287,2025,2,카카오모빌리티,7970000,26,1,1,irregular,delivery_transport,primary
287,2025,3,카카오모빌리티,8822000,23,1,0,irregular,delivery_transport,primary
287,2025,4,카카오모빌리티,6724000,23,1,0,irregular,delivery_transport,primary
287,2025,5,카카오모빌리티,6630000,21,1,0,irregular,delivery_transport,primary
287,2025,6,카카오모빌리티,5790000,24,1,0,irregular,delivery_transport,primary
287,2025,7,카카오모빌리티,4957000,24,1,0,irregular,delivery_transport,primary
287,2025,8,카카오모빌리티,3368000,23,1,0,irregular,delivery_transport,primary
287,2025,9,카카오모빌리티,3088000,21,1,1,irregular,delivery_transport,primary
287,2025,10,카카오모빌리티,4644000,27,1,0,irregular,delivery_transport,primary
287,2025,11,카카오모빌리티,7213000,28,1,0,irregular,delivery_transport,primary
287,2025,12,카카오모빌리티,9000000,27,1,1,irregular,delivery_transport,primary
287,2026,1,카카오모빌리티,8973000,24,1,1,irregular,delivery_transport,primary
287,2026,2,카카오모빌리티,6864000,21,1,1,irregular,delivery_transport,primary
287,2026,3,카카오모빌리티,6385000,26,1,0,irregular,delivery_transport,primary
287,2026,4,카카오모빌리티,4967000,27,1,0,irregular,delivery_transport,primary
287,2026,5,카카오모빌리티,5840000,27,1,0,irregular,delivery_transport,primary
288,2024,6,크몽,1803000,5,1,0,irregular,professional,occasional
288,2024,7,크몽,946000,5,1,0,irregular,professional,occasional
288,2024,8,크몽,1804000,7,1,0,irregular,professional,occasional
288,2024,9,크몽,310000,2,1,1,irregular,professional,occasional
288,2024,10,크몽,2169000,6,1,0,irregular,professional,occasional
288,2024,11,크몽,3213000,5,1,0,irregular,professional,occasional
288,2024,12,크몽,3546000,7,1,1,irregular,professional,occasional
288,2025,1,크몽,762000,3,1,1,irregular,professional,occasional
288,2025,2,크몽,948000,5,1,1,irregular,professional,occasional
288,2025,3,크몽,1226000,6,1,0,irregular,professional,occasional
288,2025,4,크몽,0,0,0,0,irregular,professional,occasional
288,2025,5,크몽,422000,2,1,0,irregular,professional,occasional
288,2025,6,크몽,2668000,7,1,0,irregular,professional,occasional
288,2025,7,크몽,487000,3,1,0,irregular,professional,occasional
288,2025,8,크몽,876000,4,1,0,irregular,professional,occasional
288,2025,9,크몽,0,0,0,1,irregular,professional,occasional
288,2025,10,크몽,1214000,6,1,0,irregular,professional,occasional
288,2025,11,크몽,608000,3,1,0,irregular,professional,occasional
288,2025,12,크몽,0,0,0,1,irregular,professional,occasional
288,2026,1,크몽,0,0,0,1,irregular,professional,occasional
288,2026,2,크몽,2505000,6,1,1,irregular,professional,occasional
288,2026,3,크몽,606000,3,1,0,irregular,professional,occasional
288,2026,4,크몽,1262000,6,1,0,irregular,professional,occasional
288,2026,5,크몽,1696000,7,1,0,irregular,professional,occasional
289,2024,6,요기요,3052000,24,2,0,regular,delivery_transport,primary
289,2024,7,요기요,2853000,18,2,0,regular,delivery_transport,primary
289,2024,8,요기요,2966000,22,2,0,regular,delivery_transport,primary
289,2024,9,요기요,3191000,23,2,1,regular,delivery_transport,primary
289,2024,10,요기요,3031000,21,2,0,regular,delivery_transport,primary
289,2024,11,요기요,2728000,17,2,0,regular,delivery_transport,primary
289,2024,12,요기요,3233000,23,2,1,regular,delivery_transport,primary
289,2025,1,요기요,3812000,24,2,1,regular,delivery_transport,primary
289,2025,2,요기요,2951000,21,2,1,regular,delivery_transport,primary
289,2025,3,요기요,3738000,25,2,0,regular,delivery_transport,primary
289,2025,4,요기요,3151000,23,2,0,regular,delivery_transport,primary
289,2025,5,요기요,2803000,22,2,0,regular,delivery_transport,primary
289,2025,6,요기요,2673000,22,2,0,regular,delivery_transport,primary
289,2025,7,요기요,2559000,16,2,0,regular,delivery_transport,primary
289,2025,8,요기요,2862000,20,2,0,regular,delivery_transport,primary
289,2025,9,요기요,2529000,20,2,1,regular,delivery_transport,primary
289,2025,10,요기요,2941000,23,2,0,regular,delivery_transport,primary
289,2025,11,요기요,3415000,21,2,0,regular,delivery_transport,primary
289,2025,12,요기요,3285000,23,2,1,regular,delivery_transport,primary
289,2026,1,요기요,3242000,26,2,1,regular,delivery_transport,primary
289,2026,2,요기요,3330000,21,2,1,regular,delivery_transport,primary
289,2026,3,요기요,3463000,24,2,0,regular,delivery_transport,primary
289,2026,4,요기요,3113000,24,2,0,regular,delivery_transport,primary
289,2026,5,요기요,3333000,24,2,0,regular,delivery_transport,primary
290,2024,6,크몽,3726000,19,1,0,irregular,professional,secondary
290,2024,7,크몽,2762000,18,1,0,irregular,professional,secondary
290,2024,8,크몽,0,0,0,0,irregular,professional,secondary
290,2024,9,크몽,1509000,20,1,1,irregular,professional,secondary
290,2024,10,크몽,0,0,0,0,irregular,professional,secondary
290,2024,11,크몽,0,0,0,0,irregular,professional,secondary
290,2024,12,크몽,829000,10,1,1,irregular,professional,secondary
290,2025,1,크몽,0,0,0,1,irregular,professional,secondary
290,2025,2,크몽,590000,9,1,1,irregular,professional,secondary
290,2025,3,크몽,2743000,18,1,0,irregular,professional,secondary
290,2025,4,크몽,1081000,16,1,0,irregular,professional,secondary
290,2025,5,크몽,1895000,19,1,0,irregular,professional,secondary
290,2025,6,크몽,1059000,17,1,0,irregular,professional,secondary
290,2025,7,크몽,0,0,0,0,irregular,professional,secondary
290,2025,8,크몽,4049000,18,1,0,irregular,professional,secondary
290,2025,9,크몽,5153000,20,1,1,irregular,professional,secondary
290,2025,10,크몽,3535000,22,1,0,irregular,professional,secondary
290,2025,11,크몽,1218000,18,1,0,irregular,professional,secondary
290,2025,12,크몽,2563000,18,1,1,irregular,professional,secondary
290,2026,1,크몽,2124000,22,1,1,irregular,professional,secondary
290,2026,2,크몽,2447000,18,1,1,irregular,professional,secondary
290,2026,3,크몽,2348000,19,1,0,irregular,professional,secondary
290,2026,4,크몽,2457000,24,1,0,irregular,professional,secondary
290,2026,5,크몽,472000,6,1,0,irregular,professional,secondary
291,2024,6,크몽,4479000,23,2,0,irregular,professional,primary
291,2024,7,크몽,0,0,0,0,irregular,professional,primary
291,2024,8,크몽,887000,4,1,0,irregular,professional,primary
291,2024,9,크몽,7470000,24,2,1,irregular,professional,primary
291,2024,10,크몽,805000,3,1,0,irregular,professional,primary
291,2024,11,크몽,1974000,10,2,0,irregular,professional,primary
291,2024,12,크몽,2183000,9,2,1,irregular,professional,primary
291,2025,1,크몽,3540000,16,2,1,irregular,professional,primary
291,2025,2,크몽,0,0,0,1,irregular,professional,primary
291,2025,3,크몽,0,0,0,0,irregular,professional,primary
291,2025,4,크몽,0,0,0,0,irregular,professional,primary
291,2025,5,크몽,0,0,0,0,irregular,professional,primary
291,2025,6,크몽,0,0,0,0,irregular,professional,primary
291,2025,7,크몽,292000,2,1,0,irregular,professional,primary
291,2025,8,크몽,3600000,18,2,0,irregular,professional,primary
291,2025,9,크몽,487000,3,1,1,irregular,professional,primary
291,2025,10,크몽,4651000,21,2,0,irregular,professional,primary
291,2025,11,크몽,0,0,0,0,irregular,professional,primary
291,2025,12,크몽,533000,2,1,1,irregular,professional,primary
291,2026,1,크몽,4492000,20,2,1,irregular,professional,primary
291,2026,2,크몽,0,0,0,1,irregular,professional,primary
291,2026,3,크몽,5604000,24,2,0,irregular,professional,primary
291,2026,4,크몽,2496000,12,2,0,irregular,professional,primary
291,2026,5,크몽,7408000,26,2,0,irregular,professional,primary
292,2024,6,당근알바,323000,5,1,0,regular,care_cleaning,occasional
292,2024,7,당근알바,354000,6,1,0,regular,care_cleaning,occasional
292,2024,8,당근알바,298000,5,1,0,regular,care_cleaning,occasional
292,2024,9,당근알바,340000,6,1,1,regular,care_cleaning,occasional
292,2024,10,당근알바,285000,5,1,0,regular,care_cleaning,occasional
292,2024,11,당근알바,351000,5,1,0,regular,care_cleaning,occasional
292,2024,12,당근알바,323000,6,1,1,regular,care_cleaning,occasional
292,2025,1,당근알바,293000,5,1,1,regular,care_cleaning,occasional
292,2025,2,당근알바,211000,3,1,1,regular,care_cleaning,occasional
292,2025,3,당근알바,310000,5,1,0,regular,care_cleaning,occasional
292,2025,4,당근알바,289000,4,1,0,regular,care_cleaning,occasional
292,2025,5,당근알바,362000,5,1,0,regular,care_cleaning,occasional
292,2025,6,당근알바,293000,5,1,0,regular,care_cleaning,occasional
292,2025,7,당근알바,372000,6,1,0,regular,care_cleaning,occasional
292,2025,8,당근알바,363000,6,1,0,regular,care_cleaning,occasional
292,2025,9,당근알바,302000,4,1,1,regular,care_cleaning,occasional
292,2025,10,당근알바,338000,5,1,0,regular,care_cleaning,occasional
292,2025,11,당근알바,333000,5,1,0,regular,care_cleaning,occasional
292,2025,12,당근알바,329000,6,1,1,regular,care_cleaning,occasional
292,2026,1,당근알바,317000,5,1,1,regular,care_cleaning,occasional
292,2026,2,당근알바,346000,5,1,1,regular,care_cleaning,occasional
292,2026,3,당근알바,276000,5,1,0,regular,care_cleaning,occasional
292,2026,4,당근알바,298000,4,1,0,regular,care_cleaning,occasional
292,2026,5,당근알바,319000,5,1,0,regular,care_cleaning,occasional
293,2024,6,대리주부,2478000,20,1,0,regular,care_cleaning,primary
293,2024,7,대리주부,2604000,22,1,0,regular,care_cleaning,primary
293,2024,8,대리주부,2833000,23,1,0,regular,care_cleaning,primary
293,2024,9,대리주부,2223000,17,1,1,regular,care_cleaning,primary
293,2024,10,대리주부,1810000,16,1,0,regular,care_cleaning,primary
293,2024,11,대리주부,2325000,17,1,0,regular,care_cleaning,primary
293,2024,12,대리주부,2373000,19,1,1,regular,care_cleaning,primary
293,2025,1,대리주부,1993000,15,1,1,regular,care_cleaning,primary
293,2025,2,대리주부,2048000,16,1,1,regular,care_cleaning,primary
293,2025,3,대리주부,2520000,20,1,0,regular,care_cleaning,primary
293,2025,4,대리주부,2054000,17,1,0,regular,care_cleaning,primary
293,2025,5,대리주부,2635000,22,1,0,regular,care_cleaning,primary
293,2025,6,대리주부,2579000,18,1,0,regular,care_cleaning,primary
293,2025,7,대리주부,2287000,20,1,0,regular,care_cleaning,primary
293,2025,8,대리주부,2301000,18,1,0,regular,care_cleaning,primary
293,2025,9,대리주부,2186000,17,1,1,regular,care_cleaning,primary
293,2025,10,대리주부,2553000,22,1,0,regular,care_cleaning,primary
293,2025,11,대리주부,2332000,17,1,0,regular,care_cleaning,primary
293,2025,12,대리주부,3115000,22,1,1,regular,care_cleaning,primary
293,2026,1,대리주부,2723000,21,1,1,regular,care_cleaning,primary
293,2026,2,대리주부,2248000,18,1,1,regular,care_cleaning,primary
293,2026,3,대리주부,2410000,16,1,0,regular,care_cleaning,primary
293,2026,4,대리주부,2411000,18,1,0,regular,care_cleaning,primary
293,2026,5,대리주부,2712000,22,1,0,regular,care_cleaning,primary
294,2024,6,카카오모빌리티,746000,16,1,0,regular,delivery_transport,secondary
294,2024,7,카카오모빌리티,773000,18,1,0,regular,delivery_transport,secondary
294,2024,8,카카오모빌리티,712000,16,1,0,regular,delivery_transport,secondary
294,2024,9,카카오모빌리티,791000,17,1,1,regular,delivery_transport,secondary
294,2024,10,카카오모빌리티,899000,20,1,0,regular,delivery_transport,secondary
294,2024,11,카카오모빌리티,1113000,18,1,0,regular,delivery_transport,secondary
294,2024,12,카카오모빌리티,1044000,18,1,1,regular,delivery_transport,secondary
294,2025,1,카카오모빌리티,667000,13,1,1,regular,delivery_transport,secondary
294,2025,2,카카오모빌리티,701000,15,1,1,regular,delivery_transport,secondary
294,2025,3,카카오모빌리티,677000,12,1,0,regular,delivery_transport,secondary
294,2025,4,카카오모빌리티,933000,17,1,0,regular,delivery_transport,secondary
294,2025,5,카카오모빌리티,898000,20,1,0,regular,delivery_transport,secondary
294,2025,6,카카오모빌리티,614000,14,1,0,regular,delivery_transport,secondary
294,2025,7,카카오모빌리티,957000,19,1,0,regular,delivery_transport,secondary
294,2025,8,카카오모빌리티,645000,15,1,0,regular,delivery_transport,secondary
294,2025,9,카카오모빌리티,916000,20,1,1,regular,delivery_transport,secondary
294,2025,10,카카오모빌리티,885000,19,1,0,regular,delivery_transport,secondary
294,2025,11,카카오모빌리티,719000,13,1,0,regular,delivery_transport,secondary
294,2025,12,카카오모빌리티,994000,18,1,1,regular,delivery_transport,secondary
294,2026,1,카카오모빌리티,745000,14,1,1,regular,delivery_transport,secondary
294,2026,2,카카오모빌리티,627000,13,1,1,regular,delivery_transport,secondary
294,2026,3,카카오모빌리티,765000,14,1,0,regular,delivery_transport,secondary
294,2026,4,카카오모빌리티,646000,14,1,0,regular,delivery_transport,secondary
294,2026,5,카카오모빌리티,952000,21,1,0,regular,delivery_transport,secondary
295,2024,6,크몽,1078000,10,2,0,irregular,professional,primary
295,2024,7,크몽,4130000,30,2,0,irregular,professional,primary
295,2024,8,크몽,3053000,26,2,0,irregular,professional,primary
295,2024,9,크몽,321000,4,1,1,irregular,professional,primary
295,2024,10,크몽,224000,2,1,0,irregular,professional,primary
295,2024,11,크몽,818000,7,1,0,irregular,professional,primary
295,2024,12,크몽,0,0,0,1,irregular,professional,primary
295,2025,1,크몽,1494000,14,2,1,irregular,professional,primary
295,2025,2,크몽,1218000,10,2,1,irregular,professional,primary
295,2025,3,크몽,1211000,13,2,0,irregular,professional,primary
295,2025,4,크몽,1772000,20,2,0,irregular,professional,primary
295,2025,5,크몽,0,0,0,0,irregular,professional,primary
295,2025,6,크몽,678000,6,1,0,irregular,professional,primary
295,2025,7,크몽,1396000,13,2,0,irregular,professional,primary
295,2025,8,크몽,2301000,26,2,0,irregular,professional,primary
295,2025,9,크몽,1195000,13,2,1,irregular,professional,primary
295,2025,10,크몽,601000,5,1,0,irregular,professional,primary
295,2025,11,크몽,3206000,26,2,0,irregular,professional,primary
295,2025,12,크몽,0,0,0,1,irregular,professional,primary
295,2026,1,크몽,724000,6,1,1,irregular,professional,primary
295,2026,2,크몽,6934000,26,2,1,irregular,professional,primary
295,2026,3,크몽,0,0,0,0,irregular,professional,primary
295,2026,4,크몽,3192000,31,2,0,irregular,professional,primary
295,2026,5,크몽,4146000,31,2,0,irregular,professional,primary
296,2024,6,숨고,6763000,35,1,0,irregular,professional,primary
296,2024,7,숨고,639000,6,1,0,irregular,professional,primary
296,2024,8,숨고,0,0,0,0,irregular,professional,primary
296,2024,9,숨고,4421000,35,1,1,irregular,professional,primary
296,2024,10,숨고,2148000,22,1,0,irregular,professional,primary
296,2024,11,숨고,1275000,11,1,0,irregular,professional,primary
296,2024,12,숨고,3000000,27,1,1,irregular,professional,primary
296,2025,1,숨고,0,0,0,1,irregular,professional,primary
296,2025,2,숨고,1393000,11,1,1,irregular,professional,primary
296,2025,3,숨고,0,0,0,0,irregular,professional,primary
296,2025,4,숨고,2995000,26,1,0,irregular,professional,primary
296,2025,5,숨고,895000,9,1,0,irregular,professional,primary
296,2025,6,숨고,4042000,36,1,0,irregular,professional,primary
296,2025,7,숨고,458000,4,1,0,irregular,professional,primary
296,2025,8,숨고,5749000,29,1,0,irregular,professional,primary
296,2025,9,숨고,3025000,23,1,1,irregular,professional,primary
296,2025,10,숨고,645000,6,1,0,irregular,professional,primary
296,2025,11,숨고,7286000,33,1,0,irregular,professional,primary
296,2025,12,숨고,1532000,13,1,1,irregular,professional,primary
296,2026,1,숨고,5894000,36,1,1,irregular,professional,primary
296,2026,2,숨고,0,0,0,1,irregular,professional,primary
296,2026,3,숨고,2188000,17,1,0,irregular,professional,primary
296,2026,4,숨고,2541000,25,1,0,irregular,professional,primary
296,2026,5,숨고,2606000,27,1,0,irregular,professional,primary
297,2024,6,요기요,788000,11,2,0,irregular,delivery_transport,primary
297,2024,7,요기요,1639000,20,2,0,irregular,delivery_transport,primary
297,2024,8,요기요,1512000,20,2,0,irregular,delivery_transport,primary
297,2024,9,요기요,1715000,25,2,1,irregular,delivery_transport,primary
297,2024,10,요기요,2156000,26,2,0,irregular,delivery_transport,primary
297,2024,11,요기요,1770000,24,2,0,irregular,delivery_transport,primary
297,2024,12,요기요,1236000,17,2,1,irregular,delivery_transport,primary
297,2025,1,요기요,1600000,22,2,1,irregular,delivery_transport,primary
297,2025,2,요기요,0,0,0,1,irregular,delivery_transport,primary
297,2025,3,요기요,1861000,27,2,0,irregular,delivery_transport,primary
297,2025,4,요기요,1747000,21,2,0,irregular,delivery_transport,primary
297,2025,5,요기요,0,0,0,0,irregular,delivery_transport,primary
297,2025,6,요기요,1700000,21,2,0,irregular,delivery_transport,primary
297,2025,7,요기요,964000,13,2,0,irregular,delivery_transport,primary
297,2025,8,요기요,939000,12,2,0,irregular,delivery_transport,primary
297,2025,9,요기요,1329000,16,2,1,irregular,delivery_transport,primary
297,2025,10,요기요,661000,9,1,0,irregular,delivery_transport,primary
297,2025,11,요기요,945000,12,2,0,irregular,delivery_transport,primary
297,2025,12,요기요,0,0,0,1,irregular,delivery_transport,primary
297,2026,1,요기요,748000,10,1,1,irregular,delivery_transport,primary
297,2026,2,요기요,1966000,24,2,1,irregular,delivery_transport,primary
297,2026,3,요기요,3570000,27,2,0,irregular,delivery_transport,primary
297,2026,4,요기요,3888000,37,2,0,irregular,delivery_transport,primary
297,2026,5,요기요,2715000,36,2,0,irregular,delivery_transport,primary
298,2024,6,크라우드웍스,324000,3,1,0,regular,simple_computer,occasional
298,2024,7,크라우드웍스,419000,4,1,0,regular,simple_computer,occasional
298,2024,8,크라우드웍스,426000,5,1,0,regular,simple_computer,occasional
298,2024,9,크라우드웍스,303000,4,1,1,regular,simple_computer,occasional
298,2024,10,크라우드웍스,391000,5,1,0,regular,simple_computer,occasional
298,2024,11,크라우드웍스,393000,5,1,0,regular,simple_computer,occasional
298,2024,12,크라우드웍스,374000,4,1,1,regular,simple_computer,occasional
298,2025,1,크라우드웍스,436000,4,1,1,regular,simple_computer,occasional
298,2025,2,크라우드웍스,272000,3,1,1,regular,simple_computer,occasional
298,2025,3,크라우드웍스,270000,3,1,0,regular,simple_computer,occasional
298,2025,4,크라우드웍스,428000,5,1,0,regular,simple_computer,occasional
298,2025,5,크라우드웍스,254000,3,1,0,regular,simple_computer,occasional
298,2025,6,크라우드웍스,490000,4,1,0,regular,simple_computer,occasional
298,2025,7,크라우드웍스,369000,4,1,0,regular,simple_computer,occasional
298,2025,8,크라우드웍스,423000,4,1,0,regular,simple_computer,occasional
298,2025,9,크라우드웍스,439000,4,1,1,regular,simple_computer,occasional
298,2025,10,크라우드웍스,322000,4,1,0,regular,simple_computer,occasional
298,2025,11,크라우드웍스,235000,2,1,0,regular,simple_computer,occasional
298,2025,12,크라우드웍스,408000,4,1,1,regular,simple_computer,occasional
298,2026,1,크라우드웍스,290000,3,1,1,regular,simple_computer,occasional
298,2026,2,크라우드웍스,391000,5,1,1,regular,simple_computer,occasional
298,2026,3,크라우드웍스,353000,4,1,0,regular,simple_computer,occasional
298,2026,4,크라우드웍스,500000,6,1,0,regular,simple_computer,occasional
298,2026,5,크라우드웍스,405000,5,1,0,regular,simple_computer,occasional
299,2024,6,요기요,2008000,21,1,0,regular,delivery_transport,primary
299,2024,7,요기요,2272000,25,1,0,regular,delivery_transport,primary
299,2024,8,요기요,2585000,25,1,0,regular,delivery_transport,primary
299,2024,9,요기요,2120000,26,1,1,regular,delivery_transport,primary
299,2024,10,요기요,1934000,17,1,0,regular,delivery_transport,primary
299,2024,11,요기요,2069000,21,1,0,regular,delivery_transport,primary
299,2024,12,요기요,2283000,22,1,1,regular,delivery_transport,primary
299,2025,1,요기요,1887000,20,1,1,regular,delivery_transport,primary
299,2025,2,요기요,1915000,20,1,1,regular,delivery_transport,primary
299,2025,3,요기요,2642000,33,1,0,regular,delivery_transport,primary
299,2025,4,요기요,1966000,24,1,0,regular,delivery_transport,primary
299,2025,5,요기요,2305000,23,1,0,regular,delivery_transport,primary
299,2025,6,요기요,1929000,21,1,0,regular,delivery_transport,primary
299,2025,7,요기요,1594000,16,1,0,regular,delivery_transport,primary
299,2025,8,요기요,2747000,28,1,0,regular,delivery_transport,primary
299,2025,9,요기요,2219000,25,1,1,regular,delivery_transport,primary
299,2025,10,요기요,2209000,20,1,0,regular,delivery_transport,primary
299,2025,11,요기요,1766000,20,1,0,regular,delivery_transport,primary
299,2025,12,요기요,1902000,22,1,1,regular,delivery_transport,primary
299,2026,1,요기요,1807000,19,1,1,regular,delivery_transport,primary
299,2026,2,요기요,1717000,17,1,1,regular,delivery_transport,primary
299,2026,3,요기요,1769000,17,1,0,regular,delivery_transport,primary
299,2026,4,요기요,1935000,18,1,0,regular,delivery_transport,primary
299,2026,5,요기요,1754000,21,1,0,regular,delivery_transport,primary
300,2024,6,에이모,588000,11,2,0,irregular,simple_computer,occasional
300,2024,7,에이모,181000,3,2,0,irregular,simple_computer,occasional
300,2024,8,에이모,0,0,0,0,irregular,simple_computer,occasional
300,2024,9,에이모,555000,10,2,1,irregular,simple_computer,occasional
300,2024,10,에이모,193000,3,2,0,irregular,simple_computer,occasional
300,2024,11,에이모,772000,9,2,0,irregular,simple_computer,occasional
300,2024,12,에이모,1002000,9,2,1,irregular,simple_computer,occasional
300,2025,1,에이모,1162000,9,2,1,irregular,simple_computer,occasional
300,2025,2,에이모,1020000,9,2,1,irregular,simple_computer,occasional
300,2025,3,에이모,1504000,9,2,0,irregular,simple_computer,occasional
300,2025,4,에이모,1356000,9,2,0,irregular,simple_computer,occasional
300,2025,5,에이모,605000,9,2,0,irregular,simple_computer,occasional
300,2025,6,에이모,1038000,9,2,0,irregular,simple_computer,occasional
300,2025,7,에이모,1165000,11,2,0,irregular,simple_computer,occasional
300,2025,8,에이모,170000,3,2,0,irregular,simple_computer,occasional
300,2025,9,에이모,863000,9,2,1,irregular,simple_computer,occasional
300,2025,10,에이모,0,0,0,0,irregular,simple_computer,occasional
300,2025,11,에이모,0,0,0,0,irregular,simple_computer,occasional
300,2025,12,에이모,0,0,0,1,irregular,simple_computer,occasional
300,2026,1,에이모,0,0,0,1,irregular,simple_computer,occasional
300,2026,2,에이모,0,0,0,1,irregular,simple_computer,occasional
300,2026,3,에이모,0,0,0,0,irregular,simple_computer,occasional
300,2026,4,에이모,0,0,0,0,irregular,simple_computer,occasional
300,2026,5,에이모,135000,2,1,0,irregular,simple_computer,occasional
301,2024,6,쿠팡플렉스,666000,3,1,0,seasonal,delivery_transport,occasional
301,2024,7,쿠팡플렉스,873000,5,1,0,seasonal,delivery_transport,occasional
301,2024,8,쿠팡플렉스,839000,4,1,0,seasonal,delivery_transport,occasional
301,2024,9,쿠팡플렉스,640000,4,1,1,seasonal,delivery_transport,occasional
301,2024,10,쿠팡플렉스,561000,3,1,0,seasonal,delivery_transport,occasional
301,2024,11,쿠팡플렉스,642000,3,1,0,seasonal,delivery_transport,occasional
301,2024,12,쿠팡플렉스,994000,5,1,1,seasonal,delivery_transport,occasional
301,2025,1,쿠팡플렉스,626000,3,1,1,seasonal,delivery_transport,occasional
301,2025,2,쿠팡플렉스,538000,3,1,1,seasonal,delivery_transport,occasional
301,2025,3,쿠팡플렉스,712000,4,1,0,seasonal,delivery_transport,occasional
301,2025,4,쿠팡플렉스,648000,4,1,0,seasonal,delivery_transport,occasional
301,2025,5,쿠팡플렉스,758000,4,1,0,seasonal,delivery_transport,occasional
301,2025,6,쿠팡플렉스,561000,3,1,0,seasonal,delivery_transport,occasional
301,2025,7,쿠팡플렉스,929000,5,1,0,seasonal,delivery_transport,occasional
301,2025,8,쿠팡플렉스,676000,4,1,0,seasonal,delivery_transport,occasional
301,2025,9,쿠팡플렉스,688000,4,1,1,seasonal,delivery_transport,occasional
301,2025,10,쿠팡플렉스,673000,3,1,0,seasonal,delivery_transport,occasional
301,2025,11,쿠팡플렉스,563000,4,1,0,seasonal,delivery_transport,occasional
301,2025,12,쿠팡플렉스,850000,5,1,1,seasonal,delivery_transport,occasional
301,2026,1,쿠팡플렉스,573000,3,1,1,seasonal,delivery_transport,occasional
301,2026,2,쿠팡플렉스,560000,3,1,1,seasonal,delivery_transport,occasional
301,2026,3,쿠팡플렉스,690000,4,1,0,seasonal,delivery_transport,occasional
301,2026,4,쿠팡플렉스,649000,4,1,0,seasonal,delivery_transport,occasional
301,2026,5,쿠팡플렉스,637000,4,1,0,seasonal,delivery_transport,occasional
302,2024,6,크라우드웍스,492000,11,1,0,irregular,simple_computer,primary
302,2024,7,크라우드웍스,0,0,0,0,irregular,simple_computer,primary
302,2024,8,크라우드웍스,2099000,25,1,0,irregular,simple_computer,primary
302,2024,9,크라우드웍스,1263000,27,1,1,irregular,simple_computer,primary
302,2024,10,크라우드웍스,1569000,21,1,0,irregular,simple_computer,primary
302,2024,11,크라우드웍스,1917000,22,1,0,irregular,simple_computer,primary
302,2024,12,크라우드웍스,749000,17,1,1,irregular,simple_computer,primary
302,2025,1,크라우드웍스,1183000,21,1,1,irregular,simple_computer,primary
302,2025,2,크라우드웍스,0,0,0,1,irregular,simple_computer,primary
302,2025,3,크라우드웍스,1163000,25,1,0,irregular,simple_computer,primary
302,2025,4,크라우드웍스,1004000,23,1,0,irregular,simple_computer,primary
302,2025,5,크라우드웍스,0,0,0,0,irregular,simple_computer,primary
302,2025,6,크라우드웍스,1393000,22,1,0,irregular,simple_computer,primary
302,2025,7,크라우드웍스,521000,10,1,0,irregular,simple_computer,primary
302,2025,8,크라우드웍스,252000,5,1,0,irregular,simple_computer,primary
302,2025,9,크라우드웍스,164000,3,1,1,irregular,simple_computer,primary
302,2025,10,크라우드웍스,879000,17,1,0,irregular,simple_computer,primary
302,2025,11,크라우드웍스,1000000,22,1,0,irregular,simple_computer,primary
302,2025,12,크라우드웍스,3084000,24,1,1,irregular,simple_computer,primary
302,2026,1,크라우드웍스,2574000,27,1,1,irregular,simple_computer,primary
302,2026,2,크라우드웍스,315000,7,1,1,irregular,simple_computer,primary
302,2026,3,크라우드웍스,0,0,0,0,irregular,simple_computer,primary
302,2026,4,크라우드웍스,0,0,0,0,irregular,simple_computer,primary
302,2026,5,크라우드웍스,0,0,0,0,irregular,simple_computer,primary
303,2024,6,셀렉트스타,860000,10,1,0,seasonal,simple_computer,secondary
303,2024,7,셀렉트스타,1348000,20,1,0,seasonal,simple_computer,secondary
303,2024,8,셀렉트스타,1019000,13,1,0,seasonal,simple_computer,secondary
303,2024,9,셀렉트스타,796000,12,1,1,seasonal,simple_computer,secondary
303,2024,10,셀렉트스타,1214000,17,1,0,seasonal,simple_computer,secondary
303,2024,11,셀렉트스타,1066000,14,1,0,seasonal,simple_computer,secondary
303,2024,12,셀렉트스타,1245000,18,1,1,seasonal,simple_computer,secondary
303,2025,1,셀렉트스타,905000,13,1,1,seasonal,simple_computer,secondary
303,2025,2,셀렉트스타,835000,12,1,1,seasonal,simple_computer,secondary
303,2025,3,셀렉트스타,663000,8,1,0,seasonal,simple_computer,secondary
303,2025,4,셀렉트스타,702000,9,1,0,seasonal,simple_computer,secondary
303,2025,5,셀렉트스타,1300000,18,1,0,seasonal,simple_computer,secondary
303,2025,6,셀렉트스타,1223000,18,1,0,seasonal,simple_computer,secondary
303,2025,7,셀렉트스타,1762000,16,1,0,seasonal,simple_computer,secondary
303,2025,8,셀렉트스타,846000,12,1,0,seasonal,simple_computer,secondary
303,2025,9,셀렉트스타,1275000,16,1,1,seasonal,simple_computer,secondary
303,2025,10,셀렉트스타,1015000,13,1,0,seasonal,simple_computer,secondary
303,2025,11,셀렉트스타,920000,13,1,0,seasonal,simple_computer,secondary
303,2025,12,셀렉트스타,1278000,17,1,1,seasonal,simple_computer,secondary
303,2026,1,셀렉트스타,1095000,13,1,1,seasonal,simple_computer,secondary
303,2026,2,셀렉트스타,1093000,12,1,1,seasonal,simple_computer,secondary
303,2026,3,셀렉트스타,1163000,14,1,0,seasonal,simple_computer,secondary
303,2026,4,셀렉트스타,1248000,17,1,0,seasonal,simple_computer,secondary
303,2026,5,셀렉트스타,1619000,15,1,0,seasonal,simple_computer,secondary
304,2024,6,카카오모빌리티,2055000,22,2,0,regular,delivery_transport,primary
304,2024,7,카카오모빌리티,1796000,15,2,0,regular,delivery_transport,primary
304,2024,8,카카오모빌리티,2593000,21,2,0,regular,delivery_transport,primary
304,2024,9,카카오모빌리티,2515000,20,2,1,regular,delivery_transport,primary
304,2024,10,카카오모빌리티,2911000,29,2,0,regular,delivery_transport,primary
304,2024,11,카카오모빌리티,2193000,18,2,0,regular,delivery_transport,primary
304,2024,12,카카오모빌리티,2373000,20,2,1,regular,delivery_transport,primary
304,2025,1,카카오모빌리티,2453000,23,2,1,regular,delivery_transport,primary
304,2025,2,카카오모빌리티,2493000,21,2,1,regular,delivery_transport,primary
304,2025,3,카카오모빌리티,2595000,23,2,0,regular,delivery_transport,primary
304,2025,4,카카오모빌리티,1900000,18,2,0,regular,delivery_transport,primary
304,2025,5,카카오모빌리티,2418000,23,2,0,regular,delivery_transport,primary
304,2025,6,카카오모빌리티,3056000,28,2,0,regular,delivery_transport,primary
304,2025,7,카카오모빌리티,2521000,26,2,0,regular,delivery_transport,primary
304,2025,8,카카오모빌리티,2376000,23,2,0,regular,delivery_transport,primary
304,2025,9,카카오모빌리티,2317000,23,2,1,regular,delivery_transport,primary
304,2025,10,카카오모빌리티,2067000,16,2,0,regular,delivery_transport,primary
304,2025,11,카카오모빌리티,2219000,22,2,0,regular,delivery_transport,primary
304,2025,12,카카오모빌리티,2680000,28,2,1,regular,delivery_transport,primary
304,2026,1,카카오모빌리티,2282000,20,2,1,regular,delivery_transport,primary
304,2026,2,카카오모빌리티,2483000,22,2,1,regular,delivery_transport,primary
304,2026,3,카카오모빌리티,2749000,27,2,0,regular,delivery_transport,primary
304,2026,4,카카오모빌리티,2488000,24,2,0,regular,delivery_transport,primary
304,2026,5,카카오모빌리티,2368000,23,2,0,regular,delivery_transport,primary
305,2024,6,당근알바,1593000,19,1,0,regular,etc,primary
305,2024,7,당근알바,2003000,22,1,0,regular,etc,primary
305,2024,8,당근알바,2100000,24,1,0,regular,etc,primary
305,2024,9,당근알바,2209000,27,1,1,regular,etc,primary
305,2024,10,당근알바,1885000,18,1,0,regular,etc,primary
305,2024,11,당근알바,2062000,21,1,0,regular,etc,primary
305,2024,12,당근알바,1736000,21,1,1,regular,etc,primary
305,2025,1,당근알바,1297000,15,1,1,regular,etc,primary
305,2025,2,당근알바,2016000,20,1,1,regular,etc,primary
305,2025,3,당근알바,1735000,22,1,0,regular,etc,primary
305,2025,4,당근알바,1781000,22,1,0,regular,etc,primary
305,2025,5,당근알바,1886000,22,1,0,regular,etc,primary
305,2025,6,당근알바,2540000,27,1,0,regular,etc,primary
305,2025,7,당근알바,2071000,21,1,0,regular,etc,primary
305,2025,8,당근알바,2477000,26,1,0,regular,etc,primary
305,2025,9,당근알바,1754000,19,1,1,regular,etc,primary
305,2025,10,당근알바,1412000,18,1,0,regular,etc,primary
305,2025,11,당근알바,1936000,24,1,0,regular,etc,primary
305,2025,12,당근알바,1951000,19,1,1,regular,etc,primary
305,2026,1,당근알바,1578000,16,1,1,regular,etc,primary
305,2026,2,당근알바,1980000,22,1,1,regular,etc,primary
305,2026,3,당근알바,2557000,25,1,0,regular,etc,primary
305,2026,4,당근알바,1962000,19,1,0,regular,etc,primary
305,2026,5,당근알바,1972000,22,1,0,regular,etc,primary
306,2024,6,쿠팡이츠,1348000,13,1,0,irregular,delivery_transport,primary
306,2024,7,쿠팡이츠,1540000,16,1,0,irregular,delivery_transport,primary
306,2024,8,쿠팡이츠,4747000,35,1,0,irregular,delivery_transport,primary
306,2024,9,쿠팡이츠,4513000,33,1,1,irregular,delivery_transport,primary
306,2024,10,쿠팡이츠,8394000,29,1,0,irregular,delivery_transport,primary
306,2024,11,쿠팡이츠,1269000,15,1,0,irregular,delivery_transport,primary
306,2024,12,쿠팡이츠,3750000,32,1,1,irregular,delivery_transport,primary
306,2025,1,쿠팡이츠,1726000,17,1,1,irregular,delivery_transport,primary
306,2025,2,쿠팡이츠,2034000,18,1,1,irregular,delivery_transport,primary
306,2025,3,쿠팡이츠,1598000,14,1,0,irregular,delivery_transport,primary
306,2025,4,쿠팡이츠,1598000,16,1,0,irregular,delivery_transport,primary
306,2025,5,쿠팡이츠,0,0,0,0,irregular,delivery_transport,primary
306,2025,6,쿠팡이츠,1821000,20,1,0,irregular,delivery_transport,primary
306,2025,7,쿠팡이츠,0,0,0,0,irregular,delivery_transport,primary
306,2025,8,쿠팡이츠,5607000,33,1,0,irregular,delivery_transport,primary
306,2025,9,쿠팡이츠,3483000,32,1,1,irregular,delivery_transport,primary
306,2025,10,쿠팡이츠,4040000,35,1,0,irregular,delivery_transport,primary
306,2025,11,쿠팡이츠,4077000,29,1,0,irregular,delivery_transport,primary
306,2025,12,쿠팡이츠,2654000,24,1,1,irregular,delivery_transport,primary
306,2026,1,쿠팡이츠,2627000,29,1,1,irregular,delivery_transport,primary
306,2026,2,쿠팡이츠,4383000,29,1,1,irregular,delivery_transport,primary
306,2026,3,쿠팡이츠,3134000,30,1,0,irregular,delivery_transport,primary
306,2026,4,쿠팡이츠,2935000,27,1,0,irregular,delivery_transport,primary
306,2026,5,쿠팡이츠,2226000,22,1,0,irregular,delivery_transport,primary
307,2024,6,생각대로,409000,9,2,0,regular,delivery_transport,occasional
307,2024,7,생각대로,391000,9,2,0,regular,delivery_transport,occasional
307,2024,8,생각대로,485000,13,2,0,regular,delivery_transport,occasional
307,2024,9,생각대로,476000,11,2,1,regular,delivery_transport,occasional
307,2024,10,생각대로,463000,9,2,0,regular,delivery_transport,occasional
307,2024,11,생각대로,463000,11,2,0,regular,delivery_transport,occasional
307,2024,12,생각대로,430000,9,2,1,regular,delivery_transport,occasional
307,2025,1,생각대로,449000,10,2,1,regular,delivery_transport,occasional
307,2025,2,생각대로,394000,10,2,1,regular,delivery_transport,occasional
307,2025,3,생각대로,392000,10,2,0,regular,delivery_transport,occasional
307,2025,4,생각대로,396000,10,2,0,regular,delivery_transport,occasional
307,2025,5,생각대로,414000,9,2,0,regular,delivery_transport,occasional
307,2025,6,생각대로,449000,12,2,0,regular,delivery_transport,occasional
307,2025,7,생각대로,473000,13,2,0,regular,delivery_transport,occasional
307,2025,8,생각대로,418000,10,2,0,regular,delivery_transport,occasional
307,2025,9,생각대로,395000,9,2,1,regular,delivery_transport,occasional
307,2025,10,생각대로,469000,12,2,0,regular,delivery_transport,occasional
307,2025,11,생각대로,377000,8,2,0,regular,delivery_transport,occasional
307,2025,12,생각대로,414000,11,2,1,regular,delivery_transport,occasional
307,2026,1,생각대로,386000,8,2,1,regular,delivery_transport,occasional
307,2026,2,생각대로,412000,11,2,1,regular,delivery_transport,occasional
307,2026,3,생각대로,416000,11,2,0,regular,delivery_transport,occasional
307,2026,4,생각대로,408000,11,2,0,regular,delivery_transport,occasional
307,2026,5,생각대로,438000,10,2,0,regular,delivery_transport,occasional
308,2024,6,이랜서,752000,5,1,0,irregular,it_service,primary
308,2024,7,이랜서,0,0,0,0,irregular,it_service,primary
308,2024,8,이랜서,3346000,20,1,0,irregular,it_service,primary
308,2024,9,이랜서,5857000,32,1,1,irregular,it_service,primary
308,2024,10,이랜서,4408000,31,1,0,irregular,it_service,primary
308,2024,11,이랜서,1494000,10,1,0,irregular,it_service,primary
308,2024,12,이랜서,0,0,0,1,irregular,it_service,primary
308,2025,1,이랜서,0,0,0,1,irregular,it_service,primary
308,2025,2,이랜서,2742000,20,1,1,irregular,it_service,primary
308,2025,3,이랜서,9000000,28,1,0,irregular,it_service,primary
308,2025,4,이랜서,4760000,26,1,0,irregular,it_service,primary
308,2025,5,이랜서,8190000,25,1,0,irregular,it_service,primary
308,2025,6,이랜서,3683000,21,1,0,irregular,it_service,primary
308,2025,7,이랜서,7475000,29,1,0,irregular,it_service,primary
308,2025,8,이랜서,8200000,30,1,0,irregular,it_service,primary
308,2025,9,이랜서,3669000,28,1,1,irregular,it_service,primary
308,2025,10,이랜서,9000000,25,1,0,irregular,it_service,primary
308,2025,11,이랜서,1521000,11,1,0,irregular,it_service,primary
308,2025,12,이랜서,8977000,25,1,1,irregular,it_service,primary
308,2026,1,이랜서,2141000,16,1,1,irregular,it_service,primary
308,2026,2,이랜서,0,0,0,1,irregular,it_service,primary
308,2026,3,이랜서,0,0,0,0,irregular,it_service,primary
308,2026,4,이랜서,0,0,0,0,irregular,it_service,primary
308,2026,5,이랜서,3101000,20,1,0,irregular,it_service,primary
309,2024,6,요기요,3680000,20,1,0,regular,delivery_transport,primary
309,2024,7,요기요,4372000,29,1,0,regular,delivery_transport,primary
309,2024,8,요기요,4573000,23,1,0,regular,delivery_transport,primary
309,2024,9,요기요,3711000,22,1,1,regular,delivery_transport,primary
309,2024,10,요기요,2985000,18,1,0,regular,delivery_transport,primary
309,2024,11,요기요,3186000,20,1,0,regular,delivery_transport,primary
309,2024,12,요기요,3148000,19,1,1,regular,delivery_transport,primary
309,2025,1,요기요,2910000,19,1,1,regular,delivery_transport,primary
309,2025,2,요기요,3416000,17,1,1,regular,delivery_transport,primary
309,2025,3,요기요,3023000,17,1,0,regular,delivery_transport,primary
309,2025,4,요기요,4318000,26,1,0,regular,delivery_transport,primary
309,2025,5,요기요,4501000,26,1,0,regular,delivery_transport,primary
309,2025,6,요기요,3567000,23,1,0,regular,delivery_transport,primary
309,2025,7,요기요,4165000,24,1,0,regular,delivery_transport,primary
309,2025,8,요기요,4639000,22,1,0,regular,delivery_transport,primary
309,2025,9,요기요,3596000,19,1,1,regular,delivery_transport,primary
309,2025,10,요기요,4454000,23,1,0,regular,delivery_transport,primary
309,2025,11,요기요,4656000,29,1,0,regular,delivery_transport,primary
309,2025,12,요기요,4515000,28,1,1,regular,delivery_transport,primary
309,2026,1,요기요,2783000,15,1,1,regular,delivery_transport,primary
309,2026,2,요기요,3749000,22,1,1,regular,delivery_transport,primary
309,2026,3,요기요,3957000,25,1,0,regular,delivery_transport,primary
309,2026,4,요기요,3034000,19,1,0,regular,delivery_transport,primary
309,2026,5,요기요,4979000,29,1,0,regular,delivery_transport,primary
310,2024,6,쿠팡플렉스,2029000,19,1,0,irregular,delivery_transport,primary
310,2024,7,쿠팡플렉스,5830000,23,1,0,irregular,delivery_transport,primary
310,2024,8,쿠팡플렉스,3768000,26,1,0,irregular,delivery_transport,primary
310,2024,9,쿠팡플렉스,2980000,23,1,1,irregular,delivery_transport,primary
310,2024,10,쿠팡플렉스,1916000,19,1,0,irregular,delivery_transport,primary
310,2024,11,쿠팡플렉스,1661000,17,1,0,irregular,delivery_transport,primary
310,2024,12,쿠팡플렉스,1748000,16,1,1,irregular,delivery_transport,primary
310,2025,1,쿠팡플렉스,3044000,31,1,1,irregular,delivery_transport,primary
310,2025,2,쿠팡플렉스,1737000,16,1,1,irregular,delivery_transport,primary
310,2025,3,쿠팡플렉스,3852000,31,1,0,irregular,delivery_transport,primary
310,2025,4,쿠팡플렉스,4266000,29,1,0,irregular,delivery_transport,primary
310,2025,5,쿠팡플렉스,2396000,22,1,0,irregular,delivery_transport,primary
310,2025,6,쿠팡플렉스,3674000,31,1,0,irregular,delivery_transport,primary
310,2025,7,쿠팡플렉스,3222000,28,1,0,irregular,delivery_transport,primary
310,2025,8,쿠팡플렉스,4021000,28,1,0,irregular,delivery_transport,primary
310,2025,9,쿠팡플렉스,4870000,29,1,1,irregular,delivery_transport,primary
310,2025,10,쿠팡플렉스,4331000,29,1,0,irregular,delivery_transport,primary
310,2025,11,쿠팡플렉스,3121000,25,1,0,irregular,delivery_transport,primary
310,2025,12,쿠팡플렉스,1155000,12,1,1,irregular,delivery_transport,primary
310,2026,1,쿠팡플렉스,962000,9,1,1,irregular,delivery_transport,primary
310,2026,2,쿠팡플렉스,979000,10,1,1,irregular,delivery_transport,primary
310,2026,3,쿠팡플렉스,0,0,0,0,irregular,delivery_transport,primary
310,2026,4,쿠팡플렉스,0,0,0,0,irregular,delivery_transport,primary
310,2026,5,쿠팡플렉스,1634000,14,1,0,irregular,delivery_transport,primary
311,2024,6,로지올,1476000,18,2,0,seasonal,delivery_transport,primary
311,2024,7,로지올,1503000,20,2,0,seasonal,delivery_transport,primary
311,2024,8,로지올,2141000,23,2,0,seasonal,delivery_transport,primary
311,2024,9,로지올,1442000,23,2,1,seasonal,delivery_transport,primary
311,2024,10,로지올,1477000,24,2,0,seasonal,delivery_transport,primary
311,2024,11,로지올,1805000,22,2,0,seasonal,delivery_transport,primary
311,2024,12,로지올,1480000,19,2,1,seasonal,delivery_transport,primary
311,2025,1,로지올,1288000,18,2,1,seasonal,delivery_transport,primary
311,2025,2,로지올,1281000,15,2,1,seasonal,delivery_transport,primary
311,2025,3,로지올,1177000,16,2,0,seasonal,delivery_transport,primary
311,2025,4,로지올,1350000,21,2,0,seasonal,delivery_transport,primary
311,2025,5,로지올,1484000,19,2,0,seasonal,delivery_transport,primary
311,2025,6,로지올,1656000,23,2,0,seasonal,delivery_transport,primary
311,2025,7,로지올,1947000,25,2,0,seasonal,delivery_transport,primary
311,2025,8,로지올,1816000,23,2,0,seasonal,delivery_transport,primary
311,2025,9,로지올,1473000,20,2,1,seasonal,delivery_transport,primary
311,2025,10,로지올,1524000,19,2,0,seasonal,delivery_transport,primary
311,2025,11,로지올,1500000,23,2,0,seasonal,delivery_transport,primary
311,2025,12,로지올,2003000,28,2,1,seasonal,delivery_transport,primary
311,2026,1,로지올,1378000,22,2,1,seasonal,delivery_transport,primary
311,2026,2,로지올,1063000,15,2,1,seasonal,delivery_transport,primary
311,2026,3,로지올,1705000,25,2,0,seasonal,delivery_transport,primary
311,2026,4,로지올,1354000,17,2,0,seasonal,delivery_transport,primary
311,2026,5,로지올,1513000,19,2,0,seasonal,delivery_transport,primary
312,2024,6,에이모,1346000,7,1,0,irregular,simple_computer,occasional
312,2024,7,에이모,181000,2,1,0,irregular,simple_computer,occasional
312,2024,8,에이모,994000,6,1,0,irregular,simple_computer,occasional
312,2024,9,에이모,1057000,7,1,1,irregular,simple_computer,occasional
312,2024,10,에이모,794000,6,1,0,irregular,simple_computer,occasional
312,2024,11,에이모,437000,6,1,0,irregular,simple_computer,occasional
312,2024,12,에이모,283000,4,1,1,irregular,simple_computer,occasional
312,2025,1,에이모,1092000,6,1,1,irregular,simple_computer,occasional
312,2025,2,에이모,1279000,7,1,1,irregular,simple_computer,occasional
312,2025,3,에이모,1694000,6,1,0,irregular,simple_computer,occasional
312,2025,4,에이모,630000,7,1,0,irregular,simple_computer,occasional
312,2025,5,에이모,1110000,6,1,0,irregular,simple_computer,occasional
312,2025,6,에이모,1058000,7,1,0,irregular,simple_computer,occasional
312,2025,7,에이모,752000,5,1,0,irregular,simple_computer,occasional
312,2025,8,에이모,455000,7,1,0,irregular,simple_computer,occasional
312,2025,9,에이모,361000,5,1,1,irregular,simple_computer,occasional
312,2025,10,에이모,495000,5,1,0,irregular,simple_computer,occasional
312,2025,11,에이모,340000,5,1,0,irregular,simple_computer,occasional
312,2025,12,에이모,253000,4,1,1,irregular,simple_computer,occasional
312,2026,1,에이모,85000,1,1,1,irregular,simple_computer,occasional
312,2026,2,에이모,0,0,0,1,irregular,simple_computer,occasional
312,2026,3,에이모,0,0,0,0,irregular,simple_computer,occasional
312,2026,4,에이모,0,0,0,0,irregular,simple_computer,occasional
312,2026,5,에이모,0,0,0,0,irregular,simple_computer,occasional
313,2024,6,크몽,6757000,26,1,0,irregular,professional,primary
313,2024,7,크몽,3578000,14,1,0,irregular,professional,primary
313,2024,8,크몽,2161000,9,1,0,irregular,professional,primary
313,2024,9,크몽,1055000,4,1,1,irregular,professional,primary
313,2024,10,크몽,4232000,17,1,0,irregular,professional,primary
313,2024,11,크몽,2569000,9,1,0,irregular,professional,primary
313,2024,12,크몽,2627000,12,1,1,irregular,professional,primary
313,2025,1,크몽,5585000,28,1,1,irregular,professional,primary
313,2025,2,크몽,2620000,10,1,1,irregular,professional,primary
313,2025,3,크몽,3828000,18,1,0,irregular,professional,primary
313,2025,4,크몽,1642000,7,1,0,irregular,professional,primary
313,2025,5,크몽,978000,4,1,0,irregular,professional,primary
313,2025,6,크몽,2028000,8,1,0,irregular,professional,primary
313,2025,7,크몽,635000,2,1,0,irregular,professional,primary
313,2025,8,크몽,3184000,15,1,0,irregular,professional,primary
313,2025,9,크몽,3233000,14,1,1,irregular,professional,primary
313,2025,10,크몽,767000,4,1,0,irregular,professional,primary
313,2025,11,크몽,0,0,0,0,irregular,professional,primary
313,2025,12,크몽,0,0,0,1,irregular,professional,primary
313,2026,1,크몽,0,0,0,1,irregular,professional,primary
313,2026,2,크몽,0,0,0,1,irregular,professional,primary
313,2026,3,크몽,1966000,9,1,0,irregular,professional,primary
313,2026,4,크몽,0,0,0,0,irregular,professional,primary
313,2026,5,크몽,0,0,0,0,irregular,professional,primary
314,2024,6,카카오모빌리티,3047000,29,1,0,irregular,delivery_transport,primary
314,2024,7,카카오모빌리티,2743000,32,1,0,irregular,delivery_transport,primary
314,2024,8,카카오모빌리티,2486000,24,1,0,irregular,delivery_transport,primary
314,2024,9,카카오모빌리티,5633000,32,1,1,irregular,delivery_transport,primary
314,2024,10,카카오모빌리티,3828000,30,1,0,irregular,delivery_transport,primary
314,2024,11,카카오모빌리티,0,0,0,0,irregular,delivery_transport,primary
314,2024,12,카카오모빌리티,0,0,0,1,irregular,delivery_transport,primary
314,2025,1,카카오모빌리티,0,0,0,1,irregular,delivery_transport,primary
314,2025,2,카카오모빌리티,4057000,32,1,1,irregular,delivery_transport,primary
314,2025,3,카카오모빌리티,3318000,33,1,0,irregular,delivery_transport,primary
314,2025,4,카카오모빌리티,0,0,0,0,irregular,delivery_transport,primary
314,2025,5,카카오모빌리티,0,0,0,0,irregular,delivery_transport,primary
314,2025,6,카카오모빌리티,9000000,28,1,0,irregular,delivery_transport,primary
314,2025,7,카카오모빌리티,6394000,33,1,0,irregular,delivery_transport,primary
314,2025,8,카카오모빌리티,9000000,29,1,0,irregular,delivery_transport,primary
314,2025,9,카카오모빌리티,5388000,31,1,1,irregular,delivery_transport,primary
314,2025,10,카카오모빌리티,7492000,30,1,0,irregular,delivery_transport,primary
314,2025,11,카카오모빌리티,8868000,31,1,0,irregular,delivery_transport,primary
314,2025,12,카카오모빌리티,5310000,35,1,1,irregular,delivery_transport,primary
314,2026,1,카카오모빌리티,9000000,34,1,1,irregular,delivery_transport,primary
314,2026,2,카카오모빌리티,3016000,26,1,1,irregular,delivery_transport,primary
314,2026,3,카카오모빌리티,4030000,30,1,0,irregular,delivery_transport,primary
314,2026,4,카카오모빌리티,7461000,28,1,0,irregular,delivery_transport,primary
314,2026,5,카카오모빌리티,5001000,29,1,0,irregular,delivery_transport,primary
315,2024,6,탈잉,605000,5,2,0,irregular,creative,primary
315,2024,7,탈잉,0,0,0,0,irregular,creative,primary
315,2024,8,탈잉,0,0,0,0,irregular,creative,primary
315,2024,9,탈잉,400000,3,2,1,irregular,creative,primary
315,2024,10,탈잉,0,0,0,0,irregular,creative,primary
315,2024,11,탈잉,0,0,0,0,irregular,creative,primary
315,2024,12,탈잉,1367000,11,3,1,irregular,creative,primary
315,2025,1,탈잉,8011000,26,3,1,irregular,creative,primary
315,2025,2,탈잉,4241000,31,3,1,irregular,creative,primary
315,2025,3,탈잉,3198000,22,3,0,irregular,creative,primary
315,2025,4,탈잉,3111000,22,3,0,irregular,creative,primary
315,2025,5,탈잉,1923000,14,3,0,irregular,creative,primary
315,2025,6,탈잉,632000,5,2,0,irregular,creative,primary
315,2025,7,탈잉,1506000,11,3,0,irregular,creative,primary
315,2025,8,탈잉,0,0,0,0,irregular,creative,primary
315,2025,9,탈잉,0,0,0,1,irregular,creative,primary
315,2025,10,탈잉,710000,5,2,0,irregular,creative,primary
315,2025,11,탈잉,1062000,7,2,0,irregular,creative,primary
315,2025,12,탈잉,987000,8,2,1,irregular,creative,primary
315,2026,1,탈잉,1275000,9,3,1,irregular,creative,primary
315,2026,2,탈잉,5867000,26,3,1,irregular,creative,primary
315,2026,3,탈잉,1666000,13,3,0,irregular,creative,primary
315,2026,4,탈잉,2503000,21,3,0,irregular,creative,primary
315,2026,5,탈잉,4025000,24,3,0,irregular,creative,primary
316,2024,6,생각대로,3194000,28,1,0,seasonal,delivery_transport,primary
316,2024,7,생각대로,3343000,28,1,0,seasonal,delivery_transport,primary
316,2024,8,생각대로,3793000,33,1,0,seasonal,delivery_transport,primary
316,2024,9,생각대로,3670000,30,1,1,seasonal,delivery_transport,primary
316,2024,10,생각대로,3322000,30,1,0,seasonal,delivery_transport,primary
316,2024,11,생각대로,2967000,26,1,0,seasonal,delivery_transport,primary
316,2024,12,생각대로,3940000,30,1,1,seasonal,delivery_transport,primary
316,2025,1,생각대로,2475000,21,1,1,seasonal,delivery_transport,primary
316,2025,2,생각대로,2853000,23,1,1,seasonal,delivery_transport,primary
316,2025,3,생각대로,3142000,29,1,0,seasonal,delivery_transport,primary
316,2025,4,생각대로,3067000,25,1,0,seasonal,delivery_transport,primary
316,2025,5,생각대로,3643000,30,1,0,seasonal,delivery_transport,primary
316,2025,6,생각대로,3718000,27,1,0,seasonal,delivery_transport,primary
316,2025,7,생각대로,4378000,32,1,0,seasonal,delivery_transport,primary
316,2025,8,생각대로,3647000,29,1,0,seasonal,delivery_transport,primary
316,2025,9,생각대로,2829000,24,1,1,seasonal,delivery_transport,primary
316,2025,10,생각대로,3740000,28,1,0,seasonal,delivery_transport,primary
316,2025,11,생각대로,3023000,24,1,0,seasonal,delivery_transport,primary
316,2025,12,생각대로,3861000,27,1,1,seasonal,delivery_transport,primary
316,2026,1,생각대로,2478000,19,1,1,seasonal,delivery_transport,primary
316,2026,2,생각대로,2092000,17,1,1,seasonal,delivery_transport,primary
316,2026,3,생각대로,3727000,28,1,0,seasonal,delivery_transport,primary
316,2026,4,생각대로,3432000,27,1,0,seasonal,delivery_transport,primary
316,2026,5,생각대로,2931000,21,1,0,seasonal,delivery_transport,primary
317,2024,6,이랜서,0,0,0,0,irregular,it_service,secondary
317,2024,7,이랜서,1305000,13,2,0,irregular,it_service,secondary
317,2024,8,이랜서,704000,7,2,0,irregular,it_service,secondary
317,2024,9,이랜서,0,0,0,1,irregular,it_service,secondary
317,2024,10,이랜서,1993000,20,2,0,irregular,it_service,secondary
317,2024,11,이랜서,517000,5,1,0,irregular,it_service,secondary
317,2024,12,이랜서,3010000,18,2,1,irregular,it_service,secondary
317,2025,1,이랜서,1051000,9,2,1,irregular,it_service,secondary
317,2025,2,이랜서,3819000,17,2,1,irregular,it_service,secondary
317,2025,3,이랜서,399000,4,1,0,irregular,it_service,secondary
317,2025,4,이랜서,357000,3,1,0,irregular,it_service,secondary
317,2025,5,이랜서,0,0,0,0,irregular,it_service,secondary
317,2025,6,이랜서,0,0,0,0,irregular,it_service,secondary
317,2025,7,이랜서,3019000,17,2,0,irregular,it_service,secondary
317,2025,8,이랜서,0,0,0,0,irregular,it_service,secondary
317,2025,9,이랜서,0,0,0,1,irregular,it_service,secondary
317,2025,10,이랜서,0,0,0,0,irregular,it_service,secondary
317,2025,11,이랜서,0,0,0,0,irregular,it_service,secondary
317,2025,12,이랜서,1639000,15,2,1,irregular,it_service,secondary
317,2026,1,이랜서,0,0,0,1,irregular,it_service,secondary
317,2026,2,이랜서,3249000,15,2,1,irregular,it_service,secondary
317,2026,3,이랜서,1865000,18,2,0,irregular,it_service,secondary
317,2026,4,이랜서,2309000,16,2,0,irregular,it_service,secondary
317,2026,5,이랜서,0,0,0,0,irregular,it_service,secondary
318,2024,6,카카오모빌리티,2936000,22,2,0,regular,delivery_transport,primary
318,2024,7,카카오모빌리티,2736000,22,2,0,regular,delivery_transport,primary
318,2024,8,카카오모빌리티,2982000,24,2,0,regular,delivery_transport,primary
318,2024,9,카카오모빌리티,3014000,23,2,1,regular,delivery_transport,primary
318,2024,10,카카오모빌리티,2115000,16,2,0,regular,delivery_transport,primary
318,2024,11,카카오모빌리티,2753000,19,2,0,regular,delivery_transport,primary
318,2024,12,카카오모빌리티,2136000,15,2,1,regular,delivery_transport,primary
318,2025,1,카카오모빌리티,2998000,24,2,1,regular,delivery_transport,primary
318,2025,2,카카오모빌리티,2406000,18,2,1,regular,delivery_transport,primary
318,2025,3,카카오모빌리티,1965000,14,2,0,regular,delivery_transport,primary
318,2025,4,카카오모빌리티,2417000,19,2,0,regular,delivery_transport,primary
318,2025,5,카카오모빌리티,2556000,17,2,0,regular,delivery_transport,primary
318,2025,6,카카오모빌리티,3126000,23,2,0,regular,delivery_transport,primary
318,2025,7,카카오모빌리티,2398000,18,2,0,regular,delivery_transport,primary
318,2025,8,카카오모빌리티,2365000,16,2,0,regular,delivery_transport,primary
318,2025,9,카카오모빌리티,2847000,23,2,1,regular,delivery_transport,primary
318,2025,10,카카오모빌리티,2496000,20,2,0,regular,delivery_transport,primary
318,2025,11,카카오모빌리티,2948000,22,2,0,regular,delivery_transport,primary
318,2025,12,카카오모빌리티,3050000,20,2,1,regular,delivery_transport,primary
318,2026,1,카카오모빌리티,2828000,20,2,1,regular,delivery_transport,primary
318,2026,2,카카오모빌리티,2061000,16,2,1,regular,delivery_transport,primary
318,2026,3,카카오모빌리티,2372000,17,2,0,regular,delivery_transport,primary
318,2026,4,카카오모빌리티,3158000,24,2,0,regular,delivery_transport,primary
318,2026,5,카카오모빌리티,2988000,24,2,0,regular,delivery_transport,primary
319,2024,6,에이모,691000,18,1,0,irregular,simple_computer,secondary
319,2024,7,에이모,74000,2,1,0,irregular,simple_computer,secondary
319,2024,8,에이모,1294000,25,1,0,irregular,simple_computer,secondary
319,2024,9,에이모,253000,6,1,1,irregular,simple_computer,secondary
319,2024,10,에이모,0,0,0,0,irregular,simple_computer,secondary
319,2024,11,에이모,0,0,0,0,irregular,simple_computer,secondary
319,2024,12,에이모,0,0,0,1,irregular,simple_computer,secondary
319,2025,1,에이모,0,0,0,1,irregular,simple_computer,secondary
319,2025,2,에이모,147000,4,1,1,irregular,simple_computer,secondary
319,2025,3,에이모,603000,16,1,0,irregular,simple_computer,secondary
319,2025,4,에이모,1989000,20,1,0,irregular,simple_computer,secondary
319,2025,5,에이모,2395000,26,1,0,irregular,simple_computer,secondary
319,2025,6,에이모,559000,15,1,0,irregular,simple_computer,secondary
319,2025,7,에이모,1088000,23,1,0,irregular,simple_computer,secondary
319,2025,8,에이모,224000,6,1,0,irregular,simple_computer,secondary
319,2025,9,에이모,828000,19,1,1,irregular,simple_computer,secondary
319,2025,10,에이모,583000,16,1,0,irregular,simple_computer,secondary
319,2025,11,에이모,0,0,0,0,irregular,simple_computer,secondary
319,2025,12,에이모,340000,8,1,1,irregular,simple_computer,secondary
319,2026,1,에이모,514000,11,1,1,irregular,simple_computer,secondary
319,2026,2,에이모,1426000,20,1,1,irregular,simple_computer,secondary
319,2026,3,에이모,2255000,20,1,0,irregular,simple_computer,secondary
319,2026,4,에이모,2390000,25,1,0,irregular,simple_computer,secondary
319,2026,5,에이모,1491000,21,1,0,irregular,simple_computer,secondary
320,2024,6,카카오T대리,1521000,24,1,0,regular,delivery_transport,primary
320,2024,7,카카오T대리,2184000,32,1,0,regular,delivery_transport,primary
320,2024,8,카카오T대리,1289000,18,1,0,regular,delivery_transport,primary
320,2024,9,카카오T대리,1544000,19,1,1,regular,delivery_transport,primary
320,2024,10,카카오T대리,1535000,23,1,0,regular,delivery_transport,primary
320,2024,11,카카오T대리,1852000,24,1,0,regular,delivery_transport,primary
320,2024,12,카카오T대리,1752000,27,1,1,regular,delivery_transport,primary
320,2025,1,카카오T대리,1855000,25,1,1,regular,delivery_transport,primary
320,2025,2,카카오T대리,1470000,22,1,1,regular,delivery_transport,primary
320,2025,3,카카오T대리,1955000,31,1,0,regular,delivery_transport,primary
320,2025,4,카카오T대리,1563000,25,1,0,regular,delivery_transport,primary
320,2025,5,카카오T대리,1718000,22,1,0,regular,delivery_transport,primary
320,2025,6,카카오T대리,1966000,29,1,0,regular,delivery_transport,primary
320,2025,7,카카오T대리,1339000,22,1,0,regular,delivery_transport,primary
320,2025,8,카카오T대리,1795000,23,1,0,regular,delivery_transport,primary
320,2025,9,카카오T대리,1577000,22,1,1,regular,delivery_transport,primary
320,2025,10,카카오T대리,1811000,25,1,0,regular,delivery_transport,primary
320,2025,11,카카오T대리,1489000,24,1,0,regular,delivery_transport,primary
320,2025,12,카카오T대리,2040000,27,1,1,regular,delivery_transport,primary
320,2026,1,카카오T대리,1469000,22,1,1,regular,delivery_transport,primary
320,2026,2,카카오T대리,1520000,25,1,1,regular,delivery_transport,primary
320,2026,3,카카오T대리,1600000,21,1,0,regular,delivery_transport,primary
320,2026,4,카카오T대리,1316000,20,1,0,regular,delivery_transport,primary
320,2026,5,카카오T대리,1769000,27,1,0,regular,delivery_transport,primary
321,2024,6,배달의민족,2503000,24,1,0,regular,delivery_transport,primary
321,2024,7,배달의민족,2215000,24,1,0,regular,delivery_transport,primary
321,2024,8,배달의민족,2415000,19,1,0,regular,delivery_transport,primary
321,2024,9,배달의민족,2339000,26,1,1,regular,delivery_transport,primary
321,2024,10,배달의민족,1998000,21,1,0,regular,delivery_transport,primary
321,2024,11,배달의민족,2527000,24,1,0,regular,delivery_transport,primary
321,2024,12,배달의민족,2583000,21,1,1,regular,delivery_transport,primary
321,2025,1,배달의민족,2051000,21,1,1,regular,delivery_transport,primary
321,2025,2,배달의민족,2346000,24,1,1,regular,delivery_transport,primary
321,2025,3,배달의민족,2305000,21,1,0,regular,delivery_transport,primary
321,2025,4,배달의민족,1991000,18,1,0,regular,delivery_transport,primary
321,2025,5,배달의민족,2139000,22,1,0,regular,delivery_transport,primary
321,2025,6,배달의민족,2088000,23,1,0,regular,delivery_transport,primary
321,2025,7,배달의민족,2327000,23,1,0,regular,delivery_transport,primary
321,2025,8,배달의민족,2529000,24,1,0,regular,delivery_transport,primary
321,2025,9,배달의민족,2016000,18,1,1,regular,delivery_transport,primary
321,2025,10,배달의민족,2167000,18,1,0,regular,delivery_transport,primary
321,2025,11,배달의민족,2109000,17,1,0,regular,delivery_transport,primary
321,2025,12,배달의민족,2010000,22,1,1,regular,delivery_transport,primary
321,2026,1,배달의민족,2223000,18,1,1,regular,delivery_transport,primary
321,2026,2,배달의민족,1973000,20,1,1,regular,delivery_transport,primary
321,2026,3,배달의민족,2160000,20,1,0,regular,delivery_transport,primary
321,2026,4,배달의민족,2078000,21,1,0,regular,delivery_transport,primary
321,2026,5,배달의민족,2237000,18,1,0,regular,delivery_transport,primary
322,2024,6,카카오모빌리티,2522000,29,1,0,regular,delivery_transport,primary
322,2024,7,카카오모빌리티,2712000,27,1,0,regular,delivery_transport,primary
322,2024,8,카카오모빌리티,2597000,24,1,0,regular,delivery_transport,primary
322,2024,9,카카오모빌리티,2129000,21,1,1,regular,delivery_transport,primary
322,2024,10,카카오모빌리티,1845000,17,1,0,regular,delivery_transport,primary
322,2024,11,카카오모빌리티,2167000,21,1,0,regular,delivery_transport,primary
322,2024,12,카카오모빌리티,2745000,31,1,1,regular,delivery_transport,primary
322,2025,1,카카오모빌리티,2266000,23,1,1,regular,delivery_transport,primary
322,2025,2,카카오모빌리티,2224000,27,1,1,regular,delivery_transport,primary
322,2025,3,카카오모빌리티,2034000,22,1,0,regular,delivery_transport,primary
322,2025,4,카카오모빌리티,2219000,24,1,0,regular,delivery_transport,primary
322,2025,5,카카오모빌리티,1710000,17,1,0,regular,delivery_transport,primary
322,2025,6,카카오모빌리티,1936000,22,1,0,regular,delivery_transport,primary
322,2025,7,카카오모빌리티,2086000,18,1,0,regular,delivery_transport,primary
322,2025,8,카카오모빌리티,2397000,24,1,0,regular,delivery_transport,primary
322,2025,9,카카오모빌리티,2198000,20,1,1,regular,delivery_transport,primary
322,2025,10,카카오모빌리티,2515000,25,1,0,regular,delivery_transport,primary
322,2025,11,카카오모빌리티,2223000,25,1,0,regular,delivery_transport,primary
322,2025,12,카카오모빌리티,2178000,20,1,1,regular,delivery_transport,primary
322,2026,1,카카오모빌리티,2798000,30,1,1,regular,delivery_transport,primary
322,2026,2,카카오모빌리티,1947000,19,1,1,regular,delivery_transport,primary
322,2026,3,카카오모빌리티,2190000,25,1,0,regular,delivery_transport,primary
322,2026,4,카카오모빌리티,2283000,22,1,0,regular,delivery_transport,primary
322,2026,5,카카오모빌리티,2277000,22,1,0,regular,delivery_transport,primary
323,2024,6,생각대로,1561000,17,1,0,regular,delivery_transport,primary
323,2024,7,생각대로,1693000,18,1,0,regular,delivery_transport,primary
323,2024,8,생각대로,3033000,32,1,0,regular,delivery_transport,primary
323,2024,9,생각대로,2657000,29,1,1,regular,delivery_transport,primary
323,2024,10,생각대로,2481000,31,1,0,regular,delivery_transport,primary
323,2024,11,생각대로,1956000,19,1,0,regular,delivery_transport,primary
323,2024,12,생각대로,2381000,30,1,1,regular,delivery_transport,primary
323,2025,1,생각대로,1906000,20,1,1,regular,delivery_transport,primary
323,2025,2,생각대로,1755000,17,1,1,regular,delivery_transport,primary
323,2025,3,생각대로,1990000,22,1,0,regular,delivery_transport,primary
323,2025,4,생각대로,2101000,22,1,0,regular,delivery_transport,primary
323,2025,5,생각대로,1774000,22,1,0,regular,delivery_transport,primary
323,2025,6,생각대로,2479000,30,1,0,regular,delivery_transport,primary
323,2025,7,생각대로,2473000,31,1,0,regular,delivery_transport,primary
323,2025,8,생각대로,2316000,24,1,0,regular,delivery_transport,primary
323,2025,9,생각대로,1998000,23,1,1,regular,delivery_transport,primary
323,2025,10,생각대로,2045000,25,1,0,regular,delivery_transport,primary
323,2025,11,생각대로,2455000,29,1,0,regular,delivery_transport,primary
323,2025,12,생각대로,2648000,27,1,1,regular,delivery_transport,primary
323,2026,1,생각대로,1542000,19,1,1,regular,delivery_transport,primary
323,2026,2,생각대로,2241000,26,1,1,regular,delivery_transport,primary
323,2026,3,생각대로,2010000,24,1,0,regular,delivery_transport,primary
323,2026,4,생각대로,3028000,32,1,0,regular,delivery_transport,primary
323,2026,5,생각대로,1684000,18,1,0,regular,delivery_transport,primary
324,2024,6,프리모아,904000,13,1,0,irregular,it_service,occasional
324,2024,7,프리모아,0,0,0,0,irregular,it_service,occasional
324,2024,8,프리모아,398000,9,1,0,irregular,it_service,occasional
324,2024,9,프리모아,291000,8,1,1,irregular,it_service,occasional
324,2024,10,프리모아,0,0,0,0,irregular,it_service,occasional
324,2024,11,프리모아,236000,6,1,0,irregular,it_service,occasional
324,2024,12,프리모아,769000,15,1,1,irregular,it_service,occasional
324,2025,1,프리모아,1560000,15,1,1,irregular,it_service,occasional
324,2025,2,프리모아,188000,5,1,1,irregular,it_service,occasional
324,2025,3,프리모아,90000,2,1,0,irregular,it_service,occasional
324,2025,4,프리모아,2584000,14,1,0,irregular,it_service,occasional
324,2025,5,프리모아,2400000,13,1,0,irregular,it_service,occasional
324,2025,6,프리모아,1352000,14,1,0,irregular,it_service,occasional
324,2025,7,프리모아,693000,17,1,0,irregular,it_service,occasional
324,2025,8,프리모아,0,0,0,0,irregular,it_service,occasional
324,2025,9,프리모아,0,0,0,1,irregular,it_service,occasional
324,2025,10,프리모아,415000,9,1,0,irregular,it_service,occasional
324,2025,11,프리모아,89000,2,1,0,irregular,it_service,occasional
324,2025,12,프리모아,0,0,0,1,irregular,it_service,occasional
324,2026,1,프리모아,0,0,0,1,irregular,it_service,occasional
324,2026,2,프리모아,0,0,0,1,irregular,it_service,occasional
324,2026,3,프리모아,202000,6,1,0,irregular,it_service,occasional
324,2026,4,프리모아,968000,16,1,0,irregular,it_service,occasional
324,2026,5,프리모아,749000,14,1,0,irregular,it_service,occasional
325,2024,6,이랜서,5429000,13,3,0,irregular,it_service,secondary
325,2024,7,이랜서,441000,2,2,0,irregular,it_service,secondary
325,2024,8,이랜서,238000,2,2,0,irregular,it_service,secondary
325,2024,9,이랜서,1319000,10,3,1,irregular,it_service,secondary
325,2024,10,이랜서,691000,4,3,0,irregular,it_service,secondary
325,2024,11,이랜서,499000,3,2,0,irregular,it_service,secondary
325,2024,12,이랜서,1432000,9,3,1,irregular,it_service,secondary
325,2025,1,이랜서,0,0,0,1,irregular,it_service,secondary
325,2025,2,이랜서,246000,1,2,1,irregular,it_service,secondary
325,2025,3,이랜서,776000,6,3,0,irregular,it_service,secondary
325,2025,4,이랜서,2008000,12,3,0,irregular,it_service,secondary
325,2025,5,이랜서,1361000,10,3,0,irregular,it_service,secondary
325,2025,6,이랜서,0,0,0,0,irregular,it_service,secondary
325,2025,7,이랜서,4301000,11,3,0,irregular,it_service,secondary
325,2025,8,이랜서,1268000,9,3,0,irregular,it_service,secondary
325,2025,9,이랜서,405000,3,2,1,irregular,it_service,secondary
325,2025,10,이랜서,0,0,0,0,irregular,it_service,secondary
325,2025,11,이랜서,0,0,0,0,irregular,it_service,secondary
325,2025,12,이랜서,3692000,13,3,1,irregular,it_service,secondary
325,2026,1,이랜서,971000,6,3,1,irregular,it_service,secondary
325,2026,2,이랜서,0,0,0,1,irregular,it_service,secondary
325,2026,3,이랜서,0,0,0,0,irregular,it_service,secondary
325,2026,4,이랜서,940000,6,3,0,irregular,it_service,secondary
325,2026,5,이랜서,1357000,10,3,0,irregular,it_service,secondary
326,2024,6,셀렉트스타,1138000,13,2,0,irregular,simple_computer,primary
326,2024,7,셀렉트스타,755000,9,2,0,irregular,simple_computer,primary
326,2024,8,셀렉트스타,231000,3,1,0,irregular,simple_computer,primary
326,2024,9,셀렉트스타,2167000,28,2,1,irregular,simple_computer,primary
326,2024,10,셀렉트스타,1645000,18,2,0,irregular,simple_computer,primary
326,2024,11,셀렉트스타,2438000,27,2,0,irregular,simple_computer,primary
326,2024,12,셀렉트스타,1346000,17,2,1,irregular,simple_computer,primary
326,2025,1,셀렉트스타,1809000,19,2,1,irregular,simple_computer,primary
326,2025,2,셀렉트스타,596000,7,1,1,irregular,simple_computer,primary
326,2025,3,셀렉트스타,1006000,14,2,0,irregular,simple_computer,primary
326,2025,4,셀렉트스타,3543000,25,2,0,irregular,simple_computer,primary
326,2025,5,셀렉트스타,537000,6,1,0,irregular,simple_computer,primary
326,2025,6,셀렉트스타,4114000,29,2,0,irregular,simple_computer,primary
326,2025,7,셀렉트스타,1767000,23,2,0,irregular,simple_computer,primary
326,2025,8,셀렉트스타,2232000,26,2,0,irregular,simple_computer,primary
326,2025,9,셀렉트스타,2618000,30,2,1,irregular,simple_computer,primary
326,2025,10,셀렉트스타,621000,7,1,0,irregular,simple_computer,primary
326,2025,11,셀렉트스타,0,0,0,0,irregular,simple_computer,primary
326,2025,12,셀렉트스타,0,0,0,1,irregular,simple_computer,primary
326,2026,1,셀렉트스타,0,0,0,1,irregular,simple_computer,primary
326,2026,2,셀렉트스타,1207000,16,2,1,irregular,simple_computer,primary
326,2026,3,셀렉트스타,390000,4,1,0,irregular,simple_computer,primary
326,2026,4,셀렉트스타,0,0,0,0,irregular,simple_computer,primary
326,2026,5,셀렉트스타,0,0,0,0,irregular,simple_computer,primary
327,2024,6,대리주부,1484000,27,3,0,regular,care_cleaning,primary
327,2024,7,대리주부,1358000,22,3,0,regular,care_cleaning,primary
327,2024,8,대리주부,1568000,32,3,0,regular,care_cleaning,primary
327,2024,9,대리주부,1159000,24,3,1,regular,care_cleaning,primary
327,2024,10,대리주부,1332000,21,3,0,regular,care_cleaning,primary
327,2024,11,대리주부,1448000,28,3,0,regular,care_cleaning,primary
327,2024,12,대리주부,1253000,26,3,1,regular,care_cleaning,primary
327,2025,1,대리주부,1450000,27,3,1,regular,care_cleaning,primary
327,2025,2,대리주부,1269000,24,3,1,regular,care_cleaning,primary
327,2025,3,대리주부,1317000,27,3,0,regular,care_cleaning,primary
327,2025,4,대리주부,1115000,18,3,0,regular,care_cleaning,primary
327,2025,5,대리주부,1290000,23,3,0,regular,care_cleaning,primary
327,2025,6,대리주부,1487000,30,3,0,regular,care_cleaning,primary
327,2025,7,대리주부,1120000,22,3,0,regular,care_cleaning,primary
327,2025,8,대리주부,1410000,22,3,0,regular,care_cleaning,primary
327,2025,9,대리주부,1152000,24,3,1,regular,care_cleaning,primary
327,2025,10,대리주부,1381000,25,3,0,regular,care_cleaning,primary
327,2025,11,대리주부,1471000,28,3,0,regular,care_cleaning,primary
327,2025,12,대리주부,1302000,20,3,1,regular,care_cleaning,primary
327,2026,1,대리주부,956000,16,3,1,regular,care_cleaning,primary
327,2026,2,대리주부,1357000,21,3,1,regular,care_cleaning,primary
327,2026,3,대리주부,1354000,26,3,0,regular,care_cleaning,primary
327,2026,4,대리주부,1197000,20,3,0,regular,care_cleaning,primary
327,2026,5,대리주부,1331000,25,3,0,regular,care_cleaning,primary
328,2024,6,카카오모빌리티,3203000,16,3,0,seasonal,delivery_transport,primary
328,2024,7,카카오모빌리티,2919000,13,3,0,seasonal,delivery_transport,primary
328,2024,8,카카오모빌리티,2847000,12,3,0,seasonal,delivery_transport,primary
328,2024,9,카카오모빌리티,4741000,25,3,1,seasonal,delivery_transport,primary
328,2024,10,카카오모빌리티,4200000,18,3,0,seasonal,delivery_transport,primary
328,2024,11,카카오모빌리티,5386000,28,3,0,seasonal,delivery_transport,primary
328,2024,12,카카오모빌리티,5701000,30,3,1,seasonal,delivery_transport,primary
328,2025,1,카카오모빌리티,3976000,18,3,1,seasonal,delivery_transport,primary
328,2025,2,카카오모빌리티,3153000,17,3,1,seasonal,delivery_transport,primary
328,2025,3,카카오모빌리티,4882000,22,3,0,seasonal,delivery_transport,primary
328,2025,4,카카오모빌리티,4130000,22,3,0,seasonal,delivery_transport,primary
328,2025,5,카카오모빌리티,5441000,28,3,0,seasonal,delivery_transport,primary
328,2025,6,카카오모빌리티,4483000,21,3,0,seasonal,delivery_transport,primary
328,2025,7,카카오모빌리티,3523000,19,3,0,seasonal,delivery_transport,primary
328,2025,8,카카오모빌리티,4386000,18,3,0,seasonal,delivery_transport,primary
328,2025,9,카카오모빌리티,5460000,27,3,1,seasonal,delivery_transport,primary
328,2025,10,카카오모빌리티,4654000,22,3,0,seasonal,delivery_transport,primary
328,2025,11,카카오모빌리티,5434000,26,3,0,seasonal,delivery_transport,primary
328,2025,12,카카오모빌리티,5258000,22,3,1,seasonal,delivery_transport,primary
328,2026,1,카카오모빌리티,3327000,13,3,1,seasonal,delivery_transport,primary
328,2026,2,카카오모빌리티,3108000,16,3,1,seasonal,delivery_transport,primary
328,2026,3,카카오모빌리티,3672000,15,3,0,seasonal,delivery_transport,primary
328,2026,4,카카오모빌리티,4764000,20,3,0,seasonal,delivery_transport,primary
328,2026,5,카카오모빌리티,4417000,22,3,0,seasonal,delivery_transport,primary
329,2024,6,쿠팡이츠,648000,12,1,0,regular,delivery_transport,secondary
329,2024,7,쿠팡이츠,839000,12,1,0,regular,delivery_transport,secondary
329,2024,8,쿠팡이츠,785000,13,1,0,regular,delivery_transport,secondary
329,2024,9,쿠팡이츠,708000,11,1,1,regular,delivery_transport,secondary
329,2024,10,쿠팡이츠,604000,8,1,0,regular,delivery_transport,secondary
329,2024,11,쿠팡이츠,778000,12,1,0,regular,delivery_transport,secondary
329,2024,12,쿠팡이츠,603000,10,1,1,regular,delivery_transport,secondary
329,2025,1,쿠팡이츠,780000,11,1,1,regular,delivery_transport,secondary
329,2025,2,쿠팡이츠,1011000,14,1,1,regular,delivery_transport,secondary
329,2025,3,쿠팡이츠,773000,12,1,0,regular,delivery_transport,secondary
329,2025,4,쿠팡이츠,648000,9,1,0,regular,delivery_transport,secondary
329,2025,5,쿠팡이츠,655000,10,1,0,regular,delivery_transport,secondary
329,2025,6,쿠팡이츠,829000,13,1,0,regular,delivery_transport,secondary
329,2025,7,쿠팡이츠,858000,12,1,0,regular,delivery_transport,secondary
329,2025,8,쿠팡이츠,830000,11,1,0,regular,delivery_transport,secondary
329,2025,9,쿠팡이츠,691000,12,1,1,regular,delivery_transport,secondary
329,2025,10,쿠팡이츠,897000,16,1,0,regular,delivery_transport,secondary
329,2025,11,쿠팡이츠,752000,13,1,0,regular,delivery_transport,secondary
329,2025,12,쿠팡이츠,727000,13,1,1,regular,delivery_transport,secondary
329,2026,1,쿠팡이츠,918000,14,1,1,regular,delivery_transport,secondary
329,2026,2,쿠팡이츠,1014000,14,1,1,regular,delivery_transport,secondary
329,2026,3,쿠팡이츠,709000,12,1,0,regular,delivery_transport,secondary
329,2026,4,쿠팡이츠,952000,16,1,0,regular,delivery_transport,secondary
329,2026,5,쿠팡이츠,863000,15,1,0,regular,delivery_transport,secondary
330,2024,6,쿠팡플렉스,3333000,28,3,0,regular,delivery_transport,primary
330,2024,7,쿠팡플렉스,3404000,28,3,0,regular,delivery_transport,primary
330,2024,8,쿠팡플렉스,3050000,22,3,0,regular,delivery_transport,primary
330,2024,9,쿠팡플렉스,3275000,24,3,1,regular,delivery_transport,primary
330,2024,10,쿠팡플렉스,3095000,23,3,0,regular,delivery_transport,primary
330,2024,11,쿠팡플렉스,2960000,24,3,0,regular,delivery_transport,primary
330,2024,12,쿠팡플렉스,3661000,26,3,1,regular,delivery_transport,primary
330,2025,1,쿠팡플렉스,3050000,23,3,1,regular,delivery_transport,primary
330,2025,2,쿠팡플렉스,3583000,23,3,1,regular,delivery_transport,primary
330,2025,3,쿠팡플렉스,2872000,24,3,0,regular,delivery_transport,primary
330,2025,4,쿠팡플렉스,3567000,27,3,0,regular,delivery_transport,primary
330,2025,5,쿠팡플렉스,3831000,30,3,0,regular,delivery_transport,primary
330,2025,6,쿠팡플렉스,2987000,24,3,0,regular,delivery_transport,primary
330,2025,7,쿠팡플렉스,4250000,29,3,0,regular,delivery_transport,primary
330,2025,8,쿠팡플렉스,3416000,23,3,0,regular,delivery_transport,primary
330,2025,9,쿠팡플렉스,3636000,26,3,1,regular,delivery_transport,primary
330,2025,10,쿠팡플렉스,4096000,26,3,0,regular,delivery_transport,primary
330,2025,11,쿠팡플렉스,3519000,22,3,0,regular,delivery_transport,primary
330,2025,12,쿠팡플렉스,3844000,33,3,1,regular,delivery_transport,primary
330,2026,1,쿠팡플렉스,3592000,26,3,1,regular,delivery_transport,primary
330,2026,2,쿠팡플렉스,3509000,29,3,1,regular,delivery_transport,primary
330,2026,3,쿠팡플렉스,3399000,25,3,0,regular,delivery_transport,primary
330,2026,4,쿠팡플렉스,4143000,31,3,0,regular,delivery_transport,primary
330,2026,5,쿠팡플렉스,3445000,28,3,0,regular,delivery_transport,primary
331,2024,6,에이모,467000,6,1,0,irregular,simple_computer,occasional
331,2024,7,에이모,525000,7,1,0,irregular,simple_computer,occasional
331,2024,8,에이모,159000,2,1,0,irregular,simple_computer,occasional
331,2024,9,에이모,1235000,6,1,1,irregular,simple_computer,occasional
331,2024,10,에이모,279000,4,1,0,irregular,simple_computer,occasional
331,2024,11,에이모,1222000,6,1,0,irregular,simple_computer,occasional
331,2024,12,에이모,242000,4,1,1,irregular,simple_computer,occasional
331,2025,1,에이모,149000,2,1,1,irregular,simple_computer,occasional
331,2025,2,에이모,727000,6,1,1,irregular,simple_computer,occasional
331,2025,3,에이모,600000,6,1,0,irregular,simple_computer,occasional
331,2025,4,에이모,453000,6,1,0,irregular,simple_computer,occasional
331,2025,5,에이모,977000,6,1,0,irregular,simple_computer,occasional
331,2025,6,에이모,544000,6,1,0,irregular,simple_computer,occasional
331,2025,7,에이모,137000,2,1,0,irregular,simple_computer,occasional
331,2025,8,에이모,232000,3,1,0,irregular,simple_computer,occasional
331,2025,9,에이모,0,0,0,1,irregular,simple_computer,occasional
331,2025,10,에이모,436000,7,1,0,irregular,simple_computer,occasional
331,2025,11,에이모,542000,6,1,0,irregular,simple_computer,occasional
331,2025,12,에이모,1248000,7,1,1,irregular,simple_computer,occasional
331,2026,1,에이모,425000,7,1,1,irregular,simple_computer,occasional
331,2026,2,에이모,444000,5,1,1,irregular,simple_computer,occasional
331,2026,3,에이모,175000,3,1,0,irregular,simple_computer,occasional
331,2026,4,에이모,0,0,0,0,irregular,simple_computer,occasional
331,2026,5,에이모,371000,6,1,0,irregular,simple_computer,occasional
332,2024,6,대리주부,2227000,25,2,0,irregular,care_cleaning,primary
332,2024,7,대리주부,1220000,14,2,0,irregular,care_cleaning,primary
332,2024,8,대리주부,1636000,16,2,0,irregular,care_cleaning,primary
332,2024,9,대리주부,3636000,24,2,1,irregular,care_cleaning,primary
332,2024,10,대리주부,3869000,28,2,0,irregular,care_cleaning,primary
332,2024,11,대리주부,1369000,15,2,0,irregular,care_cleaning,primary
332,2024,12,대리주부,1657000,18,2,1,irregular,care_cleaning,primary
332,2025,1,대리주부,1738000,20,2,1,irregular,care_cleaning,primary
332,2025,2,대리주부,805000,9,1,1,irregular,care_cleaning,primary
332,2025,3,대리주부,1094000,10,2,0,irregular,care_cleaning,primary
332,2025,4,대리주부,760000,9,1,0,irregular,care_cleaning,primary
332,2025,5,대리주부,685000,6,1,0,irregular,care_cleaning,primary
332,2025,6,대리주부,0,0,0,0,irregular,care_cleaning,primary
332,2025,7,대리주부,630000,7,1,0,irregular,care_cleaning,primary
332,2025,8,대리주부,697000,7,1,0,irregular,care_cleaning,primary
332,2025,9,대리주부,1179000,12,2,1,irregular,care_cleaning,primary
332,2025,10,대리주부,0,0,0,0,irregular,care_cleaning,primary
332,2025,11,대리주부,513000,4,1,0,irregular,care_cleaning,primary
332,2025,12,대리주부,616000,7,1,1,irregular,care_cleaning,primary
332,2026,1,대리주부,0,0,0,1,irregular,care_cleaning,primary
332,2026,2,대리주부,659000,7,1,1,irregular,care_cleaning,primary
332,2026,3,대리주부,696000,7,1,0,irregular,care_cleaning,primary
332,2026,4,대리주부,1026000,11,2,0,irregular,care_cleaning,primary
332,2026,5,대리주부,698000,7,1,0,irregular,care_cleaning,primary
333,2024,6,로지올,533000,9,1,0,irregular,delivery_transport,occasional
333,2024,7,로지올,163000,3,1,0,irregular,delivery_transport,occasional
333,2024,8,로지올,510000,9,1,0,irregular,delivery_transport,occasional
333,2024,9,로지올,329000,6,1,1,irregular,delivery_transport,occasional
333,2024,10,로지올,192000,3,1,0,irregular,delivery_transport,occasional
333,2024,11,로지올,217000,3,1,0,irregular,delivery_transport,occasional
333,2024,12,로지올,172000,2,1,1,irregular,delivery_transport,occasional
333,2025,1,로지올,213000,3,1,1,irregular,delivery_transport,occasional
333,2025,2,로지올,0,0,0,1,irregular,delivery_transport,occasional
333,2025,3,로지올,428000,8,1,0,irregular,delivery_transport,occasional
333,2025,4,로지올,345000,6,1,0,irregular,delivery_transport,occasional
333,2025,5,로지올,341000,5,1,0,irregular,delivery_transport,occasional
333,2025,6,로지올,285000,5,1,0,irregular,delivery_transport,occasional
333,2025,7,로지올,403000,7,1,0,irregular,delivery_transport,occasional
333,2025,8,로지올,326000,6,1,0,irregular,delivery_transport,occasional
333,2025,9,로지올,602000,8,1,1,irregular,delivery_transport,occasional
333,2025,10,로지올,282000,5,1,0,irregular,delivery_transport,occasional
333,2025,11,로지올,235000,4,1,0,irregular,delivery_transport,occasional
333,2025,12,로지올,174000,2,1,1,irregular,delivery_transport,occasional
333,2026,1,로지올,454000,7,1,1,irregular,delivery_transport,occasional
333,2026,2,로지올,0,0,0,1,irregular,delivery_transport,occasional
333,2026,3,로지올,180000,3,1,0,irregular,delivery_transport,occasional
333,2026,4,로지올,296000,5,1,0,irregular,delivery_transport,occasional
333,2026,5,로지올,239000,3,1,0,irregular,delivery_transport,occasional
334,2024,6,당근알바,519000,15,1,0,regular,care_cleaning,secondary
334,2024,7,당근알바,659000,20,1,0,regular,care_cleaning,secondary
334,2024,8,당근알바,445000,14,1,0,regular,care_cleaning,secondary
334,2024,9,당근알바,536000,15,1,1,regular,care_cleaning,secondary
334,2024,10,당근알바,434000,13,1,0,regular,care_cleaning,secondary
334,2024,11,당근알바,660000,22,1,0,regular,care_cleaning,secondary
334,2024,12,당근알바,477000,14,1,1,regular,care_cleaning,secondary
334,2025,1,당근알바,363000,11,1,1,regular,care_cleaning,secondary
334,2025,2,당근알바,543000,13,1,1,regular,care_cleaning,secondary
334,2025,3,당근알바,581000,16,1,0,regular,care_cleaning,secondary
334,2025,4,당근알바,546000,15,1,0,regular,care_cleaning,secondary
334,2025,5,당근알바,563000,15,1,0,regular,care_cleaning,secondary
334,2025,6,당근알바,540000,16,1,0,regular,care_cleaning,secondary
334,2025,7,당근알바,533000,14,1,0,regular,care_cleaning,secondary
334,2025,8,당근알바,578000,17,1,0,regular,care_cleaning,secondary
334,2025,9,당근알바,545000,14,1,1,regular,care_cleaning,secondary
334,2025,10,당근알바,496000,16,1,0,regular,care_cleaning,secondary
334,2025,11,당근알바,573000,15,1,0,regular,care_cleaning,secondary
334,2025,12,당근알바,610000,17,1,1,regular,care_cleaning,secondary
334,2026,1,당근알바,627000,20,1,1,regular,care_cleaning,secondary
334,2026,2,당근알바,520000,16,1,1,regular,care_cleaning,secondary
334,2026,3,당근알바,657000,21,1,0,regular,care_cleaning,secondary
334,2026,4,당근알바,649000,20,1,0,regular,care_cleaning,secondary
334,2026,5,당근알바,483000,15,1,0,regular,care_cleaning,secondary
335,2024,6,프리모아,1304000,12,2,0,regular,it_service,secondary
335,2024,7,프리모아,1119000,10,2,0,regular,it_service,secondary
335,2024,8,프리모아,1020000,8,2,0,regular,it_service,secondary
335,2024,9,프리모아,1312000,11,2,1,regular,it_service,secondary
335,2024,10,프리모아,1418000,11,2,0,regular,it_service,secondary
335,2024,11,프리모아,1435000,10,2,0,regular,it_service,secondary
335,2024,12,프리모아,1373000,10,2,1,regular,it_service,secondary
335,2025,1,프리모아,1354000,10,2,1,regular,it_service,secondary
335,2025,2,프리모아,1259000,9,2,1,regular,it_service,secondary
335,2025,3,프리모아,1367000,11,2,0,regular,it_service,secondary
335,2025,4,프리모아,1165000,11,2,0,regular,it_service,secondary
335,2025,5,프리모아,1410000,10,2,0,regular,it_service,secondary
335,2025,6,프리모아,1238000,11,2,0,regular,it_service,secondary
335,2025,7,프리모아,1433000,13,2,0,regular,it_service,secondary
335,2025,8,프리모아,1669000,15,2,0,regular,it_service,secondary
335,2025,9,프리모아,1359000,10,2,1,regular,it_service,secondary
335,2025,10,프리모아,1287000,11,2,0,regular,it_service,secondary
335,2025,11,프리모아,1123000,10,2,0,regular,it_service,secondary
335,2025,12,프리모아,1529000,14,2,1,regular,it_service,secondary
335,2026,1,프리모아,1400000,12,2,1,regular,it_service,secondary
335,2026,2,프리모아,1324000,11,2,1,regular,it_service,secondary
335,2026,3,프리모아,1149000,11,2,0,regular,it_service,secondary
335,2026,4,프리모아,1049000,9,2,0,regular,it_service,secondary
335,2026,5,프리모아,1358000,12,2,0,regular,it_service,secondary
336,2024,6,배달의민족,0,0,0,0,irregular,delivery_transport,secondary
336,2024,7,배달의민족,0,0,0,0,irregular,delivery_transport,secondary
336,2024,8,배달의민족,730000,10,3,0,irregular,delivery_transport,secondary
336,2024,9,배달의민족,0,0,0,1,irregular,delivery_transport,secondary
336,2024,10,배달의민족,977000,12,3,0,irregular,delivery_transport,secondary
336,2024,11,배달의민족,823000,9,3,0,irregular,delivery_transport,secondary
336,2024,12,배달의민족,0,0,0,1,irregular,delivery_transport,secondary
336,2025,1,배달의민족,756000,9,3,1,irregular,delivery_transport,secondary
336,2025,2,배달의민족,753000,9,3,1,irregular,delivery_transport,secondary
336,2025,3,배달의민족,1051000,15,3,0,irregular,delivery_transport,secondary
336,2025,4,배달의민족,1769000,13,3,0,irregular,delivery_transport,secondary
336,2025,5,배달의민족,1481000,12,3,0,irregular,delivery_transport,secondary
336,2025,6,배달의민족,1667000,12,3,0,irregular,delivery_transport,secondary
336,2025,7,배달의민족,1650000,14,3,0,irregular,delivery_transport,secondary
336,2025,8,배달의민족,740000,9,3,0,irregular,delivery_transport,secondary
336,2025,9,배달의민족,996000,15,3,1,irregular,delivery_transport,secondary
336,2025,10,배달의민족,844000,11,3,0,irregular,delivery_transport,secondary
336,2025,11,배달의민족,1693000,14,3,0,irregular,delivery_transport,secondary
336,2025,12,배달의민족,2173000,13,3,1,irregular,delivery_transport,secondary
336,2026,1,배달의민족,867000,12,3,1,irregular,delivery_transport,secondary
336,2026,2,배달의민족,1061000,13,3,1,irregular,delivery_transport,secondary
336,2026,3,배달의민족,1732000,15,3,0,irregular,delivery_transport,secondary
336,2026,4,배달의민족,2869000,13,3,0,irregular,delivery_transport,secondary
336,2026,5,배달의민족,1435000,12,3,0,irregular,delivery_transport,secondary
337,2024,6,배달의민족,287000,7,1,0,regular,delivery_transport,occasional
337,2024,7,배달의민족,278000,5,1,0,regular,delivery_transport,occasional
337,2024,8,배달의민족,311000,6,1,0,regular,delivery_transport,occasional
337,2024,9,배달의민족,270000,6,1,1,regular,delivery_transport,occasional
337,2024,10,배달의민족,274000,5,1,0,regular,delivery_transport,occasional
337,2024,11,배달의민족,198000,4,1,0,regular,delivery_transport,occasional
337,2024,12,배달의민족,266000,5,1,1,regular,delivery_transport,occasional
337,2025,1,배달의민족,279000,6,1,1,regular,delivery_transport,occasional
337,2025,2,배달의민족,265000,5,1,1,regular,delivery_transport,occasional
337,2025,3,배달의민족,254000,5,1,0,regular,delivery_transport,occasional
337,2025,4,배달의민족,259000,6,1,0,regular,delivery_transport,occasional
337,2025,5,배달의민족,275000,6,1,0,regular,delivery_transport,occasional
337,2025,6,배달의민족,324000,8,1,0,regular,delivery_transport,occasional
337,2025,7,배달의민족,278000,6,1,0,regular,delivery_transport,occasional
337,2025,8,배달의민족,273000,6,1,0,regular,delivery_transport,occasional
337,2025,9,배달의민족,247000,6,1,1,regular,delivery_transport,occasional
337,2025,10,배달의민족,219000,4,1,0,regular,delivery_transport,occasional
337,2025,11,배달의민족,265000,6,1,0,regular,delivery_transport,occasional
337,2025,12,배달의민족,285000,6,1,1,regular,delivery_transport,occasional
337,2026,1,배달의민족,282000,5,1,1,regular,delivery_transport,occasional
337,2026,2,배달의민족,260000,5,1,1,regular,delivery_transport,occasional
337,2026,3,배달의민족,247000,5,1,0,regular,delivery_transport,occasional
337,2026,4,배달의민족,278000,6,1,0,regular,delivery_transport,occasional
337,2026,5,배달의민족,250000,5,1,0,regular,delivery_transport,occasional
338,2024,6,숨고,2483000,25,2,0,regular,professional,primary
338,2024,7,숨고,2708000,24,2,0,regular,professional,primary
338,2024,8,숨고,2577000,29,2,0,regular,professional,primary
338,2024,9,숨고,2380000,29,2,1,regular,professional,primary
338,2024,10,숨고,2142000,22,2,0,regular,professional,primary
338,2024,11,숨고,2212000,21,2,0,regular,professional,primary
338,2024,12,숨고,2691000,26,2,1,regular,professional,primary
338,2025,1,숨고,2150000,21,2,1,regular,professional,primary
338,2025,2,숨고,2314000,27,2,1,regular,professional,primary
338,2025,3,숨고,2671000,29,2,0,regular,professional,primary
338,2025,4,숨고,2320000,25,2,0,regular,professional,primary
338,2025,5,숨고,2348000,27,2,0,regular,professional,primary
338,2025,6,숨고,2213000,20,2,0,regular,professional,primary
338,2025,7,숨고,2617000,30,2,0,regular,professional,primary
338,2025,8,숨고,2764000,25,2,0,regular,professional,primary
338,2025,9,숨고,2528000,24,2,1,regular,professional,primary
338,2025,10,숨고,2457000,25,2,0,regular,professional,primary
338,2025,11,숨고,2353000,23,2,0,regular,professional,primary
338,2025,12,숨고,2439000,22,2,1,regular,professional,primary
338,2026,1,숨고,2222000,21,2,1,regular,professional,primary
338,2026,2,숨고,2290000,28,2,1,regular,professional,primary
338,2026,3,숨고,1984000,24,2,0,regular,professional,primary
338,2026,4,숨고,2482000,25,2,0,regular,professional,primary
338,2026,5,숨고,2439000,29,2,0,regular,professional,primary
339,2024,6,생각대로,351000,10,1,0,irregular,delivery_transport,occasional
339,2024,7,생각대로,317000,9,1,0,irregular,delivery_transport,occasional
339,2024,8,생각대로,262000,7,1,0,irregular,delivery_transport,occasional
339,2024,9,생각대로,568000,12,1,1,irregular,delivery_transport,occasional
339,2024,10,생각대로,1335000,14,1,0,irregular,delivery_transport,occasional
339,2024,11,생각대로,663000,13,1,0,irregular,delivery_transport,occasional
339,2024,12,생각대로,771000,12,1,1,irregular,delivery_transport,occasional
339,2025,1,생각대로,611000,15,1,1,irregular,delivery_transport,occasional
339,2025,2,생각대로,943000,14,1,1,irregular,delivery_transport,occasional
339,2025,3,생각대로,437000,12,1,0,irregular,delivery_transport,occasional
339,2025,4,생각대로,410000,13,1,0,irregular,delivery_transport,occasional
339,2025,5,생각대로,0,0,0,0,irregular,delivery_transport,occasional
339,2025,6,생각대로,363000,11,1,0,irregular,delivery_transport,occasional
339,2025,7,생각대로,381000,9,1,0,irregular,delivery_transport,occasional
339,2025,8,생각대로,468000,12,1,0,irregular,delivery_transport,occasional
339,2025,9,생각대로,0,0,0,1,irregular,delivery_transport,occasional
339,2025,10,생각대로,370000,11,1,0,irregular,delivery_transport,occasional
339,2025,11,생각대로,331000,10,1,0,irregular,delivery_transport,occasional
339,2025,12,생각대로,0,0,0,1,irregular,delivery_transport,occasional
339,2026,1,생각대로,282000,7,1,1,irregular,delivery_transport,occasional
339,2026,2,생각대로,441000,14,1,1,irregular,delivery_transport,occasional
339,2026,3,생각대로,449000,13,1,0,irregular,delivery_transport,occasional
339,2026,4,생각대로,433000,11,1,0,irregular,delivery_transport,occasional
339,2026,5,생각대로,0,0,0,0,irregular,delivery_transport,occasional
340,2024,6,위시켓,828000,8,3,0,regular,it_service,occasional
340,2024,7,위시켓,916000,7,3,0,regular,it_service,occasional
340,2024,8,위시켓,776000,7,3,0,regular,it_service,occasional
340,2024,9,위시켓,934000,8,3,1,regular,it_service,occasional
340,2024,10,위시켓,784000,8,3,0,regular,it_service,occasional
340,2024,11,위시켓,782000,8,3,0,regular,it_service,occasional
340,2024,12,위시켓,827000,7,3,1,regular,it_service,occasional
340,2025,1,위시켓,745000,6,3,1,regular,it_service,occasional
340,2025,2,위시켓,836000,7,3,1,regular,it_service,occasional
340,2025,3,위시켓,681000,5,3,0,regular,it_service,occasional
340,2025,4,위시켓,736000,6,3,0,regular,it_service,occasional
340,2025,5,위시켓,752000,6,3,0,regular,it_service,occasional
340,2025,6,위시켓,804000,7,3,0,regular,it_service,occasional
340,2025,7,위시켓,743000,7,3,0,regular,it_service,occasional
340,2025,8,위시켓,857000,8,3,0,regular,it_service,occasional
340,2025,9,위시켓,790000,8,3,1,regular,it_service,occasional
340,2025,10,위시켓,858000,6,3,0,regular,it_service,occasional
340,2025,11,위시켓,733000,6,3,0,regular,it_service,occasional
340,2025,12,위시켓,665000,6,3,1,regular,it_service,occasional
340,2026,1,위시켓,785000,7,3,1,regular,it_service,occasional
340,2026,2,위시켓,871000,8,3,1,regular,it_service,occasional
340,2026,3,위시켓,908000,8,3,0,regular,it_service,occasional
340,2026,4,위시켓,571000,5,3,0,regular,it_service,occasional
340,2026,5,위시켓,737000,6,3,0,regular,it_service,occasional
341,2024,6,쿠팡이츠,1507000,19,2,0,irregular,delivery_transport,primary
341,2024,7,쿠팡이츠,5820000,33,2,0,irregular,delivery_transport,primary
341,2024,8,쿠팡이츠,1873000,23,2,0,irregular,delivery_transport,primary
341,2024,9,쿠팡이츠,1837000,25,2,1,irregular,delivery_transport,primary
341,2024,10,쿠팡이츠,1565000,19,2,0,irregular,delivery_transport,primary
341,2024,11,쿠팡이츠,3304000,33,2,0,irregular,delivery_transport,primary
341,2024,12,쿠팡이츠,1230000,17,2,1,irregular,delivery_transport,primary
341,2025,1,쿠팡이츠,1273000,18,2,1,irregular,delivery_transport,primary
341,2025,2,쿠팡이츠,1285000,16,2,1,irregular,delivery_transport,primary
341,2025,3,쿠팡이츠,1030000,14,2,0,irregular,delivery_transport,primary
341,2025,4,쿠팡이츠,1842000,24,2,0,irregular,delivery_transport,primary
341,2025,5,쿠팡이츠,2663000,36,2,0,irregular,delivery_transport,primary
341,2025,6,쿠팡이츠,899000,12,2,0,irregular,delivery_transport,primary
341,2025,7,쿠팡이츠,2126000,28,2,0,irregular,delivery_transport,primary
341,2025,8,쿠팡이츠,3934000,34,2,0,irregular,delivery_transport,primary
341,2025,9,쿠팡이츠,2601000,37,2,1,irregular,delivery_transport,primary
341,2025,10,쿠팡이츠,2822000,31,2,0,irregular,delivery_transport,primary
341,2025,11,쿠팡이츠,3278000,28,2,0,irregular,delivery_transport,primary
341,2025,12,쿠팡이츠,3280000,34,2,1,irregular,delivery_transport,primary
341,2026,1,쿠팡이츠,2204000,28,2,1,irregular,delivery_transport,primary
341,2026,2,쿠팡이츠,0,0,0,1,irregular,delivery_transport,primary
341,2026,3,쿠팡이츠,0,0,0,0,irregular,delivery_transport,primary
341,2026,4,쿠팡이츠,0,0,0,0,irregular,delivery_transport,primary
341,2026,5,쿠팡이츠,967000,14,2,0,irregular,delivery_transport,primary
342,2024,6,로지올,3230000,22,2,0,regular,delivery_transport,primary
342,2024,7,로지올,3412000,28,2,0,regular,delivery_transport,primary
342,2024,8,로지올,3545000,24,2,0,regular,delivery_transport,primary
342,2024,9,로지올,3440000,25,2,1,regular,delivery_transport,primary
342,2024,10,로지올,2881000,21,2,0,regular,delivery_transport,primary
342,2024,11,로지올,2622000,17,2,0,regular,delivery_transport,primary
342,2024,12,로지올,2618000,21,2,1,regular,delivery_transport,primary
342,2025,1,로지올,3359000,29,2,1,regular,delivery_transport,primary
342,2025,2,로지올,2794000,20,2,1,regular,delivery_transport,primary
342,2025,3,로지올,2818000,19,2,0,regular,delivery_transport,primary
342,2025,4,로지올,2669000,21,2,0,regular,delivery_transport,primary
342,2025,5,로지올,2997000,23,2,0,regular,delivery_transport,primary
342,2025,6,로지올,2596000,18,2,0,regular,delivery_transport,primary
342,2025,7,로지올,2813000,20,2,0,regular,delivery_transport,primary
342,2025,8,로지올,2972000,23,2,0,regular,delivery_transport,primary
342,2025,9,로지올,2974000,26,2,1,regular,delivery_transport,primary
342,2025,10,로지올,2808000,23,2,0,regular,delivery_transport,primary
342,2025,11,로지올,2605000,21,2,0,regular,delivery_transport,primary
342,2025,12,로지올,2792000,18,2,1,regular,delivery_transport,primary
342,2026,1,로지올,2677000,17,2,1,regular,delivery_transport,primary
342,2026,2,로지올,2725000,19,2,1,regular,delivery_transport,primary
342,2026,3,로지올,2692000,18,2,0,regular,delivery_transport,primary
342,2026,4,로지올,3195000,25,2,0,regular,delivery_transport,primary
342,2026,5,로지올,2703000,21,2,0,regular,delivery_transport,primary
343,2024,6,숨고,8876000,32,2,0,irregular,professional,primary
343,2024,7,숨고,1229000,5,1,0,irregular,professional,primary
343,2024,8,숨고,1687000,9,1,0,irregular,professional,primary
343,2024,9,숨고,0,0,0,1,irregular,professional,primary
343,2024,10,숨고,0,0,0,0,irregular,professional,primary
343,2024,11,숨고,574000,3,1,0,irregular,professional,primary
343,2024,12,숨고,395000,2,1,1,irregular,professional,primary
343,2025,1,숨고,1919000,9,2,1,irregular,professional,primary
343,2025,2,숨고,3711000,19,2,1,irregular,professional,primary
343,2025,3,숨고,4225000,18,2,0,irregular,professional,primary
343,2025,4,숨고,0,0,0,0,irregular,professional,primary
343,2025,5,숨고,4024000,18,2,0,irregular,professional,primary
343,2025,6,숨고,2000000,9,2,0,irregular,professional,primary
343,2025,7,숨고,4072000,22,2,0,irregular,professional,primary
343,2025,8,숨고,1119000,6,1,0,irregular,professional,primary
343,2025,9,숨고,1993000,10,2,1,irregular,professional,primary
343,2025,10,숨고,2298000,11,2,0,irregular,professional,primary
343,2025,11,숨고,0,0,0,0,irregular,professional,primary
343,2025,12,숨고,832000,4,1,1,irregular,professional,primary
343,2026,1,숨고,0,0,0,1,irregular,professional,primary
343,2026,2,숨고,0,0,0,1,irregular,professional,primary
343,2026,3,숨고,0,0,0,0,irregular,professional,primary
343,2026,4,숨고,0,0,0,0,irregular,professional,primary
343,2026,5,숨고,1759000,8,1,0,irregular,professional,primary
344,2024,6,쿠팡플렉스,1911000,23,2,0,regular,delivery_transport,primary
344,2024,7,쿠팡플렉스,2144000,24,2,0,regular,delivery_transport,primary
344,2024,8,쿠팡플렉스,1518000,17,2,0,regular,delivery_transport,primary
344,2024,9,쿠팡플렉스,1370000,17,2,1,regular,delivery_transport,primary
344,2024,10,쿠팡플렉스,2118000,24,2,0,regular,delivery_transport,primary
344,2024,11,쿠팡플렉스,1769000,20,2,0,regular,delivery_transport,primary
344,2024,12,쿠팡플렉스,1594000,20,2,1,regular,delivery_transport,primary
344,2025,1,쿠팡플렉스,1990000,23,2,1,regular,delivery_transport,primary
344,2025,2,쿠팡플렉스,2246000,26,2,1,regular,delivery_transport,primary
344,2025,3,쿠팡플렉스,2231000,22,2,0,regular,delivery_transport,primary
344,2025,4,쿠팡플렉스,1767000,20,2,0,regular,delivery_transport,primary
344,2025,5,쿠팡플렉스,2496000,26,2,0,regular,delivery_transport,primary
344,2025,6,쿠팡플렉스,1725000,21,2,0,regular,delivery_transport,primary
344,2025,7,쿠팡플렉스,1737000,19,2,0,regular,delivery_transport,primary
344,2025,8,쿠팡플렉스,1944000,19,2,0,regular,delivery_transport,primary
344,2025,9,쿠팡플렉스,2079000,21,2,1,regular,delivery_transport,primary
344,2025,10,쿠팡플렉스,2260000,26,2,0,regular,delivery_transport,primary
344,2025,11,쿠팡플렉스,1866000,22,2,0,regular,delivery_transport,primary
344,2025,12,쿠팡플렉스,2227000,27,2,1,regular,delivery_transport,primary
344,2026,1,쿠팡플렉스,1395000,14,2,1,regular,delivery_transport,primary
344,2026,2,쿠팡플렉스,1933000,21,2,1,regular,delivery_transport,primary
344,2026,3,쿠팡플렉스,2013000,19,2,0,regular,delivery_transport,primary
344,2026,4,쿠팡플렉스,1632000,18,2,0,regular,delivery_transport,primary
344,2026,5,쿠팡플렉스,2223000,23,2,0,regular,delivery_transport,primary
345,2024,6,숨고,1067000,14,1,0,regular,professional,secondary
345,2024,7,숨고,1233000,17,1,0,regular,professional,secondary
345,2024,8,숨고,1593000,20,1,0,regular,professional,secondary
345,2024,9,숨고,1062000,12,1,1,regular,professional,secondary
345,2024,10,숨고,1602000,20,1,0,regular,professional,secondary
345,2024,11,숨고,1854000,22,1,0,regular,professional,secondary
345,2024,12,숨고,1246000,17,1,1,regular,professional,secondary
345,2025,1,숨고,1643000,22,1,1,regular,professional,secondary
345,2025,2,숨고,1465000,21,1,1,regular,professional,secondary
345,2025,3,숨고,1182000,16,1,0,regular,professional,secondary
345,2025,4,숨고,820000,11,1,0,regular,professional,secondary
345,2025,5,숨고,1783000,19,1,0,regular,professional,secondary
345,2025,6,숨고,1415000,19,1,0,regular,professional,secondary
345,2025,7,숨고,1464000,17,1,0,regular,professional,secondary
345,2025,8,숨고,1018000,14,1,0,regular,professional,secondary
345,2025,9,숨고,1030000,12,1,1,regular,professional,secondary
345,2025,10,숨고,1746000,19,1,0,regular,professional,secondary
345,2025,11,숨고,1224000,15,1,0,regular,professional,secondary
345,2025,12,숨고,1357000,14,1,1,regular,professional,secondary
345,2026,1,숨고,1543000,17,1,1,regular,professional,secondary
345,2026,2,숨고,1218000,17,1,1,regular,professional,secondary
345,2026,3,숨고,1165000,13,1,0,regular,professional,secondary
345,2026,4,숨고,1328000,18,1,0,regular,professional,secondary
345,2026,5,숨고,1356000,15,1,0,regular,professional,secondary
346,2024,6,요기요,2455000,22,1,0,regular,delivery_transport,primary
346,2024,7,요기요,2164000,17,1,0,regular,delivery_transport,primary
346,2024,8,요기요,2017000,18,1,0,regular,delivery_transport,primary
346,2024,9,요기요,2108000,16,1,1,regular,delivery_transport,primary
346,2024,10,요기요,2069000,19,1,0,regular,delivery_transport,primary
346,2024,11,요기요,2670000,19,1,0,regular,delivery_transport,primary
346,2024,12,요기요,2301000,22,1,1,regular,delivery_transport,primary
346,2025,1,요기요,2638000,19,1,1,regular,delivery_transport,primary
346,2025,2,요기요,2176000,16,1,1,regular,delivery_transport,primary
346,2025,3,요기요,2659000,20,1,0,regular,delivery_transport,primary
346,2025,4,요기요,2435000,17,1,0,regular,delivery_transport,primary
346,2025,5,요기요,2397000,20,1,0,regular,delivery_transport,primary
346,2025,6,요기요,2440000,21,1,0,regular,delivery_transport,primary
346,2025,7,요기요,2813000,20,1,0,regular,delivery_transport,primary
346,2025,8,요기요,2899000,21,1,0,regular,delivery_transport,primary
346,2025,9,요기요,2093000,18,1,1,regular,delivery_transport,primary
346,2025,10,요기요,2275000,22,1,0,regular,delivery_transport,primary
346,2025,11,요기요,1266000,11,1,0,regular,delivery_transport,primary
346,2025,12,요기요,2131000,17,1,1,regular,delivery_transport,primary
346,2026,1,요기요,2773000,19,1,1,regular,delivery_transport,primary
346,2026,2,요기요,1729000,14,1,1,regular,delivery_transport,primary
346,2026,3,요기요,1498000,13,1,0,regular,delivery_transport,primary
346,2026,4,요기요,2340000,19,1,0,regular,delivery_transport,primary
346,2026,5,요기요,1958000,14,1,0,regular,delivery_transport,primary
347,2024,6,숨고,957000,15,1,0,regular,professional,secondary
347,2024,7,숨고,1230000,20,1,0,regular,professional,secondary
347,2024,8,숨고,1070000,16,1,0,regular,professional,secondary
347,2024,9,숨고,1112000,18,1,1,regular,professional,secondary
347,2024,10,숨고,1252000,19,1,0,regular,professional,secondary
347,2024,11,숨고,1138000,14,1,0,regular,professional,secondary
347,2024,12,숨고,918000,15,1,1,regular,professional,secondary
347,2025,1,숨고,1251000,18,1,1,regular,professional,secondary
347,2025,2,숨고,1025000,15,1,1,regular,professional,secondary
347,2025,3,숨고,1425000,18,1,0,regular,professional,secondary
347,2025,4,숨고,1226000,19,1,0,regular,professional,secondary
347,2025,5,숨고,1289000,16,1,0,regular,professional,secondary
347,2025,6,숨고,1150000,18,1,0,regular,professional,secondary
347,2025,7,숨고,1011000,15,1,0,regular,professional,secondary
347,2025,8,숨고,1006000,14,1,0,regular,professional,secondary
347,2025,9,숨고,1075000,14,1,1,regular,professional,secondary
347,2025,10,숨고,1248000,17,1,0,regular,professional,secondary
347,2025,11,숨고,1195000,15,1,0,regular,professional,secondary
347,2025,12,숨고,1367000,21,1,1,regular,professional,secondary
347,2026,1,숨고,1197000,16,1,1,regular,professional,secondary
347,2026,2,숨고,1410000,20,1,1,regular,professional,secondary
347,2026,3,숨고,1060000,17,1,0,regular,professional,secondary
347,2026,4,숨고,1099000,17,1,0,regular,professional,secondary
347,2026,5,숨고,1196000,16,1,0,regular,professional,secondary
348,2024,6,이랜서,2711000,21,1,0,regular,it_service,primary
348,2024,7,이랜서,2955000,22,1,0,regular,it_service,primary
348,2024,8,이랜서,2973000,22,1,0,regular,it_service,primary
348,2024,9,이랜서,3123000,27,1,1,regular,it_service,primary
348,2024,10,이랜서,3251000,25,1,0,regular,it_service,primary
348,2024,11,이랜서,3230000,23,1,0,regular,it_service,primary
348,2024,12,이랜서,2595000,24,1,1,regular,it_service,primary
348,2025,1,이랜서,3301000,26,1,1,regular,it_service,primary
348,2025,2,이랜서,2452000,23,1,1,regular,it_service,primary
348,2025,3,이랜서,2596000,24,1,0,regular,it_service,primary
348,2025,4,이랜서,3272000,27,1,0,regular,it_service,primary
348,2025,5,이랜서,2646000,22,1,0,regular,it_service,primary
348,2025,6,이랜서,3057000,23,1,0,regular,it_service,primary
348,2025,7,이랜서,3541000,32,1,0,regular,it_service,primary
348,2025,8,이랜서,2477000,22,1,0,regular,it_service,primary
348,2025,9,이랜서,2834000,24,1,1,regular,it_service,primary
348,2025,10,이랜서,3364000,30,1,0,regular,it_service,primary
348,2025,11,이랜서,3777000,33,1,0,regular,it_service,primary
348,2025,12,이랜서,2677000,24,1,1,regular,it_service,primary
348,2026,1,이랜서,3281000,26,1,1,regular,it_service,primary
348,2026,2,이랜서,3231000,32,1,1,regular,it_service,primary
348,2026,3,이랜서,3417000,31,1,0,regular,it_service,primary
348,2026,4,이랜서,2663000,22,1,0,regular,it_service,primary
348,2026,5,이랜서,2938000,22,1,0,regular,it_service,primary
349,2024,6,크몽,5096000,21,1,0,irregular,professional,primary
349,2024,7,크몽,3973000,22,1,0,irregular,professional,primary
349,2024,8,크몽,5685000,24,1,0,irregular,professional,primary
349,2024,9,크몽,3116000,18,1,1,irregular,professional,primary
349,2024,10,크몽,9000000,22,1,0,irregular,professional,primary
349,2024,11,크몽,4667000,21,1,0,irregular,professional,primary
349,2024,12,크몽,2519000,15,1,1,irregular,professional,primary
349,2025,1,크몽,9000000,26,1,1,irregular,professional,primary
349,2025,2,크몽,772000,4,1,1,irregular,professional,primary
349,2025,3,크몽,1011000,6,1,0,irregular,professional,primary
349,2025,4,크몽,6975000,25,1,0,irregular,professional,primary
349,2025,5,크몽,2478000,13,1,0,irregular,professional,primary
349,2025,6,크몽,2585000,14,1,0,irregular,professional,primary
349,2025,7,크몽,3143000,17,1,0,irregular,professional,primary
349,2025,8,크몽,0,0,0,0,irregular,professional,primary
349,2025,9,크몽,1314000,7,1,1,irregular,professional,primary
349,2025,10,크몽,2309000,11,1,0,irregular,professional,primary
349,2025,11,크몽,1255000,8,1,0,irregular,professional,primary
349,2025,12,크몽,0,0,0,1,irregular,professional,primary
349,2026,1,크몽,0,0,0,1,irregular,professional,primary
349,2026,2,크몽,679000,4,1,1,irregular,professional,primary
349,2026,3,크몽,5167000,26,1,0,irregular,professional,primary
349,2026,4,크몽,2390000,13,1,0,irregular,professional,primary
349,2026,5,크몽,2402000,14,1,0,irregular,professional,primary
350,2024,6,숨고,500000,8,1,0,irregular,professional,secondary
350,2024,7,숨고,0,0,0,0,irregular,professional,secondary
350,2024,8,숨고,503000,9,1,0,irregular,professional,secondary
350,2024,9,숨고,0,0,0,1,irregular,professional,secondary
350,2024,10,숨고,0,0,0,0,irregular,professional,secondary
350,2024,11,숨고,630000,11,1,0,irregular,professional,secondary
350,2024,12,숨고,606000,10,1,1,irregular,professional,secondary
350,2025,1,숨고,2997000,14,1,1,irregular,professional,secondary
350,2025,2,숨고,496000,8,1,1,irregular,professional,secondary
350,2025,3,숨고,0,0,0,0,irregular,professional,secondary
350,2025,4,숨고,976000,13,1,0,irregular,professional,secondary
350,2025,5,숨고,0,0,0,0,irregular,professional,secondary
350,2025,6,숨고,2026000,12,1,0,irregular,professional,secondary
350,2025,7,숨고,1987000,16,1,0,irregular,professional,secondary
350,2025,8,숨고,2044000,12,1,0,irregular,professional,secondary
350,2025,9,숨고,1490000,15,1,1,irregular,professional,secondary
350,2025,10,숨고,2798000,11,1,0,irregular,professional,secondary
350,2025,11,숨고,3599000,14,1,0,irregular,professional,secondary
350,2025,12,숨고,1435000,14,1,1,irregular,professional,secondary
350,2026,1,숨고,2183000,15,1,1,irregular,professional,secondary
350,2026,2,숨고,4063000,12,1,1,irregular,professional,secondary
350,2026,3,숨고,3428000,14,1,0,irregular,professional,secondary
350,2026,4,숨고,2638000,12,1,0,irregular,professional,secondary
350,2026,5,숨고,1471000,12,1,0,irregular,professional,secondary
351,2024,6,당근알바,429000,12,1,0,regular,etc,occasional
351,2024,7,당근알바,565000,12,1,0,regular,etc,occasional
351,2024,8,당근알바,490000,14,1,0,regular,etc,occasional
351,2024,9,당근알바,427000,12,1,1,regular,etc,occasional
351,2024,10,당근알바,452000,11,1,0,regular,etc,occasional
351,2024,11,당근알바,415000,12,1,0,regular,etc,occasional
351,2024,12,당근알바,505000,12,1,1,regular,etc,occasional
351,2025,1,당근알바,342000,10,1,1,regular,etc,occasional
351,2025,2,당근알바,389000,10,1,1,regular,etc,occasional
351,2025,3,당근알바,522000,12,1,0,regular,etc,occasional
351,2025,4,당근알바,380000,10,1,0,regular,etc,occasional
351,2025,5,당근알바,454000,10,1,0,regular,etc,occasional
351,2025,6,당근알바,340000,8,1,0,regular,etc,occasional
351,2025,7,당근알바,461000,11,1,0,regular,etc,occasional
351,2025,8,당근알바,475000,12,1,0,regular,etc,occasional
351,2025,9,당근알바,440000,10,1,1,regular,etc,occasional
351,2025,10,당근알바,464000,13,1,0,regular,etc,occasional
351,2025,11,당근알바,481000,14,1,0,regular,etc,occasional
351,2025,12,당근알바,414000,11,1,1,regular,etc,occasional
351,2026,1,당근알바,469000,12,1,1,regular,etc,occasional
351,2026,2,당근알바,349000,9,1,1,regular,etc,occasional
351,2026,3,당근알바,349000,10,1,0,regular,etc,occasional
351,2026,4,당근알바,517000,12,1,0,regular,etc,occasional
351,2026,5,당근알바,373000,8,1,0,regular,etc,occasional
352,2024,6,미소,2198000,14,2,0,regular,care_cleaning,primary
352,2024,7,미소,2675000,21,2,0,regular,care_cleaning,primary
352,2024,8,미소,3091000,22,2,0,regular,care_cleaning,primary
352,2024,9,미소,2366000,16,2,1,regular,care_cleaning,primary
352,2024,10,미소,2899000,20,2,0,regular,care_cleaning,primary
352,2024,11,미소,2338000,16,2,0,regular,care_cleaning,primary
352,2024,12,미소,3117000,25,2,1,regular,care_cleaning,primary
352,2025,1,미소,2442000,15,2,1,regular,care_cleaning,primary
352,2025,2,미소,2405000,15,2,1,regular,care_cleaning,primary
352,2025,3,미소,3075000,22,2,0,regular,care_cleaning,primary
352,2025,4,미소,2721000,16,2,0,regular,care_cleaning,primary
352,2025,5,미소,2691000,16,2,0,regular,care_cleaning,primary
352,2025,6,미소,3014000,18,2,0,regular,care_cleaning,primary
352,2025,7,미소,2290000,17,2,0,regular,care_cleaning,primary
352,2025,8,미소,2438000,18,2,0,regular,care_cleaning,primary
352,2025,9,미소,3254000,20,2,1,regular,care_cleaning,primary
352,2025,10,미소,3098000,22,2,0,regular,care_cleaning,primary
352,2025,11,미소,3424000,26,2,0,regular,care_cleaning,primary
352,2025,12,미소,2850000,19,2,1,regular,care_cleaning,primary
352,2026,1,미소,2600000,18,2,1,regular,care_cleaning,primary
352,2026,2,미소,2538000,19,2,1,regular,care_cleaning,primary
352,2026,3,미소,2939000,22,2,0,regular,care_cleaning,primary
352,2026,4,미소,2815000,19,2,0,regular,care_cleaning,primary
352,2026,5,미소,3243000,20,2,0,regular,care_cleaning,primary
353,2024,6,클래스101,743000,7,1,0,regular,creative,occasional
353,2024,7,클래스101,714000,8,1,0,regular,creative,occasional
353,2024,8,클래스101,675000,7,1,0,regular,creative,occasional
353,2024,9,클래스101,661000,7,1,1,regular,creative,occasional
353,2024,10,클래스101,637000,6,1,0,regular,creative,occasional
353,2024,11,클래스101,568000,6,1,0,regular,creative,occasional
353,2024,12,클래스101,780000,8,1,1,regular,creative,occasional
353,2025,1,클래스101,791000,7,1,1,regular,creative,occasional
353,2025,2,클래스101,771000,8,1,1,regular,creative,occasional
353,2025,3,클래스101,689000,7,1,0,regular,creative,occasional
353,2025,4,클래스101,768000,8,1,0,regular,creative,occasional
353,2025,5,클래스101,695000,6,1,0,regular,creative,occasional
353,2025,6,클래스101,565000,6,1,0,regular,creative,occasional
353,2025,7,클래스101,629000,6,1,0,regular,creative,occasional
353,2025,8,클래스101,652000,5,1,0,regular,creative,occasional
353,2025,9,클래스101,808000,7,1,1,regular,creative,occasional
353,2025,10,클래스101,618000,7,1,0,regular,creative,occasional
353,2025,11,클래스101,816000,7,1,0,regular,creative,occasional
353,2025,12,클래스101,670000,7,1,1,regular,creative,occasional
353,2026,1,클래스101,647000,6,1,1,regular,creative,occasional
353,2026,2,클래스101,777000,7,1,1,regular,creative,occasional
353,2026,3,클래스101,703000,6,1,0,regular,creative,occasional
353,2026,4,클래스101,658000,5,1,0,regular,creative,occasional
353,2026,5,클래스101,604000,5,1,0,regular,creative,occasional
354,2024,6,유튜브,4038000,31,1,0,irregular,creative,primary
354,2024,7,유튜브,259000,2,1,0,irregular,creative,primary
354,2024,8,유튜브,3047000,26,1,0,irregular,creative,primary
354,2024,9,유튜브,0,0,0,1,irregular,creative,primary
354,2024,10,유튜브,753000,7,1,0,irregular,creative,primary
354,2024,11,유튜브,0,0,0,0,irregular,creative,primary
354,2024,12,유튜브,0,0,0,1,irregular,creative,primary
354,2025,1,유튜브,0,0,0,1,irregular,creative,primary
354,2025,2,유튜브,426000,3,1,1,irregular,creative,primary
354,2025,3,유튜브,0,0,0,0,irregular,creative,primary
354,2025,4,유튜브,1392000,9,1,0,irregular,creative,primary
354,2025,5,유튜브,1497000,13,1,0,irregular,creative,primary
354,2025,6,유튜브,0,0,0,0,irregular,creative,primary
354,2025,7,유튜브,317000,3,1,0,irregular,creative,primary
354,2025,8,유튜브,4925000,33,1,0,irregular,creative,primary
354,2025,9,유튜브,4598000,25,1,1,irregular,creative,primary
354,2025,10,유튜브,1449000,12,1,0,irregular,creative,primary
354,2025,11,유튜브,649000,6,1,0,irregular,creative,primary
354,2025,12,유튜브,1706000,13,1,1,irregular,creative,primary
354,2026,1,유튜브,1216000,10,1,1,irregular,creative,primary
354,2026,2,유튜브,1218000,11,1,1,irregular,creative,primary
354,2026,3,유튜브,1679000,15,1,0,irregular,creative,primary
354,2026,4,유튜브,0,0,0,0,irregular,creative,primary
354,2026,5,유튜브,0,0,0,0,irregular,creative,primary
355,2024,6,생각대로,2609000,19,1,0,regular,delivery_transport,primary
355,2024,7,생각대로,2520000,20,1,0,regular,delivery_transport,primary
355,2024,8,생각대로,3344000,32,1,0,regular,delivery_transport,primary
355,2024,9,생각대로,2455000,18,1,1,regular,delivery_transport,primary
355,2024,10,생각대로,3234000,28,1,0,regular,delivery_transport,primary
355,2024,11,생각대로,2492000,20,1,0,regular,delivery_transport,primary
355,2024,12,생각대로,3129000,23,1,1,regular,delivery_transport,primary
355,2025,1,생각대로,2474000,20,1,1,regular,delivery_transport,primary
355,2025,2,생각대로,1917000,18,1,1,regular,delivery_transport,primary
355,2025,3,생각대로,2827000,24,1,0,regular,delivery_transport,primary
355,2025,4,생각대로,1884000,17,1,0,regular,delivery_transport,primary
355,2025,5,생각대로,2546000,22,1,0,regular,delivery_transport,primary
355,2025,6,생각대로,2253000,21,1,0,regular,delivery_transport,primary
355,2025,7,생각대로,3149000,27,1,0,regular,delivery_transport,primary
355,2025,8,생각대로,2660000,20,1,0,regular,delivery_transport,primary
355,2025,9,생각대로,3221000,30,1,1,regular,delivery_transport,primary
355,2025,10,생각대로,3320000,31,1,0,regular,delivery_transport,primary
355,2025,11,생각대로,2745000,23,1,0,regular,delivery_transport,primary
355,2025,12,생각대로,2876000,26,1,1,regular,delivery_transport,primary
355,2026,1,생각대로,2253000,21,1,1,regular,delivery_transport,primary
355,2026,2,생각대로,2470000,22,1,1,regular,delivery_transport,primary
355,2026,3,생각대로,2467000,22,1,0,regular,delivery_transport,primary
355,2026,4,생각대로,2645000,23,1,0,regular,delivery_transport,primary
355,2026,5,생각대로,3033000,27,1,0,regular,delivery_transport,primary
356,2024,6,셀렉트스타,287000,10,2,0,regular,simple_computer,occasional
356,2024,7,셀렉트스타,234000,8,2,0,regular,simple_computer,occasional
356,2024,8,셀렉트스타,245000,10,2,0,regular,simple_computer,occasional
356,2024,9,셀렉트스타,221000,10,2,1,regular,simple_computer,occasional
356,2024,10,셀렉트스타,229000,10,2,0,regular,simple_computer,occasional
356,2024,11,셀렉트스타,207000,7,2,0,regular,simple_computer,occasional
356,2024,12,셀렉트스타,197000,9,2,1,regular,simple_computer,occasional
356,2025,1,셀렉트스타,311000,13,2,1,regular,simple_computer,occasional
356,2025,2,셀렉트스타,226000,10,2,1,regular,simple_computer,occasional
356,2025,3,셀렉트스타,222000,10,2,0,regular,simple_computer,occasional
356,2025,4,셀렉트스타,215000,9,2,0,regular,simple_computer,occasional
356,2025,5,셀렉트스타,286000,9,2,0,regular,simple_computer,occasional
356,2025,6,셀렉트스타,208000,7,2,0,regular,simple_computer,occasional
356,2025,7,셀렉트스타,267000,10,2,0,regular,simple_computer,occasional
356,2025,8,셀렉트스타,206000,9,2,0,regular,simple_computer,occasional
356,2025,9,셀렉트스타,234000,10,2,1,regular,simple_computer,occasional
356,2025,10,셀렉트스타,269000,9,2,0,regular,simple_computer,occasional
356,2025,11,셀렉트스타,210000,7,2,0,regular,simple_computer,occasional
356,2025,12,셀렉트스타,269000,12,2,1,regular,simple_computer,occasional
356,2026,1,셀렉트스타,266000,10,2,1,regular,simple_computer,occasional
356,2026,2,셀렉트스타,285000,12,2,1,regular,simple_computer,occasional
356,2026,3,셀렉트스타,262000,10,2,0,regular,simple_computer,occasional
356,2026,4,셀렉트스타,312000,12,2,0,regular,simple_computer,occasional
356,2026,5,셀렉트스타,264000,11,2,0,regular,simple_computer,occasional
357,2024,6,카카오모빌리티,1968000,29,2,0,regular,delivery_transport,primary
357,2024,7,카카오모빌리티,1208000,17,2,0,regular,delivery_transport,primary
357,2024,8,카카오모빌리티,1325000,15,2,0,regular,delivery_transport,primary
357,2024,9,카카오모빌리티,1865000,24,2,1,regular,delivery_transport,primary
357,2024,10,카카오모빌리티,1795000,22,2,0,regular,delivery_transport,primary
357,2024,11,카카오모빌리티,1596000,22,2,0,regular,delivery_transport,primary
357,2024,12,카카오모빌리티,1737000,20,2,1,regular,delivery_transport,primary
357,2025,1,카카오모빌리티,1712000,24,2,1,regular,delivery_transport,primary
357,2025,2,카카오모빌리티,1366000,17,2,1,regular,delivery_transport,primary
357,2025,3,카카오모빌리티,1448000,19,2,0,regular,delivery_transport,primary
357,2025,4,카카오모빌리티,1212000,15,2,0,regular,delivery_transport,primary
357,2025,5,카카오모빌리티,1159000,17,2,0,regular,delivery_transport,primary
357,2025,6,카카오모빌리티,1788000,23,2,0,regular,delivery_transport,primary
357,2025,7,카카오모빌리티,1505000,22,2,0,regular,delivery_transport,primary
357,2025,8,카카오모빌리티,1806000,22,2,0,regular,delivery_transport,primary
357,2025,9,카카오모빌리티,1272000,14,2,1,regular,delivery_transport,primary
357,2025,10,카카오모빌리티,2007000,28,2,0,regular,delivery_transport,primary
357,2025,11,카카오모빌리티,1456000,22,2,0,regular,delivery_transport,primary
357,2025,12,카카오모빌리티,1906000,22,2,1,regular,delivery_transport,primary
357,2026,1,카카오모빌리티,1763000,22,2,1,regular,delivery_transport,primary
357,2026,2,카카오모빌리티,1457000,20,2,1,regular,delivery_transport,primary
357,2026,3,카카오모빌리티,1637000,24,2,0,regular,delivery_transport,primary
357,2026,4,카카오모빌리티,1870000,21,2,0,regular,delivery_transport,primary
357,2026,5,카카오모빌리티,1666000,23,2,0,regular,delivery_transport,primary
358,2024,6,크몽,684000,4,2,0,regular,professional,occasional
358,2024,7,크몽,931000,5,2,0,regular,professional,occasional
358,2024,8,크몽,685000,4,2,0,regular,professional,occasional
358,2024,9,크몽,823000,5,2,1,regular,professional,occasional
358,2024,10,크몽,906000,6,2,0,regular,professional,occasional
358,2024,11,크몽,920000,6,2,0,regular,professional,occasional
358,2024,12,크몽,928000,6,2,1,regular,professional,occasional
358,2025,1,크몽,732000,4,2,1,regular,professional,occasional
358,2025,2,크몽,947000,6,2,1,regular,professional,occasional
358,2025,3,크몽,845000,6,2,0,regular,professional,occasional
358,2025,4,크몽,856000,5,2,0,regular,professional,occasional
358,2025,5,크몽,911000,5,2,0,regular,professional,occasional
358,2025,6,크몽,976000,6,2,0,regular,professional,occasional
358,2025,7,크몽,845000,6,2,0,regular,professional,occasional
358,2025,8,크몽,841000,5,2,0,regular,professional,occasional
358,2025,9,크몽,642000,4,2,1,regular,professional,occasional
358,2025,10,크몽,971000,6,2,0,regular,professional,occasional
358,2025,11,크몽,663000,4,2,0,regular,professional,occasional
358,2025,12,크몽,967000,7,2,1,regular,professional,occasional
358,2026,1,크몽,859000,7,2,1,regular,professional,occasional
358,2026,2,크몽,831000,6,2,1,regular,professional,occasional
358,2026,3,크몽,674000,4,2,0,regular,professional,occasional
358,2026,4,크몽,789000,6,2,0,regular,professional,occasional
358,2026,5,크몽,882000,6,2,0,regular,professional,occasional
359,2024,6,크라우드웍스,0,0,0,0,irregular,simple_computer,occasional
359,2024,7,크라우드웍스,0,0,0,0,irregular,simple_computer,occasional
359,2024,8,크라우드웍스,0,0,0,0,irregular,simple_computer,occasional
359,2024,9,크라우드웍스,0,0,0,1,irregular,simple_computer,occasional
359,2024,10,크라우드웍스,0,0,0,0,irregular,simple_computer,occasional
359,2024,11,크라우드웍스,0,0,0,0,irregular,simple_computer,occasional
359,2024,12,크라우드웍스,660000,14,2,1,irregular,simple_computer,occasional
359,2025,1,크라우드웍스,1023000,14,2,1,irregular,simple_computer,occasional
359,2025,2,크라우드웍스,160000,5,2,1,irregular,simple_computer,occasional
359,2025,3,크라우드웍스,57000,2,1,0,irregular,simple_computer,occasional
359,2025,4,크라우드웍스,145000,4,2,0,irregular,simple_computer,occasional
359,2025,5,크라우드웍스,465000,14,2,0,irregular,simple_computer,occasional
359,2025,6,크라우드웍스,375000,9,2,0,irregular,simple_computer,occasional
359,2025,7,크라우드웍스,0,0,0,0,irregular,simple_computer,occasional
359,2025,8,크라우드웍스,155000,4,2,0,irregular,simple_computer,occasional
359,2025,9,크라우드웍스,0,0,0,1,irregular,simple_computer,occasional
359,2025,10,크라우드웍스,0,0,0,0,irregular,simple_computer,occasional
359,2025,11,크라우드웍스,0,0,0,0,irregular,simple_computer,occasional
359,2025,12,크라우드웍스,0,0,0,1,irregular,simple_computer,occasional
359,2026,1,크라우드웍스,0,0,0,1,irregular,simple_computer,occasional
359,2026,2,크라우드웍스,0,0,0,1,irregular,simple_computer,occasional
359,2026,3,크라우드웍스,217000,7,2,0,irregular,simple_computer,occasional
359,2026,4,크라우드웍스,306000,9,2,0,irregular,simple_computer,occasional
359,2026,5,크라우드웍스,528000,11,2,0,irregular,simple_computer,occasional
360,2024,6,미소,1356000,29,1,0,regular,care_cleaning,primary
360,2024,7,미소,998000,25,1,0,regular,care_cleaning,primary
360,2024,8,미소,1105000,23,1,0,regular,care_cleaning,primary
360,2024,9,미소,1038000,22,1,1,regular,care_cleaning,primary
360,2024,10,미소,1132000,27,1,0,regular,care_cleaning,primary
360,2024,11,미소,1100000,21,1,0,regular,care_cleaning,primary
360,2024,12,미소,987000,24,1,1,regular,care_cleaning,primary
360,2025,1,미소,1034000,21,1,1,regular,care_cleaning,primary
360,2025,2,미소,950000,18,1,1,regular,care_cleaning,primary
360,2025,3,미소,1207000,23,1,0,regular,care_cleaning,primary
360,2025,4,미소,1142000,23,1,0,regular,care_cleaning,primary
360,2025,5,미소,1253000,26,1,0,regular,care_cleaning,primary
360,2025,6,미소,1045000,26,1,0,regular,care_cleaning,primary
360,2025,7,미소,893000,22,1,0,regular,care_cleaning,primary
360,2025,8,미소,969000,20,1,0,regular,care_cleaning,primary
360,2025,9,미소,1108000,27,1,1,regular,care_cleaning,primary
360,2025,10,미소,1299000,25,1,0,regular,care_cleaning,primary
360,2025,11,미소,1304000,28,1,0,regular,care_cleaning,primary
360,2025,12,미소,1114000,26,1,1,regular,care_cleaning,primary
360,2026,1,미소,989000,20,1,1,regular,care_cleaning,primary
360,2026,2,미소,1127000,26,1,1,regular,care_cleaning,primary
360,2026,3,미소,1143000,22,1,0,regular,care_cleaning,primary
360,2026,4,미소,1080000,20,1,0,regular,care_cleaning,primary
360,2026,5,미소,1317000,33,1,0,regular,care_cleaning,primary
361,2024,6,생각대로,350000,6,2,0,regular,delivery_transport,occasional
361,2024,7,생각대로,398000,7,2,0,regular,delivery_transport,occasional
361,2024,8,생각대로,478000,7,2,0,regular,delivery_transport,occasional
361,2024,9,생각대로,433000,6,2,1,regular,delivery_transport,occasional
361,2024,10,생각대로,449000,6,2,0,regular,delivery_transport,occasional
361,2024,11,생각대로,518000,8,2,0,regular,delivery_transport,occasional
361,2024,12,생각대로,372000,5,2,1,regular,delivery_transport,occasional
361,2025,1,생각대로,361000,6,2,1,regular,delivery_transport,occasional
361,2025,2,생각대로,415000,6,2,1,regular,delivery_transport,occasional
361,2025,3,생각대로,387000,6,2,0,regular,delivery_transport,occasional
361,2025,4,생각대로,417000,7,2,0,regular,delivery_transport,occasional
361,2025,5,생각대로,515000,9,2,0,regular,delivery_transport,occasional
361,2025,6,생각대로,539000,10,2,0,regular,delivery_transport,occasional
361,2025,7,생각대로,690000,9,2,0,regular,delivery_transport,occasional
361,2025,8,생각대로,527000,9,2,0,regular,delivery_transport,occasional
361,2025,9,생각대로,357000,6,2,1,regular,delivery_transport,occasional
361,2025,10,생각대로,420000,7,2,0,regular,delivery_transport,occasional
361,2025,11,생각대로,449000,6,2,0,regular,delivery_transport,occasional
361,2025,12,생각대로,490000,9,2,1,regular,delivery_transport,occasional
361,2026,1,생각대로,379000,7,2,1,regular,delivery_transport,occasional
361,2026,2,생각대로,310000,5,2,1,regular,delivery_transport,occasional
361,2026,3,생각대로,525000,7,2,0,regular,delivery_transport,occasional
361,2026,4,생각대로,526000,8,2,0,regular,delivery_transport,occasional
361,2026,5,생각대로,441000,7,2,0,regular,delivery_transport,occasional
362,2024,6,로지올,1532000,20,2,0,irregular,delivery_transport,primary
362,2024,7,로지올,1241000,13,2,0,irregular,delivery_transport,primary
362,2024,8,로지올,1216000,15,2,0,irregular,delivery_transport,primary
362,2024,9,로지올,1698000,22,2,1,irregular,delivery_transport,primary
362,2024,10,로지올,2558000,26,2,0,irregular,delivery_transport,primary
362,2024,11,로지올,3112000,26,2,0,irregular,delivery_transport,primary
362,2024,12,로지올,1614000,18,2,1,irregular,delivery_transport,primary
362,2025,1,로지올,2917000,31,2,1,irregular,delivery_transport,primary
362,2025,2,로지올,2212000,28,2,1,irregular,delivery_transport,primary
362,2025,3,로지올,799000,10,1,0,irregular,delivery_transport,primary
362,2025,4,로지올,1243000,13,2,0,irregular,delivery_transport,primary
362,2025,5,로지올,0,0,0,0,irregular,delivery_transport,primary
362,2025,6,로지올,1186000,14,2,0,irregular,delivery_transport,primary
362,2025,7,로지올,0,0,0,0,irregular,delivery_transport,primary
362,2025,8,로지올,1435000,14,2,0,irregular,delivery_transport,primary
362,2025,9,로지올,1039000,11,2,1,irregular,delivery_transport,primary
362,2025,10,로지올,0,0,0,0,irregular,delivery_transport,primary
362,2025,11,로지올,750000,8,1,0,irregular,delivery_transport,primary
362,2025,12,로지올,1660000,18,2,1,irregular,delivery_transport,primary
362,2026,1,로지올,694000,9,1,1,irregular,delivery_transport,primary
362,2026,2,로지올,1614000,20,2,1,irregular,delivery_transport,primary
362,2026,3,로지올,1353000,17,2,0,irregular,delivery_transport,primary
362,2026,4,로지올,1110000,14,2,0,irregular,delivery_transport,primary
362,2026,5,로지올,4780000,34,2,0,irregular,delivery_transport,primary
363,2024,6,바로고,323000,4,1,0,irregular,delivery_transport,occasional
363,2024,7,바로고,306000,3,1,0,irregular,delivery_transport,occasional
363,2024,8,바로고,472000,6,1,0,irregular,delivery_transport,occasional
363,2024,9,바로고,333000,3,1,1,irregular,delivery_transport,occasional
363,2024,10,바로고,345000,4,1,0,irregular,delivery_transport,occasional
363,2024,11,바로고,389000,5,1,0,irregular,delivery_transport,occasional
363,2024,12,바로고,417000,5,1,1,irregular,delivery_transport,occasional
363,2025,1,바로고,239000,2,1,1,irregular,delivery_transport,occasional
363,2025,2,바로고,544000,7,1,1,irregular,delivery_transport,occasional
363,2025,3,바로고,391000,4,1,0,irregular,delivery_transport,occasional
363,2025,4,바로고,494000,5,1,0,irregular,delivery_transport,occasional
363,2025,5,바로고,717000,9,1,0,irregular,delivery_transport,occasional
363,2025,6,바로고,702000,7,1,0,irregular,delivery_transport,occasional
363,2025,7,바로고,651000,8,1,0,irregular,delivery_transport,occasional
363,2025,8,바로고,851000,10,1,0,irregular,delivery_transport,occasional
363,2025,9,바로고,1066000,11,1,1,irregular,delivery_transport,occasional
363,2025,10,바로고,3374000,9,1,0,irregular,delivery_transport,occasional
363,2025,11,바로고,760000,9,1,0,irregular,delivery_transport,occasional
363,2025,12,바로고,521000,6,1,1,irregular,delivery_transport,occasional
363,2026,1,바로고,752000,8,1,1,irregular,delivery_transport,occasional
363,2026,2,바로고,276000,3,1,1,irregular,delivery_transport,occasional
363,2026,3,바로고,0,0,0,0,irregular,delivery_transport,occasional
363,2026,4,바로고,0,0,0,0,irregular,delivery_transport,occasional
363,2026,5,바로고,0,0,0,0,irregular,delivery_transport,occasional
364,2024,6,쿠팡이츠,1693000,22,2,0,seasonal,delivery_transport,primary
364,2024,7,쿠팡이츠,2096000,25,2,0,seasonal,delivery_transport,primary
364,2024,8,쿠팡이츠,2266000,34,2,0,seasonal,delivery_transport,primary
364,2024,9,쿠팡이츠,2075000,23,2,1,seasonal,delivery_transport,primary
364,2024,10,쿠팡이츠,1941000,24,2,0,seasonal,delivery_transport,primary
364,2024,11,쿠팡이츠,2153000,27,2,0,seasonal,delivery_transport,primary
364,2024,12,쿠팡이츠,2167000,26,2,1,seasonal,delivery_transport,primary
364,2025,1,쿠팡이츠,1982000,27,2,1,seasonal,delivery_transport,primary
364,2025,2,쿠팡이츠,1739000,22,2,1,seasonal,delivery_transport,primary
364,2025,3,쿠팡이츠,1934000,23,2,0,seasonal,delivery_transport,primary
364,2025,4,쿠팡이츠,1781000,24,2,0,seasonal,delivery_transport,primary
364,2025,5,쿠팡이츠,2024000,27,2,0,seasonal,delivery_transport,primary
364,2025,6,쿠팡이츠,2013000,30,2,0,seasonal,delivery_transport,primary
364,2025,7,쿠팡이츠,2219000,25,2,0,seasonal,delivery_transport,primary
364,2025,8,쿠팡이츠,2441000,28,2,0,seasonal,delivery_transport,primary
364,2025,9,쿠팡이츠,1834000,27,2,1,seasonal,delivery_transport,primary
364,2025,10,쿠팡이츠,1916000,23,2,0,seasonal,delivery_transport,primary
364,2025,11,쿠팡이츠,2320000,33,2,0,seasonal,delivery_transport,primary
364,2025,12,쿠팡이츠,2380000,27,2,1,seasonal,delivery_transport,primary
364,2026,1,쿠팡이츠,1946000,25,2,1,seasonal,delivery_transport,primary
364,2026,2,쿠팡이츠,1933000,29,2,1,seasonal,delivery_transport,primary
364,2026,3,쿠팡이츠,2048000,23,2,0,seasonal,delivery_transport,primary
364,2026,4,쿠팡이츠,1804000,23,2,0,seasonal,delivery_transport,primary
364,2026,5,쿠팡이츠,1648000,20,2,0,seasonal,delivery_transport,primary
365,2024,6,요기요,1455000,18,2,0,regular,delivery_transport,primary
365,2024,7,요기요,2224000,26,2,0,regular,delivery_transport,primary
365,2024,8,요기요,2441000,27,2,0,regular,delivery_transport,primary
365,2024,9,요기요,2267000,24,2,1,regular,delivery_transport,primary
365,2024,10,요기요,1910000,25,2,0,regular,delivery_transport,primary
365,2024,11,요기요,1997000,21,2,0,regular,delivery_transport,primary
365,2024,12,요기요,2610000,30,2,1,regular,delivery_transport,primary
365,2025,1,요기요,1383000,15,2,1,regular,delivery_transport,primary
365,2025,2,요기요,2227000,25,2,1,regular,delivery_transport,primary
365,2025,3,요기요,1881000,21,2,0,regular,delivery_transport,primary
365,2025,4,요기요,1513000,16,2,0,regular,delivery_transport,primary
365,2025,5,요기요,2436000,29,2,0,regular,delivery_transport,primary
365,2025,6,요기요,1858000,22,2,0,regular,delivery_transport,primary
365,2025,7,요기요,2521000,28,2,0,regular,delivery_transport,primary
365,2025,8,요기요,1958000,22,2,0,regular,delivery_transport,primary
365,2025,9,요기요,2140000,28,2,1,regular,delivery_transport,primary
365,2025,10,요기요,1635000,19,2,0,regular,delivery_transport,primary
365,2025,11,요기요,2210000,24,2,0,regular,delivery_transport,primary
365,2025,12,요기요,2117000,21,2,1,regular,delivery_transport,primary
365,2026,1,요기요,1818000,19,2,1,regular,delivery_transport,primary
365,2026,2,요기요,1682000,19,2,1,regular,delivery_transport,primary
365,2026,3,요기요,2490000,26,2,0,regular,delivery_transport,primary
365,2026,4,요기요,2413000,28,2,0,regular,delivery_transport,primary
365,2026,5,요기요,2430000,29,2,0,regular,delivery_transport,primary
366,2024,6,생각대로,938000,13,1,0,regular,delivery_transport,secondary
366,2024,7,생각대로,920000,13,1,0,regular,delivery_transport,secondary
366,2024,8,생각대로,915000,14,1,0,regular,delivery_transport,secondary
366,2024,9,생각대로,904000,15,1,1,regular,delivery_transport,secondary
366,2024,10,생각대로,939000,13,1,0,regular,delivery_transport,secondary
366,2024,11,생각대로,993000,13,1,0,regular,delivery_transport,secondary
366,2024,12,생각대로,1098000,14,1,1,regular,delivery_transport,secondary
366,2025,1,생각대로,675000,9,1,1,regular,delivery_transport,secondary
366,2025,2,생각대로,942000,15,1,1,regular,delivery_transport,secondary
366,2025,3,생각대로,1203000,16,1,0,regular,delivery_transport,secondary
366,2025,4,생각대로,893000,13,1,0,regular,delivery_transport,secondary
366,2025,5,생각대로,1099000,16,1,0,regular,delivery_transport,secondary
366,2025,6,생각대로,905000,12,1,0,regular,delivery_transport,secondary
366,2025,7,생각대로,1105000,13,1,0,regular,delivery_transport,secondary
366,2025,8,생각대로,927000,15,1,0,regular,delivery_transport,secondary
366,2025,9,생각대로,966000,15,1,1,regular,delivery_transport,secondary
366,2025,10,생각대로,1013000,16,1,0,regular,delivery_transport,secondary
366,2025,11,생각대로,989000,13,1,0,regular,delivery_transport,secondary
366,2025,12,생각대로,997000,14,1,1,regular,delivery_transport,secondary
366,2026,1,생각대로,904000,11,1,1,regular,delivery_transport,secondary
366,2026,2,생각대로,825000,10,1,1,regular,delivery_transport,secondary
366,2026,3,생각대로,873000,14,1,0,regular,delivery_transport,secondary
366,2026,4,생각대로,715000,11,1,0,regular,delivery_transport,secondary
366,2026,5,생각대로,794000,12,1,0,regular,delivery_transport,secondary
367,2024,6,배달의민족,0,0,0,0,irregular,delivery_transport,occasional
367,2024,7,배달의민족,757000,7,2,0,irregular,delivery_transport,occasional
367,2024,8,배달의민족,533000,5,2,0,irregular,delivery_transport,occasional
367,2024,9,배달의민족,0,0,0,1,irregular,delivery_transport,occasional
367,2024,10,배달의민족,500000,6,2,0,irregular,delivery_transport,occasional
367,2024,11,배달의민족,1179000,5,2,0,irregular,delivery_transport,occasional
367,2024,12,배달의민족,1005000,6,2,1,irregular,delivery_transport,occasional
367,2025,1,배달의민족,1249000,6,2,1,irregular,delivery_transport,occasional
367,2025,2,배달의민족,557000,7,2,1,irregular,delivery_transport,occasional
367,2025,3,배달의민족,999000,6,2,0,irregular,delivery_transport,occasional
367,2025,4,배달의민족,986000,7,2,0,irregular,delivery_transport,occasional
367,2025,5,배달의민족,1206000,5,2,0,irregular,delivery_transport,occasional
367,2025,6,배달의민족,1204000,6,2,0,irregular,delivery_transport,occasional
367,2025,7,배달의민족,1812000,6,2,0,irregular,delivery_transport,occasional
367,2025,8,배달의민족,2363000,6,2,0,irregular,delivery_transport,occasional
367,2025,9,배달의민족,1747000,6,2,1,irregular,delivery_transport,occasional
367,2025,10,배달의민족,2291000,6,2,0,irregular,delivery_transport,occasional
367,2025,11,배달의민족,2087000,7,2,0,irregular,delivery_transport,occasional
367,2025,12,배달의민족,1766000,6,2,1,irregular,delivery_transport,occasional
367,2026,1,배달의민족,1276000,6,2,1,irregular,delivery_transport,occasional
367,2026,2,배달의민족,795000,6,2,1,irregular,delivery_transport,occasional
367,2026,3,배달의민족,2920000,6,2,0,irregular,delivery_transport,occasional
367,2026,4,배달의민족,1917000,7,2,0,irregular,delivery_transport,occasional
367,2026,5,배달의민족,1351000,6,2,0,irregular,delivery_transport,occasional
368,2024,6,생각대로,3143000,26,2,0,regular,delivery_transport,primary
368,2024,7,생각대로,2994000,22,2,0,regular,delivery_transport,primary
368,2024,8,생각대로,2793000,22,2,0,regular,delivery_transport,primary
368,2024,9,생각대로,2931000,23,2,1,regular,delivery_transport,primary
368,2024,10,생각대로,2926000,26,2,0,regular,delivery_transport,primary
368,2024,11,생각대로,2816000,24,2,0,regular,delivery_transport,primary
368,2024,12,생각대로,3031000,24,2,1,regular,delivery_transport,primary
368,2025,1,생각대로,2878000,23,2,1,regular,delivery_transport,primary
368,2025,2,생각대로,2585000,25,2,1,regular,delivery_transport,primary
368,2025,3,생각대로,3295000,24,2,0,regular,delivery_transport,primary
368,2025,4,생각대로,2865000,25,2,0,regular,delivery_transport,primary
368,2025,5,생각대로,3271000,32,2,0,regular,delivery_transport,primary
368,2025,6,생각대로,2924000,22,2,0,regular,delivery_transport,primary
368,2025,7,생각대로,3215000,28,2,0,regular,delivery_transport,primary
368,2025,8,생각대로,2948000,27,2,0,regular,delivery_transport,primary
368,2025,9,생각대로,2967000,24,2,1,regular,delivery_transport,primary
368,2025,10,생각대로,2994000,30,2,0,regular,delivery_transport,primary
368,2025,11,생각대로,3276000,26,2,0,regular,delivery_transport,primary
368,2025,12,생각대로,4059000,28,2,1,regular,delivery_transport,primary
368,2026,1,생각대로,2201000,21,2,1,regular,delivery_transport,primary
368,2026,2,생각대로,2605000,20,2,1,regular,delivery_transport,primary
368,2026,3,생각대로,3017000,24,2,0,regular,delivery_transport,primary
368,2026,4,생각대로,3065000,24,2,0,regular,delivery_transport,primary
368,2026,5,생각대로,2868000,22,2,0,regular,delivery_transport,primary
369,2024,6,카카오T대리,861000,9,2,0,seasonal,delivery_transport,occasional
369,2024,7,카카오T대리,799000,9,2,0,seasonal,delivery_transport,occasional
369,2024,8,카카오T대리,703000,7,2,0,seasonal,delivery_transport,occasional
369,2024,9,카카오T대리,801000,10,2,1,seasonal,delivery_transport,occasional
369,2024,10,카카오T대리,823000,10,2,0,seasonal,delivery_transport,occasional
369,2024,11,카카오T대리,1055000,12,2,0,seasonal,delivery_transport,occasional
369,2024,12,카카오T대리,1007000,11,2,1,seasonal,delivery_transport,occasional
369,2025,1,카카오T대리,532000,6,2,1,seasonal,delivery_transport,occasional
369,2025,2,카카오T대리,680000,8,2,1,seasonal,delivery_transport,occasional
369,2025,3,카카오T대리,673000,8,2,0,seasonal,delivery_transport,occasional
369,2025,4,카카오T대리,860000,9,2,0,seasonal,delivery_transport,occasional
369,2025,5,카카오T대리,805000,10,2,0,seasonal,delivery_transport,occasional
369,2025,6,카카오T대리,794000,7,2,0,seasonal,delivery_transport,occasional
369,2025,7,카카오T대리,524000,6,2,0,seasonal,delivery_transport,occasional
369,2025,8,카카오T대리,771000,8,2,0,seasonal,delivery_transport,occasional
369,2025,9,카카오T대리,737000,7,2,1,seasonal,delivery_transport,occasional
369,2025,10,카카오T대리,807000,10,2,0,seasonal,delivery_transport,occasional
369,2025,11,카카오T대리,970000,12,2,0,seasonal,delivery_transport,occasional
369,2025,12,카카오T대리,935000,10,2,1,seasonal,delivery_transport,occasional
369,2026,1,카카오T대리,450000,5,2,1,seasonal,delivery_transport,occasional
369,2026,2,카카오T대리,545000,6,2,1,seasonal,delivery_transport,occasional
369,2026,3,카카오T대리,738000,7,2,0,seasonal,delivery_transport,occasional
369,2026,4,카카오T대리,786000,8,2,0,seasonal,delivery_transport,occasional
369,2026,5,카카오T대리,656000,7,2,0,seasonal,delivery_transport,occasional
370,2024,6,쿠팡이츠,665000,12,1,0,seasonal,delivery_transport,occasional
370,2024,7,쿠팡이츠,654000,10,1,0,seasonal,delivery_transport,occasional
370,2024,8,쿠팡이츠,799000,12,1,0,seasonal,delivery_transport,occasional
370,2024,9,쿠팡이츠,657000,11,1,1,seasonal,delivery_transport,occasional
370,2024,10,쿠팡이츠,641000,11,1,0,seasonal,delivery_transport,occasional
370,2024,11,쿠팡이츠,748000,12,1,0,seasonal,delivery_transport,occasional
370,2024,12,쿠팡이츠,787000,12,1,1,seasonal,delivery_transport,occasional
370,2025,1,쿠팡이츠,575000,9,1,1,seasonal,delivery_transport,occasional
370,2025,2,쿠팡이츠,540000,10,1,1,seasonal,delivery_transport,occasional
370,2025,3,쿠팡이츠,454000,7,1,0,seasonal,delivery_transport,occasional
370,2025,4,쿠팡이츠,678000,10,1,0,seasonal,delivery_transport,occasional
370,2025,5,쿠팡이츠,563000,9,1,0,seasonal,delivery_transport,occasional
370,2025,6,쿠팡이츠,545000,10,1,0,seasonal,delivery_transport,occasional
370,2025,7,쿠팡이츠,680000,10,1,0,seasonal,delivery_transport,occasional
370,2025,8,쿠팡이츠,589000,10,1,0,seasonal,delivery_transport,occasional
370,2025,9,쿠팡이츠,489000,8,1,1,seasonal,delivery_transport,occasional
370,2025,10,쿠팡이츠,557000,8,1,0,seasonal,delivery_transport,occasional
370,2025,11,쿠팡이츠,552000,10,1,0,seasonal,delivery_transport,occasional
370,2025,12,쿠팡이츠,606000,11,1,1,seasonal,delivery_transport,occasional
370,2026,1,쿠팡이츠,543000,10,1,1,seasonal,delivery_transport,occasional
370,2026,2,쿠팡이츠,465000,7,1,1,seasonal,delivery_transport,occasional
370,2026,3,쿠팡이츠,510000,8,1,0,seasonal,delivery_transport,occasional
370,2026,4,쿠팡이츠,584000,10,1,0,seasonal,delivery_transport,occasional
370,2026,5,쿠팡이츠,620000,9,1,0,seasonal,delivery_transport,occasional
371,2024,6,크몽,463000,4,2,0,regular,professional,occasional
371,2024,7,크몽,611000,5,2,0,regular,professional,occasional
371,2024,8,크몽,663000,5,2,0,regular,professional,occasional
371,2024,9,크몽,570000,4,2,1,regular,professional,occasional
371,2024,10,크몽,799000,6,2,0,regular,professional,occasional
371,2024,11,크몽,730000,6,2,0,regular,professional,occasional
371,2024,12,크몽,674000,6,2,1,regular,professional,occasional
371,2025,1,크몽,679000,6,2,1,regular,professional,occasional
371,2025,2,크몽,523000,4,2,1,regular,professional,occasional
371,2025,3,크몽,603000,5,2,0,regular,professional,occasional
371,2025,4,크몽,678000,6,2,0,regular,professional,occasional
371,2025,5,크몽,607000,4,2,0,regular,professional,occasional
371,2025,6,크몽,764000,5,2,0,regular,professional,occasional
371,2025,7,크몽,826000,7,2,0,regular,professional,occasional
371,2025,8,크몽,553000,4,2,0,regular,professional,occasional
371,2025,9,크몽,536000,4,2,1,regular,professional,occasional
371,2025,10,크몽,695000,6,2,0,regular,professional,occasional
371,2025,11,크몽,688000,5,2,0,regular,professional,occasional
371,2025,12,크몽,822000,7,2,1,regular,professional,occasional
371,2026,1,크몽,544000,5,2,1,regular,professional,occasional
371,2026,2,크몽,509000,4,2,1,regular,professional,occasional
371,2026,3,크몽,468000,3,2,0,regular,professional,occasional
371,2026,4,크몽,557000,5,2,0,regular,professional,occasional
371,2026,5,크몽,638000,5,2,0,regular,professional,occasional
372,2024,6,카카오T대리,955000,7,1,0,irregular,delivery_transport,primary
372,2024,7,카카오T대리,1218000,9,1,0,irregular,delivery_transport,primary
372,2024,8,카카오T대리,2284000,20,1,0,irregular,delivery_transport,primary
372,2024,9,카카오T대리,0,0,0,1,irregular,delivery_transport,primary
372,2024,10,카카오T대리,1023000,7,1,0,irregular,delivery_transport,primary
372,2024,11,카카오T대리,1230000,10,1,0,irregular,delivery_transport,primary
372,2024,12,카카오T대리,1113000,8,1,1,irregular,delivery_transport,primary
372,2025,1,카카오T대리,0,0,0,1,irregular,delivery_transport,primary
372,2025,2,카카오T대리,1488000,11,1,1,irregular,delivery_transport,primary
372,2025,3,카카오T대리,2609000,22,1,0,irregular,delivery_transport,primary
372,2025,4,카카오T대리,3171000,26,1,0,irregular,delivery_transport,primary
372,2025,5,카카오T대리,1276000,10,1,0,irregular,delivery_transport,primary
372,2025,6,카카오T대리,0,0,0,0,irregular,delivery_transport,primary
372,2025,7,카카오T대리,1073000,8,1,0,irregular,delivery_transport,primary
372,2025,8,카카오T대리,1259000,10,1,0,irregular,delivery_transport,primary
372,2025,9,카카오T대리,2192000,18,1,1,irregular,delivery_transport,primary
372,2025,10,카카오T대리,1928000,16,1,0,irregular,delivery_transport,primary
372,2025,11,카카오T대리,2951000,23,1,0,irregular,delivery_transport,primary
372,2025,12,카카오T대리,3489000,25,1,1,irregular,delivery_transport,primary
372,2026,1,카카오T대리,4112000,24,1,1,irregular,delivery_transport,primary
372,2026,2,카카오T대리,3094000,28,1,1,irregular,delivery_transport,primary
372,2026,3,카카오T대리,1696000,13,1,0,irregular,delivery_transport,primary
372,2026,4,카카오T대리,1811000,15,1,0,irregular,delivery_transport,primary
372,2026,5,카카오T대리,1539000,12,1,0,irregular,delivery_transport,primary
373,2024,6,배달의민족,1560000,21,1,0,regular,delivery_transport,primary
373,2024,7,배달의민족,1363000,15,1,0,regular,delivery_transport,primary
373,2024,8,배달의민족,1553000,18,1,0,regular,delivery_transport,primary
373,2024,9,배달의민족,1519000,21,1,1,regular,delivery_transport,primary
373,2024,10,배달의민족,1369000,18,1,0,regular,delivery_transport,primary
373,2024,11,배달의민족,1681000,25,1,0,regular,delivery_transport,primary
373,2024,12,배달의민족,1412000,19,1,1,regular,delivery_transport,primary
373,2025,1,배달의민족,1430000,20,1,1,regular,delivery_transport,primary
373,2025,2,배달의민족,1347000,17,1,1,regular,delivery_transport,primary
373,2025,3,배달의민족,1563000,21,1,0,regular,delivery_transport,primary
373,2025,4,배달의민족,1638000,22,1,0,regular,delivery_transport,primary
373,2025,5,배달의민족,1408000,18,1,0,regular,delivery_transport,primary
373,2025,6,배달의민족,1542000,19,1,0,regular,delivery_transport,primary
373,2025,7,배달의민족,1561000,19,1,0,regular,delivery_transport,primary
373,2025,8,배달의민족,1384000,18,1,0,regular,delivery_transport,primary
373,2025,9,배달의민족,1509000,19,1,1,regular,delivery_transport,primary
373,2025,10,배달의민족,1380000,17,1,0,regular,delivery_transport,primary
373,2025,11,배달의민족,1429000,21,1,0,regular,delivery_transport,primary
373,2025,12,배달의민족,1405000,18,1,1,regular,delivery_transport,primary
373,2026,1,배달의민족,1359000,20,1,1,regular,delivery_transport,primary
373,2026,2,배달의민족,1613000,22,1,1,regular,delivery_transport,primary
373,2026,3,배달의민족,1474000,19,1,0,regular,delivery_transport,primary
373,2026,4,배달의민족,1515000,20,1,0,regular,delivery_transport,primary
373,2026,5,배달의민족,1299000,18,1,0,regular,delivery_transport,primary
374,2024,6,탈잉,727000,11,3,0,irregular,creative,primary
374,2024,7,탈잉,0,0,0,0,irregular,creative,primary
374,2024,8,탈잉,1133000,17,3,0,irregular,creative,primary
374,2024,9,탈잉,0,0,0,1,irregular,creative,primary
374,2024,10,탈잉,3942000,30,3,0,irregular,creative,primary
374,2024,11,탈잉,0,0,0,0,irregular,creative,primary
374,2024,12,탈잉,0,0,0,1,irregular,creative,primary
374,2025,1,탈잉,3489000,26,3,1,irregular,creative,primary
374,2025,2,탈잉,810000,12,3,1,irregular,creative,primary
374,2025,3,탈잉,1269000,18,3,0,irregular,creative,primary
374,2025,4,탈잉,243000,3,2,0,irregular,creative,primary
374,2025,5,탈잉,405000,5,2,0,irregular,creative,primary
374,2025,6,탈잉,0,0,0,0,irregular,creative,primary
374,2025,7,탈잉,1213000,18,3,0,irregular,creative,primary
374,2025,8,탈잉,1680000,20,3,0,irregular,creative,primary
374,2025,9,탈잉,1315000,21,3,1,irregular,creative,primary
374,2025,10,탈잉,2235000,33,3,0,irregular,creative,primary
374,2025,11,탈잉,0,0,0,0,irregular,creative,primary
374,2025,12,탈잉,0,0,0,1,irregular,creative,primary
374,2026,1,탈잉,3920000,25,3,1,irregular,creative,primary
374,2026,2,탈잉,0,0,0,1,irregular,creative,primary
374,2026,3,탈잉,2020000,28,3,0,irregular,creative,primary
374,2026,4,탈잉,4891000,24,3,0,irregular,creative,primary
374,2026,5,탈잉,2942000,32,3,0,irregular,creative,primary
375,2024,6,크몽,0,0,0,0,irregular,professional,secondary
375,2024,7,크몽,1057000,12,2,0,irregular,professional,secondary
375,2024,8,크몽,2148000,20,2,0,irregular,professional,secondary
375,2024,9,크몽,4039000,16,2,1,irregular,professional,secondary
375,2024,10,크몽,4225000,18,2,0,irregular,professional,secondary
375,2024,11,크몽,0,0,0,0,irregular,professional,secondary
375,2024,12,크몽,0,0,0,1,irregular,professional,secondary
375,2025,1,크몽,892000,8,2,1,irregular,professional,secondary
375,2025,2,크몽,1196000,11,2,1,irregular,professional,secondary
375,2025,3,크몽,0,0,0,0,irregular,professional,secondary
375,2025,4,크몽,1136000,13,2,0,irregular,professional,secondary
375,2025,5,크몽,1152000,13,2,0,irregular,professional,secondary
375,2025,6,크몽,799000,9,2,0,irregular,professional,secondary
375,2025,7,크몽,670000,7,2,0,irregular,professional,secondary
375,2025,8,크몽,1020000,10,2,0,irregular,professional,secondary
375,2025,9,크몽,1623000,19,2,1,irregular,professional,secondary
375,2025,10,크몽,6969000,20,2,0,irregular,professional,secondary
375,2025,11,크몽,0,0,0,0,irregular,professional,secondary
375,2025,12,크몽,913000,10,2,1,irregular,professional,secondary
375,2026,1,크몽,1587000,16,2,1,irregular,professional,secondary
375,2026,2,크몽,659000,7,2,1,irregular,professional,secondary
375,2026,3,크몽,3518000,21,2,0,irregular,professional,secondary
375,2026,4,크몽,3817000,21,2,0,irregular,professional,secondary
375,2026,5,크몽,3296000,17,2,0,irregular,professional,secondary
376,2024,6,쿠팡이츠,392000,9,2,0,regular,delivery_transport,occasional
376,2024,7,쿠팡이츠,485000,10,2,0,regular,delivery_transport,occasional
376,2024,8,쿠팡이츠,627000,15,2,0,regular,delivery_transport,occasional
376,2024,9,쿠팡이츠,492000,12,2,1,regular,delivery_transport,occasional
376,2024,10,쿠팡이츠,492000,13,2,0,regular,delivery_transport,occasional
376,2024,11,쿠팡이츠,565000,14,2,0,regular,delivery_transport,occasional
376,2024,12,쿠팡이츠,483000,10,2,1,regular,delivery_transport,occasional
376,2025,1,쿠팡이츠,610000,14,2,1,regular,delivery_transport,occasional
376,2025,2,쿠팡이츠,519000,11,2,1,regular,delivery_transport,occasional
376,2025,3,쿠팡이츠,515000,13,2,0,regular,delivery_transport,occasional
376,2025,4,쿠팡이츠,497000,10,2,0,regular,delivery_transport,occasional
376,2025,5,쿠팡이츠,532000,13,2,0,regular,delivery_transport,occasional
376,2025,6,쿠팡이츠,598000,15,2,0,regular,delivery_transport,occasional
376,2025,7,쿠팡이츠,475000,9,2,0,regular,delivery_transport,occasional
376,2025,8,쿠팡이츠,601000,13,2,0,regular,delivery_transport,occasional
376,2025,9,쿠팡이츠,574000,13,2,1,regular,delivery_transport,occasional
376,2025,10,쿠팡이츠,564000,14,2,0,regular,delivery_transport,occasional
376,2025,11,쿠팡이츠,437000,9,2,0,regular,delivery_transport,occasional
376,2025,12,쿠팡이츠,552000,11,2,1,regular,delivery_transport,occasional
376,2026,1,쿠팡이츠,427000,9,2,1,regular,delivery_transport,occasional
376,2026,2,쿠팡이츠,505000,13,2,1,regular,delivery_transport,occasional
376,2026,3,쿠팡이츠,593000,14,2,0,regular,delivery_transport,occasional
376,2026,4,쿠팡이츠,560000,11,2,0,regular,delivery_transport,occasional
376,2026,5,쿠팡이츠,570000,13,2,0,regular,delivery_transport,occasional
377,2024,6,크라우드웍스,1298000,12,1,0,irregular,simple_computer,secondary
377,2024,7,크라우드웍스,174000,2,1,0,irregular,simple_computer,secondary
377,2024,8,크라우드웍스,995000,8,1,0,irregular,simple_computer,secondary
377,2024,9,크라우드웍스,1647000,10,1,1,irregular,simple_computer,secondary
377,2024,10,크라우드웍스,972000,8,1,0,irregular,simple_computer,secondary
377,2024,11,크라우드웍스,598000,6,1,0,irregular,simple_computer,secondary
377,2024,12,크라우드웍스,442000,4,1,1,irregular,simple_computer,secondary
377,2025,1,크라우드웍스,942000,7,1,1,irregular,simple_computer,secondary
377,2025,2,크라우드웍스,1137000,9,1,1,irregular,simple_computer,secondary
377,2025,3,크라우드웍스,2192000,11,1,0,irregular,simple_computer,secondary
377,2025,4,크라우드웍스,1956000,12,1,0,irregular,simple_computer,secondary
377,2025,5,크라우드웍스,2828000,13,1,0,irregular,simple_computer,secondary
377,2025,6,크라우드웍스,664000,5,1,0,irregular,simple_computer,secondary
377,2025,7,크라우드웍스,699000,5,1,0,irregular,simple_computer,secondary
377,2025,8,크라우드웍스,1493000,11,1,0,irregular,simple_computer,secondary
377,2025,9,크라우드웍스,1058000,7,1,1,irregular,simple_computer,secondary
377,2025,10,크라우드웍스,0,0,0,0,irregular,simple_computer,secondary
377,2025,11,크라우드웍스,0,0,0,0,irregular,simple_computer,secondary
377,2025,12,크라우드웍스,0,0,0,1,irregular,simple_computer,secondary
377,2026,1,크라우드웍스,0,0,0,1,irregular,simple_computer,secondary
377,2026,2,크라우드웍스,0,0,0,1,irregular,simple_computer,secondary
377,2026,3,크라우드웍스,367000,3,1,0,irregular,simple_computer,secondary
377,2026,4,크라우드웍스,331000,2,1,0,irregular,simple_computer,secondary
377,2026,5,크라우드웍스,0,0,0,0,irregular,simple_computer,secondary
378,2024,6,카카오T대리,478000,6,2,0,seasonal,delivery_transport,occasional
378,2024,7,카카오T대리,512000,6,2,0,seasonal,delivery_transport,occasional
378,2024,8,카카오T대리,322000,3,2,0,seasonal,delivery_transport,occasional
378,2024,9,카카오T대리,353000,5,2,1,seasonal,delivery_transport,occasional
378,2024,10,카카오T대리,456000,5,2,0,seasonal,delivery_transport,occasional
378,2024,11,카카오T대리,751000,8,2,0,seasonal,delivery_transport,occasional
378,2024,12,카카오T대리,522000,7,2,1,seasonal,delivery_transport,occasional
378,2025,1,카카오T대리,366000,4,2,1,seasonal,delivery_transport,occasional
378,2025,2,카카오T대리,354000,4,2,1,seasonal,delivery_transport,occasional
378,2025,3,카카오T대리,519000,7,2,0,seasonal,delivery_transport,occasional
378,2025,4,카카오T대리,504000,7,2,0,seasonal,delivery_transport,occasional
378,2025,5,카카오T대리,554000,7,2,0,seasonal,delivery_transport,occasional
378,2025,6,카카오T대리,533000,7,2,0,seasonal,delivery_transport,occasional
378,2025,7,카카오T대리,555000,7,2,0,seasonal,delivery_transport,occasional
378,2025,8,카카오T대리,358000,4,2,0,seasonal,delivery_transport,occasional
378,2025,9,카카오T대리,566000,7,2,1,seasonal,delivery_transport,occasional
378,2025,10,카카오T대리,542000,6,2,0,seasonal,delivery_transport,occasional
378,2025,11,카카오T대리,649000,7,2,0,seasonal,delivery_transport,occasional
378,2025,12,카카오T대리,709000,7,2,1,seasonal,delivery_transport,occasional
378,2026,1,카카오T대리,303000,3,2,1,seasonal,delivery_transport,occasional
378,2026,2,카카오T대리,367000,4,2,1,seasonal,delivery_transport,occasional
378,2026,3,카카오T대리,329000,4,2,0,seasonal,delivery_transport,occasional
378,2026,4,카카오T대리,564000,6,2,0,seasonal,delivery_transport,occasional
378,2026,5,카카오T대리,572000,6,2,0,seasonal,delivery_transport,occasional
379,2024,6,카카오T대리,1103000,20,1,0,seasonal,delivery_transport,primary
379,2024,7,카카오T대리,995000,17,1,0,seasonal,delivery_transport,primary
379,2024,8,카카오T대리,1125000,25,1,0,seasonal,delivery_transport,primary
379,2024,9,카카오T대리,780000,16,1,1,seasonal,delivery_transport,primary
379,2024,10,카카오T대리,927000,20,1,0,seasonal,delivery_transport,primary
379,2024,11,카카오T대리,1542000,30,1,0,seasonal,delivery_transport,primary
379,2024,12,카카오T대리,1673000,27,1,1,seasonal,delivery_transport,primary
379,2025,1,카카오T대리,717000,15,1,1,seasonal,delivery_transport,primary
379,2025,2,카카오T대리,786000,14,1,1,seasonal,delivery_transport,primary
379,2025,3,카카오T대리,845000,16,1,0,seasonal,delivery_transport,primary
379,2025,4,카카오T대리,1347000,29,1,0,seasonal,delivery_transport,primary
379,2025,5,카카오T대리,1394000,30,1,0,seasonal,delivery_transport,primary
379,2025,6,카카오T대리,1263000,25,1,0,seasonal,delivery_transport,primary
379,2025,7,카카오T대리,1006000,21,1,0,seasonal,delivery_transport,primary
379,2025,8,카카오T대리,980000,18,1,0,seasonal,delivery_transport,primary
379,2025,9,카카오T대리,1404000,32,1,1,seasonal,delivery_transport,primary
379,2025,10,카카오T대리,1013000,22,1,0,seasonal,delivery_transport,primary
379,2025,11,카카오T대리,1205000,23,1,0,seasonal,delivery_transport,primary
379,2025,12,카카오T대리,1520000,30,1,1,seasonal,delivery_transport,primary
379,2026,1,카카오T대리,912000,21,1,1,seasonal,delivery_transport,primary
379,2026,2,카카오T대리,1060000,21,1,1,seasonal,delivery_transport,primary
379,2026,3,카카오T대리,1138000,26,1,0,seasonal,delivery_transport,primary
379,2026,4,카카오T대리,1343000,32,1,0,seasonal,delivery_transport,primary
379,2026,5,카카오T대리,1107000,24,1,0,seasonal,delivery_transport,primary
380,2024,6,셀렉트스타,349000,6,1,0,irregular,simple_computer,primary
380,2024,7,셀렉트스타,1559000,27,2,0,irregular,simple_computer,primary
380,2024,8,셀렉트스타,979000,19,2,0,irregular,simple_computer,primary
380,2024,9,셀렉트스타,0,0,0,1,irregular,simple_computer,primary
380,2024,10,셀렉트스타,0,0,0,0,irregular,simple_computer,primary
380,2024,11,셀렉트스타,0,0,0,0,irregular,simple_computer,primary
380,2024,12,셀렉트스타,0,0,0,1,irregular,simple_computer,primary
380,2025,1,셀렉트스타,0,0,0,1,irregular,simple_computer,primary
380,2025,2,셀렉트스타,0,0,0,1,irregular,simple_computer,primary
380,2025,3,셀렉트스타,0,0,0,0,irregular,simple_computer,primary
380,2025,4,셀렉트스타,0,0,0,0,irregular,simple_computer,primary
380,2025,5,셀렉트스타,0,0,0,0,irregular,simple_computer,primary
380,2025,6,셀렉트스타,0,0,0,0,irregular,simple_computer,primary
380,2025,7,셀렉트스타,1362000,25,2,0,irregular,simple_computer,primary
380,2025,8,셀렉트스타,1489000,26,2,0,irregular,simple_computer,primary
380,2025,9,셀렉트스타,0,0,0,1,irregular,simple_computer,primary
380,2025,10,셀렉트스타,850000,13,2,0,irregular,simple_computer,primary
380,2025,11,셀렉트스타,1553000,22,2,0,irregular,simple_computer,primary
380,2025,12,셀렉트스타,637000,11,2,1,irregular,simple_computer,primary
380,2026,1,셀렉트스타,260000,5,1,1,irregular,simple_computer,primary
380,2026,2,셀렉트스타,341000,6,1,1,irregular,simple_computer,primary
380,2026,3,셀렉트스타,0,0,0,0,irregular,simple_computer,primary
380,2026,4,셀렉트스타,819000,14,2,0,irregular,simple_computer,primary
380,2026,5,셀렉트스타,0,0,0,0,irregular,simple_computer,primary
381,2024,6,카카오T대리,3393000,30,2,0,seasonal,delivery_transport,primary
381,2024,7,카카오T대리,2469000,22,2,0,seasonal,delivery_transport,primary
381,2024,8,카카오T대리,3422000,27,2,0,seasonal,delivery_transport,primary
381,2024,9,카카오T대리,2732000,20,2,1,seasonal,delivery_transport,primary
381,2024,10,카카오T대리,2763000,22,2,0,seasonal,delivery_transport,primary
381,2024,11,카카오T대리,4134000,34,2,0,seasonal,delivery_transport,primary
381,2024,12,카카오T대리,4524000,27,2,1,seasonal,delivery_transport,primary
381,2025,1,카카오T대리,2517000,23,2,1,seasonal,delivery_transport,primary
381,2025,2,카카오T대리,2249000,18,2,1,seasonal,delivery_transport,primary
381,2025,3,카카오T대리,2690000,23,2,0,seasonal,delivery_transport,primary
381,2025,4,카카오T대리,2844000,24,2,0,seasonal,delivery_transport,primary
381,2025,5,카카오T대리,3973000,31,2,0,seasonal,delivery_transport,primary
381,2025,6,카카오T대리,3073000,26,2,0,seasonal,delivery_transport,primary
381,2025,7,카카오T대리,2895000,20,2,0,seasonal,delivery_transport,primary
381,2025,8,카카오T대리,2461000,19,2,0,seasonal,delivery_transport,primary
381,2025,9,카카오T대리,2899000,20,2,1,seasonal,delivery_transport,primary
381,2025,10,카카오T대리,2510000,23,2,0,seasonal,delivery_transport,primary
381,2025,11,카카오T대리,3922000,25,2,0,seasonal,delivery_transport,primary
381,2025,12,카카오T대리,3286000,24,2,1,seasonal,delivery_transport,primary
381,2026,1,카카오T대리,2357000,16,2,1,seasonal,delivery_transport,primary
381,2026,2,카카오T대리,2052000,16,2,1,seasonal,delivery_transport,primary
381,2026,3,카카오T대리,3224000,29,2,0,seasonal,delivery_transport,primary
381,2026,4,카카오T대리,3347000,25,2,0,seasonal,delivery_transport,primary
381,2026,5,카카오T대리,2710000,18,2,0,seasonal,delivery_transport,primary
382,2024,6,프리모아,540000,9,1,0,irregular,it_service,occasional
382,2024,7,프리모아,549000,9,1,0,irregular,it_service,occasional
382,2024,8,프리모아,333000,8,1,0,irregular,it_service,occasional
382,2024,9,프리모아,0,0,0,1,irregular,it_service,occasional
382,2024,10,프리모아,0,0,0,0,irregular,it_service,occasional
382,2024,11,프리모아,212000,5,1,0,irregular,it_service,occasional
382,2024,12,프리모아,1757000,10,1,1,irregular,it_service,occasional
382,2025,1,프리모아,105000,3,1,1,irregular,it_service,occasional
382,2025,2,프리모아,524000,10,1,1,irregular,it_service,occasional
382,2025,3,프리모아,0,0,0,0,irregular,it_service,occasional
382,2025,4,프리모아,0,0,0,0,irregular,it_service,occasional
382,2025,5,프리모아,0,0,0,0,irregular,it_service,occasional
382,2025,6,프리모아,175000,4,1,0,irregular,it_service,occasional
382,2025,7,프리모아,156000,4,1,0,irregular,it_service,occasional
382,2025,8,프리모아,0,0,0,0,irregular,it_service,occasional
382,2025,9,프리모아,1455000,11,1,1,irregular,it_service,occasional
382,2025,10,프리모아,186000,5,1,0,irregular,it_service,occasional
382,2025,11,프리모아,369000,8,1,0,irregular,it_service,occasional
382,2025,12,프리모아,0,0,0,1,irregular,it_service,occasional
382,2026,1,프리모아,0,0,0,1,irregular,it_service,occasional
382,2026,2,프리모아,78000,2,1,1,irregular,it_service,occasional
382,2026,3,프리모아,496000,11,1,0,irregular,it_service,occasional
382,2026,4,프리모아,0,0,0,0,irregular,it_service,occasional
382,2026,5,프리모아,424000,8,1,0,irregular,it_service,occasional
383,2024,6,이랜서,0,0,0,0,irregular,it_service,primary
383,2024,7,이랜서,1326000,7,1,0,irregular,it_service,primary
383,2024,8,이랜서,9000000,23,1,0,irregular,it_service,primary
383,2024,9,이랜서,2342000,13,1,1,irregular,it_service,primary
383,2024,10,이랜서,3466000,25,1,0,irregular,it_service,primary
383,2024,11,이랜서,1810000,12,1,0,irregular,it_service,primary
383,2024,12,이랜서,9000000,27,1,1,irregular,it_service,primary
383,2025,1,이랜서,9000000,29,1,1,irregular,it_service,primary
383,2025,2,이랜서,2696000,17,1,1,irregular,it_service,primary
383,2025,3,이랜서,2380000,14,1,0,irregular,it_service,primary
383,2025,4,이랜서,0,0,0,0,irregular,it_service,primary
383,2025,5,이랜서,0,0,0,0,irregular,it_service,primary
383,2025,6,이랜서,6838000,25,1,0,irregular,it_service,primary
383,2025,7,이랜서,9000000,28,1,0,irregular,it_service,primary
383,2025,8,이랜서,9000000,25,1,0,irregular,it_service,primary
383,2025,9,이랜서,9000000,23,1,1,irregular,it_service,primary
383,2025,10,이랜서,9000000,30,1,0,irregular,it_service,primary
383,2025,11,이랜서,5415000,25,1,0,irregular,it_service,primary
383,2025,12,이랜서,2957000,21,1,1,irregular,it_service,primary
383,2026,1,이랜서,0,0,0,1,irregular,it_service,primary
383,2026,2,이랜서,4793000,28,1,1,irregular,it_service,primary
383,2026,3,이랜서,8033000,25,1,0,irregular,it_service,primary
383,2026,4,이랜서,0,0,0,0,irregular,it_service,primary
383,2026,5,이랜서,9000000,25,1,0,irregular,it_service,primary
384,2024,6,쿠팡플렉스,885000,17,2,0,regular,delivery_transport,secondary
384,2024,7,쿠팡플렉스,884000,17,2,0,regular,delivery_transport,secondary
384,2024,8,쿠팡플렉스,749000,17,2,0,regular,delivery_transport,secondary
384,2024,9,쿠팡플렉스,591000,13,2,1,regular,delivery_transport,secondary
384,2024,10,쿠팡플렉스,795000,17,2,0,regular,delivery_transport,secondary
384,2024,11,쿠팡플렉스,833000,17,2,0,regular,delivery_transport,secondary
384,2024,12,쿠팡플렉스,756000,16,2,1,regular,delivery_transport,secondary
384,2025,1,쿠팡플렉스,952000,17,2,1,regular,delivery_transport,secondary
384,2025,2,쿠팡플렉스,904000,16,2,1,regular,delivery_transport,secondary
384,2025,3,쿠팡플렉스,995000,20,2,0,regular,delivery_transport,secondary
384,2025,4,쿠팡플렉스,850000,17,2,0,regular,delivery_transport,secondary
384,2025,5,쿠팡플렉스,720000,13,2,0,regular,delivery_transport,secondary
384,2025,6,쿠팡플렉스,824000,17,2,0,regular,delivery_transport,secondary
384,2025,7,쿠팡플렉스,922000,18,2,0,regular,delivery_transport,secondary
384,2025,8,쿠팡플렉스,935000,18,2,0,regular,delivery_transport,secondary
384,2025,9,쿠팡플렉스,873000,17,2,1,regular,delivery_transport,secondary
384,2025,10,쿠팡플렉스,945000,20,2,0,regular,delivery_transport,secondary
384,2025,11,쿠팡플렉스,856000,19,2,0,regular,delivery_transport,secondary
384,2025,12,쿠팡플렉스,998000,23,2,1,regular,delivery_transport,secondary
384,2026,1,쿠팡플렉스,891000,18,2,1,regular,delivery_transport,secondary
384,2026,2,쿠팡플렉스,831000,19,2,1,regular,delivery_transport,secondary
384,2026,3,쿠팡플렉스,815000,15,2,0,regular,delivery_transport,secondary
384,2026,4,쿠팡플렉스,990000,23,2,0,regular,delivery_transport,secondary
384,2026,5,쿠팡플렉스,956000,17,2,0,regular,delivery_transport,secondary
385,2024,6,쿠팡이츠,742000,9,1,0,regular,delivery_transport,secondary
385,2024,7,쿠팡이츠,852000,10,1,0,regular,delivery_transport,secondary
385,2024,8,쿠팡이츠,804000,9,1,0,regular,delivery_transport,secondary
385,2024,9,쿠팡이츠,808000,10,1,1,regular,delivery_transport,secondary
385,2024,10,쿠팡이츠,967000,11,1,0,regular,delivery_transport,secondary
385,2024,11,쿠팡이츠,957000,11,1,0,regular,delivery_transport,secondary
385,2024,12,쿠팡이츠,812000,9,1,1,regular,delivery_transport,secondary
385,2025,1,쿠팡이츠,748000,10,1,1,regular,delivery_transport,secondary
385,2025,2,쿠팡이츠,879000,10,1,1,regular,delivery_transport,secondary
385,2025,3,쿠팡이츠,923000,10,1,0,regular,delivery_transport,secondary
385,2025,4,쿠팡이츠,863000,10,1,0,regular,delivery_transport,secondary
385,2025,5,쿠팡이츠,924000,12,1,0,regular,delivery_transport,secondary
385,2025,6,쿠팡이츠,1005000,13,1,0,regular,delivery_transport,secondary
385,2025,7,쿠팡이츠,746000,10,1,0,regular,delivery_transport,secondary
385,2025,8,쿠팡이츠,934000,13,1,0,regular,delivery_transport,secondary
385,2025,9,쿠팡이츠,929000,10,1,1,regular,delivery_transport,secondary
385,2025,10,쿠팡이츠,904000,10,1,0,regular,delivery_transport,secondary
385,2025,11,쿠팡이츠,974000,11,1,0,regular,delivery_transport,secondary
385,2025,12,쿠팡이츠,802000,10,1,1,regular,delivery_transport,secondary
385,2026,1,쿠팡이츠,858000,11,1,1,regular,delivery_transport,secondary
385,2026,2,쿠팡이츠,784000,9,1,1,regular,delivery_transport,secondary
385,2026,3,쿠팡이츠,835000,11,1,0,regular,delivery_transport,secondary
385,2026,4,쿠팡이츠,973000,14,1,0,regular,delivery_transport,secondary
385,2026,5,쿠팡이츠,801000,9,1,0,regular,delivery_transport,secondary
386,2024,6,생각대로,642000,8,2,0,seasonal,delivery_transport,occasional
386,2024,7,생각대로,755000,12,2,0,seasonal,delivery_transport,occasional
386,2024,8,생각대로,904000,14,2,0,seasonal,delivery_transport,occasional
386,2024,9,생각대로,874000,12,2,1,seasonal,delivery_transport,occasional
386,2024,10,생각대로,641000,8,2,0,seasonal,delivery_transport,occasional
386,2024,11,생각대로,897000,11,2,0,seasonal,delivery_transport,occasional
386,2024,12,생각대로,977000,14,2,1,seasonal,delivery_transport,occasional
386,2025,1,생각대로,658000,8,2,1,seasonal,delivery_transport,occasional
386,2025,2,생각대로,519000,6,2,1,seasonal,delivery_transport,occasional
386,2025,3,생각대로,627000,10,2,0,seasonal,delivery_transport,occasional
386,2025,4,생각대로,575000,8,2,0,seasonal,delivery_transport,occasional
386,2025,5,생각대로,797000,12,2,0,seasonal,delivery_transport,occasional
386,2025,6,생각대로,805000,12,2,0,seasonal,delivery_transport,occasional
386,2025,7,생각대로,918000,13,2,0,seasonal,delivery_transport,occasional
386,2025,8,생각대로,498000,7,2,0,seasonal,delivery_transport,occasional
386,2025,9,생각대로,669000,10,2,1,seasonal,delivery_transport,occasional
386,2025,10,생각대로,559000,8,2,0,seasonal,delivery_transport,occasional
386,2025,11,생각대로,619000,8,2,0,seasonal,delivery_transport,occasional
386,2025,12,생각대로,791000,10,2,1,seasonal,delivery_transport,occasional
386,2026,1,생각대로,601000,8,2,1,seasonal,delivery_transport,occasional
386,2026,2,생각대로,441000,7,2,1,seasonal,delivery_transport,occasional
386,2026,3,생각대로,756000,12,2,0,seasonal,delivery_transport,occasional
386,2026,4,생각대로,789000,13,2,0,seasonal,delivery_transport,occasional
386,2026,5,생각대로,567000,9,2,0,seasonal,delivery_transport,occasional
387,2024,6,트위치,1490000,23,1,0,irregular,creative,secondary
387,2024,7,트위치,907000,18,1,0,irregular,creative,secondary
387,2024,8,트위치,1854000,22,1,0,irregular,creative,secondary
387,2024,9,트위치,1178000,23,1,1,irregular,creative,secondary
387,2024,10,트위치,2867000,25,1,0,irregular,creative,secondary
387,2024,11,트위치,1303000,25,1,0,irregular,creative,secondary
387,2024,12,트위치,500000,9,1,1,irregular,creative,secondary
387,2025,1,트위치,0,0,0,1,irregular,creative,secondary
387,2025,2,트위치,716000,14,1,1,irregular,creative,secondary
387,2025,3,트위치,613000,11,1,0,irregular,creative,secondary
387,2025,4,트위치,281000,5,1,0,irregular,creative,secondary
387,2025,5,트위치,0,0,0,0,irregular,creative,secondary
387,2025,6,트위치,280000,6,1,0,irregular,creative,secondary
387,2025,7,트위치,0,0,0,0,irregular,creative,secondary
387,2025,8,트위치,0,0,0,0,irregular,creative,secondary
387,2025,9,트위치,2037000,20,1,1,irregular,creative,secondary
387,2025,10,트위치,666000,11,1,0,irregular,creative,secondary
387,2025,11,트위치,4763000,20,1,0,irregular,creative,secondary
387,2025,12,트위치,1624000,25,1,1,irregular,creative,secondary
387,2026,1,트위치,0,0,0,1,irregular,creative,secondary
387,2026,2,트위치,1546000,21,1,1,irregular,creative,secondary
387,2026,3,트위치,302000,6,1,0,irregular,creative,secondary
387,2026,4,트위치,0,0,0,0,irregular,creative,secondary
387,2026,5,트위치,429000,9,1,0,irregular,creative,secondary
388,2024,6,바로고,1393000,15,3,0,regular,delivery_transport,primary
388,2024,7,바로고,1268000,14,3,0,regular,delivery_transport,primary
388,2024,8,바로고,1508000,14,3,0,regular,delivery_transport,primary
388,2024,9,바로고,2048000,22,3,1,regular,delivery_transport,primary
388,2024,10,바로고,1996000,21,3,0,regular,delivery_transport,primary
388,2024,11,바로고,1768000,17,3,0,regular,delivery_transport,primary
388,2024,12,바로고,2264000,21,3,1,regular,delivery_transport,primary
388,2025,1,바로고,1582000,16,3,1,regular,delivery_transport,primary
388,2025,2,바로고,1933000,22,3,1,regular,delivery_transport,primary
388,2025,3,바로고,2043000,22,3,0,regular,delivery_transport,primary
388,2025,4,바로고,1992000,18,3,0,regular,delivery_transport,primary
388,2025,5,바로고,1804000,20,3,0,regular,delivery_transport,primary
388,2025,6,바로고,1820000,17,3,0,regular,delivery_transport,primary
388,2025,7,바로고,1575000,17,3,0,regular,delivery_transport,primary
388,2025,8,바로고,1873000,20,3,0,regular,delivery_transport,primary
388,2025,9,바로고,1869000,21,3,1,regular,delivery_transport,primary
388,2025,10,바로고,1865000,17,3,0,regular,delivery_transport,primary
388,2025,11,바로고,2234000,27,3,0,regular,delivery_transport,primary
388,2025,12,바로고,1894000,19,3,1,regular,delivery_transport,primary
388,2026,1,바로고,2091000,22,3,1,regular,delivery_transport,primary
388,2026,2,바로고,1942000,22,3,1,regular,delivery_transport,primary
388,2026,3,바로고,1855000,18,3,0,regular,delivery_transport,primary
388,2026,4,바로고,1347000,13,3,0,regular,delivery_transport,primary
388,2026,5,바로고,1761000,20,3,0,regular,delivery_transport,primary
389,2024,6,카카오모빌리티,720000,5,1,0,seasonal,delivery_transport,occasional
389,2024,7,카카오모빌리티,625000,4,1,0,seasonal,delivery_transport,occasional
389,2024,8,카카오모빌리티,580000,4,1,0,seasonal,delivery_transport,occasional
389,2024,9,카카오모빌리티,614000,4,1,1,seasonal,delivery_transport,occasional
389,2024,10,카카오모빌리티,845000,6,1,0,seasonal,delivery_transport,occasional
389,2024,11,카카오모빌리티,1118000,6,1,0,seasonal,delivery_transport,occasional
389,2024,12,카카오모빌리티,808000,6,1,1,seasonal,delivery_transport,occasional
389,2025,1,카카오모빌리티,525000,4,1,1,seasonal,delivery_transport,occasional
389,2025,2,카카오모빌리티,537000,4,1,1,seasonal,delivery_transport,occasional
389,2025,3,카카오모빌리티,698000,5,1,0,seasonal,delivery_transport,occasional
389,2025,4,카카오모빌리티,705000,6,1,0,seasonal,delivery_transport,occasional
389,2025,5,카카오모빌리티,917000,6,1,0,seasonal,delivery_transport,occasional
389,2025,6,카카오모빌리티,946000,6,1,0,seasonal,delivery_transport,occasional
389,2025,7,카카오모빌리티,771000,6,1,0,seasonal,delivery_transport,occasional
389,2025,8,카카오모빌리티,811000,5,1,0,seasonal,delivery_transport,occasional
389,2025,9,카카오모빌리티,770000,6,1,1,seasonal,delivery_transport,occasional
389,2025,10,카카오모빌리티,859000,6,1,0,seasonal,delivery_transport,occasional
389,2025,11,카카오모빌리티,844000,7,1,0,seasonal,delivery_transport,occasional
389,2025,12,카카오모빌리티,785000,5,1,1,seasonal,delivery_transport,occasional
389,2026,1,카카오모빌리티,643000,5,1,1,seasonal,delivery_transport,occasional
389,2026,2,카카오모빌리티,667000,5,1,1,seasonal,delivery_transport,occasional
389,2026,3,카카오모빌리티,697000,5,1,0,seasonal,delivery_transport,occasional
389,2026,4,카카오모빌리티,709000,5,1,0,seasonal,delivery_transport,occasional
389,2026,5,카카오모빌리티,736000,5,1,0,seasonal,delivery_transport,occasional
390,2024,6,카카오T대리,1985000,22,1,0,irregular,delivery_transport,secondary
390,2024,7,카카오T대리,2702000,21,1,0,irregular,delivery_transport,secondary
390,2024,8,카카오T대리,0,0,0,0,irregular,delivery_transport,secondary
390,2024,9,카카오T대리,1425000,12,1,1,irregular,delivery_transport,secondary
390,2024,10,카카오T대리,1876000,19,1,0,irregular,delivery_transport,secondary
390,2024,11,카카오T대리,1882000,19,1,0,irregular,delivery_transport,secondary
390,2024,12,카카오T대리,0,0,0,1,irregular,delivery_transport,secondary
390,2025,1,카카오T대리,0,0,0,1,irregular,delivery_transport,secondary
390,2025,2,카카오T대리,1670000,15,1,1,irregular,delivery_transport,secondary
390,2025,3,카카오T대리,1801000,19,1,0,irregular,delivery_transport,secondary
390,2025,4,카카오T대리,0,0,0,0,irregular,delivery_transport,secondary
390,2025,5,카카오T대리,2116000,22,1,0,irregular,delivery_transport,secondary
390,2025,6,카카오T대리,1261000,14,1,0,irregular,delivery_transport,secondary
390,2025,7,카카오T대리,0,0,0,0,irregular,delivery_transport,secondary
390,2025,8,카카오T대리,1211000,11,1,0,irregular,delivery_transport,secondary
390,2025,9,카카오T대리,1655000,19,1,1,irregular,delivery_transport,secondary
390,2025,10,카카오T대리,2254000,18,1,0,irregular,delivery_transport,secondary
390,2025,11,카카오T대리,3962000,21,1,0,irregular,delivery_transport,secondary
390,2025,12,카카오T대리,4236000,17,1,1,irregular,delivery_transport,secondary
390,2026,1,카카오T대리,4018000,20,1,1,irregular,delivery_transport,secondary
390,2026,2,카카오T대리,5012000,23,1,1,irregular,delivery_transport,secondary
390,2026,3,카카오T대리,3378000,22,1,0,irregular,delivery_transport,secondary
390,2026,4,카카오T대리,3768000,23,1,0,irregular,delivery_transport,secondary
390,2026,5,카카오T대리,3299000,18,1,0,irregular,delivery_transport,secondary
391,2024,6,당근알바,1628000,10,1,0,irregular,etc,primary
391,2024,7,당근알바,1443000,12,1,0,irregular,etc,primary
391,2024,8,당근알바,2955000,22,1,0,irregular,etc,primary
391,2024,9,당근알바,934000,6,1,1,irregular,etc,primary
391,2024,10,당근알바,945000,6,1,0,irregular,etc,primary
391,2024,11,당근알바,0,0,0,0,irregular,etc,primary
391,2024,12,당근알바,1778000,11,1,1,irregular,etc,primary
391,2025,1,당근알바,1039000,8,1,1,irregular,etc,primary
391,2025,2,당근알바,1236000,9,1,1,irregular,etc,primary
391,2025,3,당근알바,2802000,18,1,0,irregular,etc,primary
391,2025,4,당근알바,1880000,14,1,0,irregular,etc,primary
391,2025,5,당근알바,1884000,14,1,0,irregular,etc,primary
391,2025,6,당근알바,1679000,13,1,0,irregular,etc,primary
391,2025,7,당근알바,2061000,16,1,0,irregular,etc,primary
391,2025,8,당근알바,2408000,18,1,0,irregular,etc,primary
391,2025,9,당근알바,2629000,18,1,1,irregular,etc,primary
391,2025,10,당근알바,1117000,8,1,0,irregular,etc,primary
391,2025,11,당근알바,1080000,7,1,0,irregular,etc,primary
391,2025,12,당근알바,0,0,0,1,irregular,etc,primary
391,2026,1,당근알바,0,0,0,1,irregular,etc,primary
391,2026,2,당근알바,0,0,0,1,irregular,etc,primary
391,2026,3,당근알바,1147000,8,1,0,irregular,etc,primary
391,2026,4,당근알바,1683000,12,1,0,irregular,etc,primary
391,2026,5,당근알바,0,0,0,0,irregular,etc,primary
392,2024,6,미소,907000,11,2,0,regular,care_cleaning,occasional
392,2024,7,미소,789000,10,2,0,regular,care_cleaning,occasional
392,2024,8,미소,915000,11,2,0,regular,care_cleaning,occasional
392,2024,9,미소,825000,11,2,1,regular,care_cleaning,occasional
392,2024,10,미소,685000,10,2,0,regular,care_cleaning,occasional
392,2024,11,미소,758000,10,2,0,regular,care_cleaning,occasional
392,2024,12,미소,941000,11,2,1,regular,care_cleaning,occasional
392,2025,1,미소,915000,12,2,1,regular,care_cleaning,occasional
392,2025,2,미소,835000,12,2,1,regular,care_cleaning,occasional
392,2025,3,미소,629000,8,2,0,regular,care_cleaning,occasional
392,2025,4,미소,692000,8,2,0,regular,care_cleaning,occasional
392,2025,5,미소,896000,12,2,0,regular,care_cleaning,occasional
392,2025,6,미소,568000,8,2,0,regular,care_cleaning,occasional
392,2025,7,미소,688000,10,2,0,regular,care_cleaning,occasional
392,2025,8,미소,714000,9,2,0,regular,care_cleaning,occasional
392,2025,9,미소,1149000,15,2,1,regular,care_cleaning,occasional
392,2025,10,미소,779000,9,2,0,regular,care_cleaning,occasional
392,2025,11,미소,801000,12,2,0,regular,care_cleaning,occasional
392,2025,12,미소,570000,8,2,1,regular,care_cleaning,occasional
392,2026,1,미소,559000,8,2,1,regular,care_cleaning,occasional
392,2026,2,미소,590000,8,2,1,regular,care_cleaning,occasional
392,2026,3,미소,763000,9,2,0,regular,care_cleaning,occasional
392,2026,4,미소,931000,12,2,0,regular,care_cleaning,occasional
392,2026,5,미소,841000,10,2,0,regular,care_cleaning,occasional
393,2024,6,생각대로,605000,5,1,0,irregular,delivery_transport,occasional
393,2024,7,생각대로,690000,5,1,0,irregular,delivery_transport,occasional
393,2024,8,생각대로,768000,6,1,0,irregular,delivery_transport,occasional
393,2024,9,생각대로,1236000,6,1,1,irregular,delivery_transport,occasional
393,2024,10,생각대로,1365000,7,1,0,irregular,delivery_transport,occasional
393,2024,11,생각대로,1464000,8,1,0,irregular,delivery_transport,occasional
393,2024,12,생각대로,451000,4,1,1,irregular,delivery_transport,occasional
393,2025,1,생각대로,1044000,7,1,1,irregular,delivery_transport,occasional
393,2025,2,생각대로,714000,5,1,1,irregular,delivery_transport,occasional
393,2025,3,생각대로,510000,3,1,0,irregular,delivery_transport,occasional
393,2025,4,생각대로,663000,5,1,0,irregular,delivery_transport,occasional
393,2025,5,생각대로,504000,4,1,0,irregular,delivery_transport,occasional
393,2025,6,생각대로,0,0,0,0,irregular,delivery_transport,occasional
393,2025,7,생각대로,529000,4,1,0,irregular,delivery_transport,occasional
393,2025,8,생각대로,0,0,0,0,irregular,delivery_transport,occasional
393,2025,9,생각대로,458000,3,1,1,irregular,delivery_transport,occasional
393,2025,10,생각대로,491000,3,1,0,irregular,delivery_transport,occasional
393,2025,11,생각대로,450000,4,1,0,irregular,delivery_transport,occasional
393,2025,12,생각대로,665000,5,1,1,irregular,delivery_transport,occasional
393,2026,1,생각대로,1949000,8,1,1,irregular,delivery_transport,occasional
393,2026,2,생각대로,779000,7,1,1,irregular,delivery_transport,occasional
393,2026,3,생각대로,1070000,8,1,0,irregular,delivery_transport,occasional
393,2026,4,생각대로,696000,6,1,0,irregular,delivery_transport,occasional
393,2026,5,생각대로,679000,5,1,0,irregular,delivery_transport,occasional
394,2024,6,배달의민족,2592000,17,1,0,regular,delivery_transport,primary
394,2024,7,배달의민족,3178000,17,1,0,regular,delivery_transport,primary
394,2024,8,배달의민족,3144000,18,1,0,regular,delivery_transport,primary
394,2024,9,배달의민족,3007000,21,1,1,regular,delivery_transport,primary
394,2024,10,배달의민족,3199000,21,1,0,regular,delivery_transport,primary
394,2024,11,배달의민족,2618000,18,1,0,regular,delivery_transport,primary
394,2024,12,배달의민족,3078000,21,1,1,regular,delivery_transport,primary
394,2025,1,배달의민족,3064000,17,1,1,regular,delivery_transport,primary
394,2025,2,배달의민족,2831000,16,1,1,regular,delivery_transport,primary
394,2025,3,배달의민족,2731000,19,1,0,regular,delivery_transport,primary
394,2025,4,배달의민족,2959000,16,1,0,regular,delivery_transport,primary
394,2025,5,배달의민족,3246000,20,1,0,regular,delivery_transport,primary
394,2025,6,배달의민족,2316000,15,1,0,regular,delivery_transport,primary
394,2025,7,배달의민족,3112000,20,1,0,regular,delivery_transport,primary
394,2025,8,배달의민족,2941000,17,1,0,regular,delivery_transport,primary
394,2025,9,배달의민족,3030000,19,1,1,regular,delivery_transport,primary
394,2025,10,배달의민족,2215000,16,1,0,regular,delivery_transport,primary
394,2025,11,배달의민족,3114000,22,1,0,regular,delivery_transport,primary
394,2025,12,배달의민족,2486000,14,1,1,regular,delivery_transport,primary
394,2026,1,배달의민족,3696000,27,1,1,regular,delivery_transport,primary
394,2026,2,배달의민족,2813000,19,1,1,regular,delivery_transport,primary
394,2026,3,배달의민족,2686000,15,1,0,regular,delivery_transport,primary
394,2026,4,배달의민족,3122000,18,1,0,regular,delivery_transport,primary
394,2026,5,배달의민족,2797000,16,1,0,regular,delivery_transport,primary
395,2024,6,로지올,319000,11,1,0,irregular,delivery_transport,occasional
395,2024,7,로지올,391000,13,1,0,irregular,delivery_transport,occasional
395,2024,8,로지올,489000,13,1,0,irregular,delivery_transport,occasional
395,2024,9,로지올,228000,8,1,1,irregular,delivery_transport,occasional
395,2024,10,로지올,796000,11,1,0,irregular,delivery_transport,occasional
395,2024,11,로지올,506000,12,1,0,irregular,delivery_transport,occasional
395,2024,12,로지올,454000,15,1,1,irregular,delivery_transport,occasional
395,2025,1,로지올,339000,9,1,1,irregular,delivery_transport,occasional
395,2025,2,로지올,276000,9,1,1,irregular,delivery_transport,occasional
395,2025,3,로지올,0,0,0,0,irregular,delivery_transport,occasional
395,2025,4,로지올,349000,11,1,0,irregular,delivery_transport,occasional
395,2025,5,로지올,234000,8,1,0,irregular,delivery_transport,occasional
395,2025,6,로지올,398000,12,1,0,irregular,delivery_transport,occasional
395,2025,7,로지올,449000,15,1,0,irregular,delivery_transport,occasional
395,2025,8,로지올,185000,6,1,0,irregular,delivery_transport,occasional
395,2025,9,로지올,143000,5,1,1,irregular,delivery_transport,occasional
395,2025,10,로지올,0,0,0,0,irregular,delivery_transport,occasional
395,2025,11,로지올,0,0,0,0,irregular,delivery_transport,occasional
395,2025,12,로지올,0,0,0,1,irregular,delivery_transport,occasional
395,2026,1,로지올,185000,6,1,1,irregular,delivery_transport,occasional
395,2026,2,로지올,277000,10,1,1,irregular,delivery_transport,occasional
395,2026,3,로지올,219000,8,1,0,irregular,delivery_transport,occasional
395,2026,4,로지올,168000,6,1,0,irregular,delivery_transport,occasional
395,2026,5,로지올,825000,13,1,0,irregular,delivery_transport,occasional
396,2024,6,배달의민족,1899000,22,2,0,regular,delivery_transport,primary
396,2024,7,배달의민족,2245000,33,2,0,regular,delivery_transport,primary
396,2024,8,배달의민족,2171000,25,2,0,regular,delivery_transport,primary
396,2024,9,배달의민족,2103000,23,2,1,regular,delivery_transport,primary
396,2024,10,배달의민족,2164000,25,2,0,regular,delivery_transport,primary
396,2024,11,배달의민족,2160000,32,2,0,regular,delivery_transport,primary
396,2024,12,배달의민족,2550000,36,2,1,regular,delivery_transport,primary
396,2025,1,배달의민족,1977000,25,2,1,regular,delivery_transport,primary
396,2025,2,배달의민족,1540000,20,2,1,regular,delivery_transport,primary
396,2025,3,배달의민족,2057000,26,2,0,regular,delivery_transport,primary
396,2025,4,배달의민족,1463000,19,2,0,regular,delivery_transport,primary
396,2025,5,배달의민족,2174000,26,2,0,regular,delivery_transport,primary
396,2025,6,배달의민족,2179000,31,2,0,regular,delivery_transport,primary
396,2025,7,배달의민족,1951000,26,2,0,regular,delivery_transport,primary
396,2025,8,배달의민족,2051000,24,2,0,regular,delivery_transport,primary
396,2025,9,배달의민족,1811000,25,2,1,regular,delivery_transport,primary
396,2025,10,배달의민족,1827000,24,2,0,regular,delivery_transport,primary
396,2025,11,배달의민족,2207000,33,2,0,regular,delivery_transport,primary
396,2025,12,배달의민족,1961000,29,2,1,regular,delivery_transport,primary
396,2026,1,배달의민족,2161000,26,2,1,regular,delivery_transport,primary
396,2026,2,배달의민족,2235000,29,2,1,regular,delivery_transport,primary
396,2026,3,배달의민족,2309000,27,2,0,regular,delivery_transport,primary
396,2026,4,배달의민족,2167000,30,2,0,regular,delivery_transport,primary
396,2026,5,배달의민족,1602000,20,2,0,regular,delivery_transport,primary
397,2024,6,요기요,1548000,27,1,0,regular,delivery_transport,primary
397,2024,7,요기요,1845000,27,1,0,regular,delivery_transport,primary
397,2024,8,요기요,1630000,26,1,0,regular,delivery_transport,primary
397,2024,9,요기요,1760000,30,1,1,regular,delivery_transport,primary
397,2024,10,요기요,1746000,32,1,0,regular,delivery_transport,primary
397,2024,11,요기요,1385000,23,1,0,regular,delivery_transport,primary
397,2024,12,요기요,1800000,26,1,1,regular,delivery_transport,primary
397,2025,1,요기요,1450000,22,1,1,regular,delivery_transport,primary
397,2025,2,요기요,1229000,21,1,1,regular,delivery_transport,primary
397,2025,3,요기요,1259000,18,1,0,regular,delivery_transport,primary
397,2025,4,요기요,1920000,29,1,0,regular,delivery_transport,primary
397,2025,5,요기요,1881000,30,1,0,regular,delivery_transport,primary
397,2025,6,요기요,1444000,24,1,0,regular,delivery_transport,primary
397,2025,7,요기요,1464000,25,1,0,regular,delivery_transport,primary
397,2025,8,요기요,1465000,25,1,0,regular,delivery_transport,primary
397,2025,9,요기요,1134000,20,1,1,regular,delivery_transport,primary
397,2025,10,요기요,1567000,27,1,0,regular,delivery_transport,primary
397,2025,11,요기요,1508000,23,1,0,regular,delivery_transport,primary
397,2025,12,요기요,1215000,22,1,1,regular,delivery_transport,primary
397,2026,1,요기요,1267000,22,1,1,regular,delivery_transport,primary
397,2026,2,요기요,1183000,17,1,1,regular,delivery_transport,primary
397,2026,3,요기요,1534000,25,1,0,regular,delivery_transport,primary
397,2026,4,요기요,1351000,24,1,0,regular,delivery_transport,primary
397,2026,5,요기요,1569000,29,1,0,regular,delivery_transport,primary
398,2024,6,카카오모빌리티,677000,9,2,0,seasonal,delivery_transport,occasional
398,2024,7,카카오모빌리티,708000,8,2,0,seasonal,delivery_transport,occasional
398,2024,8,카카오모빌리티,819000,9,2,0,seasonal,delivery_transport,occasional
398,2024,9,카카오모빌리티,655000,7,2,1,seasonal,delivery_transport,occasional
398,2024,10,카카오모빌리티,715000,8,2,0,seasonal,delivery_transport,occasional
398,2024,11,카카오모빌리티,739000,9,2,0,seasonal,delivery_transport,occasional
398,2024,12,카카오모빌리티,1233000,13,2,1,seasonal,delivery_transport,occasional
398,2025,1,카카오모빌리티,518000,7,2,1,seasonal,delivery_transport,occasional
398,2025,2,카카오모빌리티,648000,7,2,1,seasonal,delivery_transport,occasional
398,2025,3,카카오모빌리티,755000,7,2,0,seasonal,delivery_transport,occasional
398,2025,4,카카오모빌리티,815000,10,2,0,seasonal,delivery_transport,occasional
398,2025,5,카카오모빌리티,865000,11,2,0,seasonal,delivery_transport,occasional
398,2025,6,카카오모빌리티,839000,9,2,0,seasonal,delivery_transport,occasional
398,2025,7,카카오모빌리티,1006000,10,2,0,seasonal,delivery_transport,occasional
398,2025,8,카카오모빌리티,842000,9,2,0,seasonal,delivery_transport,occasional
398,2025,9,카카오모빌리티,844000,9,2,1,seasonal,delivery_transport,occasional
398,2025,10,카카오모빌리티,749000,9,2,0,seasonal,delivery_transport,occasional
398,2025,11,카카오모빌리티,892000,10,2,0,seasonal,delivery_transport,occasional
398,2025,12,카카오모빌리티,1295000,10,2,1,seasonal,delivery_transport,occasional
398,2026,1,카카오모빌리티,781000,8,2,1,seasonal,delivery_transport,occasional
398,2026,2,카카오모빌리티,545000,7,2,1,seasonal,delivery_transport,occasional
398,2026,3,카카오모빌리티,738000,10,2,0,seasonal,delivery_transport,occasional
398,2026,4,카카오모빌리티,851000,9,2,0,seasonal,delivery_transport,occasional
398,2026,5,카카오모빌리티,993000,10,2,0,seasonal,delivery_transport,occasional
399,2024,6,크라우드웍스,0,0,0,0,irregular,simple_computer,secondary
399,2024,7,크라우드웍스,0,0,0,0,irregular,simple_computer,secondary
399,2024,8,크라우드웍스,0,0,0,0,irregular,simple_computer,secondary
399,2024,9,크라우드웍스,0,0,0,1,irregular,simple_computer,secondary
399,2024,10,크라우드웍스,0,0,0,0,irregular,simple_computer,secondary
399,2024,11,크라우드웍스,0,0,0,0,irregular,simple_computer,secondary
399,2024,12,크라우드웍스,0,0,0,1,irregular,simple_computer,secondary
399,2025,1,크라우드웍스,0,0,0,1,irregular,simple_computer,secondary
399,2025,2,크라우드웍스,0,0,0,1,irregular,simple_computer,secondary
399,2025,3,크라우드웍스,0,0,0,0,irregular,simple_computer,secondary
399,2025,4,크라우드웍스,1294000,13,3,0,irregular,simple_computer,secondary
399,2025,5,크라우드웍스,957000,14,3,0,irregular,simple_computer,secondary
399,2025,6,크라우드웍스,1499000,15,3,0,irregular,simple_computer,secondary
399,2025,7,크라우드웍스,1942000,14,3,0,irregular,simple_computer,secondary
399,2025,8,크라우드웍스,558000,11,3,0,irregular,simple_computer,secondary
399,2025,9,크라우드웍스,1061000,15,3,1,irregular,simple_computer,secondary
399,2025,10,크라우드웍스,815000,14,3,0,irregular,simple_computer,secondary
399,2025,11,크라우드웍스,694000,13,3,0,irregular,simple_computer,secondary
399,2025,12,크라우드웍스,720000,12,3,1,irregular,simple_computer,secondary
399,2026,1,크라우드웍스,453000,8,3,1,irregular,simple_computer,secondary
399,2026,2,크라우드웍스,508000,8,3,1,irregular,simple_computer,secondary
399,2026,3,크라우드웍스,611000,11,3,0,irregular,simple_computer,secondary
399,2026,4,크라우드웍스,1579000,14,3,0,irregular,simple_computer,secondary
399,2026,5,크라우드웍스,421000,8,3,0,irregular,simple_computer,secondary
400,2024,6,쿠팡플렉스,3648000,24,2,0,irregular,delivery_transport,primary
400,2024,7,쿠팡플렉스,4328000,24,2,0,irregular,delivery_transport,primary
400,2024,8,쿠팡플렉스,1774000,12,2,0,irregular,delivery_transport,primary
400,2024,9,쿠팡플렉스,2504000,16,2,1,irregular,delivery_transport,primary
400,2024,10,쿠팡플렉스,2015000,14,2,0,irregular,delivery_transport,primary
400,2024,11,쿠팡플렉스,2160000,14,2,0,irregular,delivery_transport,primary
400,2024,12,쿠팡플렉스,2808000,16,2,1,irregular,delivery_transport,primary
400,2025,1,쿠팡플렉스,5322000,27,2,1,irregular,delivery_transport,primary
400,2025,2,쿠팡플렉스,9000000,26,2,1,irregular,delivery_transport,primary
400,2025,3,쿠팡플렉스,3281000,21,2,0,irregular,delivery_transport,primary
400,2025,4,쿠팡플렉스,3484000,19,2,0,irregular,delivery_transport,primary
400,2025,5,쿠팡플렉스,1676000,11,2,0,irregular,delivery_transport,primary
400,2025,6,쿠팡플렉스,1574000,11,2,0,irregular,delivery_transport,primary
400,2025,7,쿠팡플렉스,0,0,0,0,irregular,delivery_transport,primary
400,2025,8,쿠팡플렉스,0,0,0,0,irregular,delivery_transport,primary
400,2025,9,쿠팡플렉스,1550000,9,2,1,irregular,delivery_transport,primary
400,2025,10,쿠팡플렉스,2331000,16,2,0,irregular,delivery_transport,primary
400,2025,11,쿠팡플렉스,2715000,19,2,0,irregular,delivery_transport,primary
400,2025,12,쿠팡플렉스,1926000,13,2,1,irregular,delivery_transport,primary
400,2026,1,쿠팡플렉스,1393000,8,2,1,irregular,delivery_transport,primary
400,2026,2,쿠팡플렉스,1803000,12,2,1,irregular,delivery_transport,primary
400,2026,3,쿠팡플렉스,0,0,0,0,irregular,delivery_transport,primary
400,2026,4,쿠팡플렉스,2279000,13,2,0,irregular,delivery_transport,primary
400,2026,5,쿠팡플렉스,0,0,0,0,irregular,delivery_transport,primary
401,2024,6,셀렉트스타,678000,9,2,0,irregular,simple_computer,primary
401,2024,7,셀렉트스타,1054000,12,3,0,irregular,simple_computer,primary
401,2024,8,셀렉트스타,2277000,27,3,0,irregular,simple_computer,primary
401,2024,9,셀렉트스타,863000,11,3,1,irregular,simple_computer,primary
401,2024,10,셀렉트스타,0,0,0,0,irregular,simple_computer,primary
401,2024,11,셀렉트스타,0,0,0,0,irregular,simple_computer,primary
401,2024,12,셀렉트스타,0,0,0,1,irregular,simple_computer,primary
401,2025,1,셀렉트스타,0,0,0,1,irregular,simple_computer,primary
401,2025,2,셀렉트스타,616000,7,2,1,irregular,simple_computer,primary
401,2025,3,셀렉트스타,675000,7,2,0,irregular,simple_computer,primary
401,2025,4,셀렉트스타,0,0,0,0,irregular,simple_computer,primary
401,2025,5,셀렉트스타,0,0,0,0,irregular,simple_computer,primary
401,2025,6,셀렉트스타,0,0,0,0,irregular,simple_computer,primary
401,2025,7,셀렉트스타,0,0,0,0,irregular,simple_computer,primary
401,2025,8,셀렉트스타,0,0,0,0,irregular,simple_computer,primary
401,2025,9,셀렉트스타,282000,3,2,1,irregular,simple_computer,primary
401,2025,10,셀렉트스타,0,0,0,0,irregular,simple_computer,primary
401,2025,11,셀렉트스타,572000,6,2,0,irregular,simple_computer,primary
401,2025,12,셀렉트스타,0,0,0,1,irregular,simple_computer,primary
401,2026,1,셀렉트스타,0,0,0,1,irregular,simple_computer,primary
401,2026,2,셀렉트스타,1006000,12,3,1,irregular,simple_computer,primary
401,2026,3,셀렉트스타,1827000,20,3,0,irregular,simple_computer,primary
401,2026,4,셀렉트스타,1415000,17,3,0,irregular,simple_computer,primary
401,2026,5,셀렉트스타,8314000,34,3,0,irregular,simple_computer,primary
402,2024,6,쿠팡이츠,0,0,0,0,irregular,delivery_transport,primary
402,2024,7,쿠팡이츠,1248000,15,1,0,irregular,delivery_transport,primary
402,2024,8,쿠팡이츠,1358000,14,1,0,irregular,delivery_transport,primary
402,2024,9,쿠팡이츠,0,0,0,1,irregular,delivery_transport,primary
402,2024,10,쿠팡이츠,1328000,15,1,0,irregular,delivery_transport,primary
402,2024,11,쿠팡이츠,1896000,19,1,0,irregular,delivery_transport,primary
402,2024,12,쿠팡이츠,2022000,21,1,1,irregular,delivery_transport,primary
402,2025,1,쿠팡이츠,1917000,19,1,1,irregular,delivery_transport,primary
402,2025,2,쿠팡이츠,0,0,0,1,irregular,delivery_transport,primary
402,2025,3,쿠팡이츠,1329000,14,1,0,irregular,delivery_transport,primary
402,2025,4,쿠팡이츠,1387000,13,1,0,irregular,delivery_transport,primary
402,2025,5,쿠팡이츠,1509000,19,1,0,irregular,delivery_transport,primary
402,2025,6,쿠팡이츠,1144000,12,1,0,irregular,delivery_transport,primary
402,2025,7,쿠팡이츠,967000,12,1,0,irregular,delivery_transport,primary
402,2025,8,쿠팡이츠,1276000,15,1,0,irregular,delivery_transport,primary
402,2025,9,쿠팡이츠,885000,8,1,1,irregular,delivery_transport,primary
402,2025,10,쿠팡이츠,1928000,19,1,0,irregular,delivery_transport,primary
402,2025,11,쿠팡이츠,1166000,12,1,0,irregular,delivery_transport,primary
402,2025,12,쿠팡이츠,1362000,17,1,1,irregular,delivery_transport,primary
402,2026,1,쿠팡이츠,2060000,21,1,1,irregular,delivery_transport,primary
402,2026,2,쿠팡이츠,1435000,15,1,1,irregular,delivery_transport,primary
402,2026,3,쿠팡이츠,3843000,27,1,0,irregular,delivery_transport,primary
402,2026,4,쿠팡이츠,2702000,27,1,0,irregular,delivery_transport,primary
402,2026,5,쿠팡이츠,1599000,16,1,0,irregular,delivery_transport,primary
403,2024,6,로지올,359000,9,3,0,seasonal,delivery_transport,occasional
403,2024,7,로지올,421000,12,3,0,seasonal,delivery_transport,occasional
403,2024,8,로지올,390000,11,3,0,seasonal,delivery_transport,occasional
403,2024,9,로지올,391000,11,3,1,seasonal,delivery_transport,occasional
403,2024,10,로지올,343000,12,3,0,seasonal,delivery_transport,occasional
403,2024,11,로지올,440000,13,3,0,seasonal,delivery_transport,occasional
403,2024,12,로지올,432000,14,3,1,seasonal,delivery_transport,occasional
403,2025,1,로지올,287000,10,3,1,seasonal,delivery_transport,occasional
403,2025,2,로지올,318000,10,3,1,seasonal,delivery_transport,occasional
403,2025,3,로지올,291000,8,3,0,seasonal,delivery_transport,occasional
403,2025,4,로지올,330000,12,3,0,seasonal,delivery_transport,occasional
403,2025,5,로지올,367000,12,3,0,seasonal,delivery_transport,occasional
403,2025,6,로지올,369000,10,3,0,seasonal,delivery_transport,occasional
403,2025,7,로지올,548000,16,3,0,seasonal,delivery_transport,occasional
403,2025,8,로지올,300000,9,3,0,seasonal,delivery_transport,occasional
403,2025,9,로지올,332000,11,3,1,seasonal,delivery_transport,occasional
403,2025,10,로지올,386000,11,3,0,seasonal,delivery_transport,occasional
403,2025,11,로지올,310000,9,3,0,seasonal,delivery_transport,occasional
403,2025,12,로지올,400000,11,3,1,seasonal,delivery_transport,occasional
403,2026,1,로지올,246000,7,3,1,seasonal,delivery_transport,occasional
403,2026,2,로지올,280000,10,3,1,seasonal,delivery_transport,occasional
403,2026,3,로지올,398000,11,3,0,seasonal,delivery_transport,occasional
403,2026,4,로지올,342000,10,3,0,seasonal,delivery_transport,occasional
403,2026,5,로지올,362000,12,3,0,seasonal,delivery_transport,occasional
404,2024,6,카카오T대리,2207000,16,1,0,seasonal,delivery_transport,primary
404,2024,7,카카오T대리,3006000,24,1,0,seasonal,delivery_transport,primary
404,2024,8,카카오T대리,1785000,14,1,0,seasonal,delivery_transport,primary
404,2024,9,카카오T대리,2706000,22,1,1,seasonal,delivery_transport,primary
404,2024,10,카카오T대리,2647000,19,1,0,seasonal,delivery_transport,primary
404,2024,11,카카오T대리,4392000,29,1,0,seasonal,delivery_transport,primary
404,2024,12,카카오T대리,3631000,25,1,1,seasonal,delivery_transport,primary
404,2025,1,카카오T대리,2079000,14,1,1,seasonal,delivery_transport,primary
404,2025,2,카카오T대리,2508000,17,1,1,seasonal,delivery_transport,primary
404,2025,3,카카오T대리,2421000,16,1,0,seasonal,delivery_transport,primary
404,2025,4,카카오T대리,2389000,17,1,0,seasonal,delivery_transport,primary
404,2025,5,카카오T대리,2125000,18,1,0,seasonal,delivery_transport,primary
404,2025,6,카카오T대리,3828000,25,1,0,seasonal,delivery_transport,primary
404,2025,7,카카오T대리,3060000,21,1,0,seasonal,delivery_transport,primary
404,2025,8,카카오T대리,2919000,23,1,0,seasonal,delivery_transport,primary
404,2025,9,카카오T대리,2592000,23,1,1,seasonal,delivery_transport,primary
404,2025,10,카카오T대리,2363000,18,1,0,seasonal,delivery_transport,primary
404,2025,11,카카오T대리,3400000,24,1,0,seasonal,delivery_transport,primary
404,2025,12,카카오T대리,3289000,22,1,1,seasonal,delivery_transport,primary
404,2026,1,카카오T대리,2380000,17,1,1,seasonal,delivery_transport,primary
404,2026,2,카카오T대리,1841000,16,1,1,seasonal,delivery_transport,primary
404,2026,3,카카오T대리,1913000,13,1,0,seasonal,delivery_transport,primary
404,2026,4,카카오T대리,3074000,25,1,0,seasonal,delivery_transport,primary
404,2026,5,카카오T대리,2342000,18,1,0,seasonal,delivery_transport,primary
405,2024,6,배달의민족,1254000,15,1,0,seasonal,delivery_transport,occasional
405,2024,7,배달의민족,1242000,14,1,0,seasonal,delivery_transport,occasional
405,2024,8,배달의민족,1005000,10,1,0,seasonal,delivery_transport,occasional
405,2024,9,배달의민족,1187000,13,1,1,seasonal,delivery_transport,occasional
405,2024,10,배달의민족,1131000,11,1,0,seasonal,delivery_transport,occasional
405,2024,11,배달의민족,954000,9,1,0,seasonal,delivery_transport,occasional
405,2024,12,배달의민족,1262000,14,1,1,seasonal,delivery_transport,occasional
405,2025,1,배달의민족,802000,8,1,1,seasonal,delivery_transport,occasional
405,2025,2,배달의민족,1094000,12,1,1,seasonal,delivery_transport,occasional
405,2025,3,배달의민족,1012000,11,1,0,seasonal,delivery_transport,occasional
405,2025,4,배달의민족,1153000,12,1,0,seasonal,delivery_transport,occasional
405,2025,5,배달의민족,1039000,12,1,0,seasonal,delivery_transport,occasional
405,2025,6,배달의민족,1067000,13,1,0,seasonal,delivery_transport,occasional
405,2025,7,배달의민족,1047000,13,1,0,seasonal,delivery_transport,occasional
405,2025,8,배달의민족,1263000,13,1,0,seasonal,delivery_transport,occasional
405,2025,9,배달의민족,1123000,13,1,1,seasonal,delivery_transport,occasional
405,2025,10,배달의민족,1032000,12,1,0,seasonal,delivery_transport,occasional
405,2025,11,배달의민족,1066000,13,1,0,seasonal,delivery_transport,occasional
405,2025,12,배달의민족,1415000,17,1,1,seasonal,delivery_transport,occasional
405,2026,1,배달의민족,893000,11,1,1,seasonal,delivery_transport,occasional
405,2026,2,배달의민족,875000,11,1,1,seasonal,delivery_transport,occasional
405,2026,3,배달의민족,853000,10,1,0,seasonal,delivery_transport,occasional
405,2026,4,배달의민족,980000,10,1,0,seasonal,delivery_transport,occasional
405,2026,5,배달의민족,1021000,11,1,0,seasonal,delivery_transport,occasional
406,2024,6,카카오모빌리티,1302000,22,1,0,irregular,delivery_transport,secondary
406,2024,7,카카오모빌리티,1088000,18,1,0,irregular,delivery_transport,secondary
406,2024,8,카카오모빌리티,999000,18,1,0,irregular,delivery_transport,secondary
406,2024,9,카카오모빌리티,647000,9,1,1,irregular,delivery_transport,secondary
406,2024,10,카카오모빌리티,1490000,20,1,0,irregular,delivery_transport,secondary
406,2024,11,카카오모빌리티,1795000,19,1,0,irregular,delivery_transport,secondary
406,2024,12,카카오모빌리티,2146000,24,1,1,irregular,delivery_transport,secondary
406,2025,1,카카오모빌리티,3627000,19,1,1,irregular,delivery_transport,secondary
406,2025,2,카카오모빌리티,1671000,22,1,1,irregular,delivery_transport,secondary
406,2025,3,카카오모빌리티,4053000,24,1,0,irregular,delivery_transport,secondary
406,2025,4,카카오모빌리티,2604000,22,1,0,irregular,delivery_transport,secondary
406,2025,5,카카오모빌리티,2458000,21,1,0,irregular,delivery_transport,secondary
406,2025,6,카카오모빌리티,3619000,22,1,0,irregular,delivery_transport,secondary
406,2025,7,카카오모빌리티,1272000,18,1,0,irregular,delivery_transport,secondary
406,2025,8,카카오모빌리티,0,0,0,0,irregular,delivery_transport,secondary
406,2025,9,카카오모빌리티,0,0,0,1,irregular,delivery_transport,secondary
406,2025,10,카카오모빌리티,1227000,19,1,0,irregular,delivery_transport,secondary
406,2025,11,카카오모빌리티,932000,15,1,0,irregular,delivery_transport,secondary
406,2025,12,카카오모빌리티,828000,16,1,1,irregular,delivery_transport,secondary
406,2026,1,카카오모빌리티,749000,11,1,1,irregular,delivery_transport,secondary
406,2026,2,카카오모빌리티,0,0,0,1,irregular,delivery_transport,secondary
406,2026,3,카카오모빌리티,713000,12,1,0,irregular,delivery_transport,secondary
406,2026,4,카카오모빌리티,610000,10,1,0,irregular,delivery_transport,secondary
406,2026,5,카카오모빌리티,1212000,19,1,0,irregular,delivery_transport,secondary
407,2024,6,바로고,1824000,23,2,0,seasonal,delivery_transport,primary
407,2024,7,바로고,2265000,28,2,0,seasonal,delivery_transport,primary
407,2024,8,바로고,2249000,21,2,0,seasonal,delivery_transport,primary
407,2024,9,바로고,2303000,23,2,1,seasonal,delivery_transport,primary
407,2024,10,바로고,2079000,26,2,0,seasonal,delivery_transport,primary
407,2024,11,바로고,1978000,21,2,0,seasonal,delivery_transport,primary
407,2024,12,바로고,2603000,28,2,1,seasonal,delivery_transport,primary
407,2025,1,바로고,1516000,18,2,1,seasonal,delivery_transport,primary
407,2025,2,바로고,1758000,17,2,1,seasonal,delivery_transport,primary
407,2025,3,바로고,1244000,15,2,0,seasonal,delivery_transport,primary
407,2025,4,바로고,1882000,20,2,0,seasonal,delivery_transport,primary
407,2025,5,바로고,1640000,18,2,0,seasonal,delivery_transport,primary
407,2025,6,바로고,2019000,25,2,0,seasonal,delivery_transport,primary
407,2025,7,바로고,2718000,30,2,0,seasonal,delivery_transport,primary
407,2025,8,바로고,2125000,21,2,0,seasonal,delivery_transport,primary
407,2025,9,바로고,2099000,21,2,1,seasonal,delivery_transport,primary
407,2025,10,바로고,1897000,18,2,0,seasonal,delivery_transport,primary
407,2025,11,바로고,2831000,25,2,0,seasonal,delivery_transport,primary
407,2025,12,바로고,3047000,25,2,1,seasonal,delivery_transport,primary
407,2026,1,바로고,1622000,17,2,1,seasonal,delivery_transport,primary
407,2026,2,바로고,1686000,16,2,1,seasonal,delivery_transport,primary
407,2026,3,바로고,2076000,25,2,0,seasonal,delivery_transport,primary
407,2026,4,바로고,2273000,21,2,0,seasonal,delivery_transport,primary
407,2026,5,바로고,2173000,25,2,0,seasonal,delivery_transport,primary
408,2024,6,쿠팡이츠,571000,8,2,0,regular,delivery_transport,occasional
408,2024,7,쿠팡이츠,758000,8,2,0,regular,delivery_transport,occasional
408,2024,8,쿠팡이츠,655000,8,2,0,regular,delivery_transport,occasional
408,2024,9,쿠팡이츠,555000,6,2,1,regular,delivery_transport,occasional
408,2024,10,쿠팡이츠,599000,8,2,0,regular,delivery_transport,occasional
408,2024,11,쿠팡이츠,538000,7,2,0,regular,delivery_transport,occasional
408,2024,12,쿠팡이츠,733000,10,2,1,regular,delivery_transport,occasional
408,2025,1,쿠팡이츠,566000,7,2,1,regular,delivery_transport,occasional
408,2025,2,쿠팡이츠,451000,6,2,1,regular,delivery_transport,occasional
408,2025,3,쿠팡이츠,775000,10,2,0,regular,delivery_transport,occasional
408,2025,4,쿠팡이츠,622000,8,2,0,regular,delivery_transport,occasional
408,2025,5,쿠팡이츠,660000,8,2,0,regular,delivery_transport,occasional
408,2025,6,쿠팡이츠,611000,8,2,0,regular,delivery_transport,occasional
408,2025,7,쿠팡이츠,830000,11,2,0,regular,delivery_transport,occasional
408,2025,8,쿠팡이츠,742000,9,2,0,regular,delivery_transport,occasional
408,2025,9,쿠팡이츠,728000,11,2,1,regular,delivery_transport,occasional
408,2025,10,쿠팡이츠,665000,9,2,0,regular,delivery_transport,occasional
408,2025,11,쿠팡이츠,731000,9,2,0,regular,delivery_transport,occasional
408,2025,12,쿠팡이츠,749000,9,2,1,regular,delivery_transport,occasional
408,2026,1,쿠팡이츠,663000,8,2,1,regular,delivery_transport,occasional
408,2026,2,쿠팡이츠,617000,8,2,1,regular,delivery_transport,occasional
408,2026,3,쿠팡이츠,446000,5,2,0,regular,delivery_transport,occasional
408,2026,4,쿠팡이츠,552000,8,2,0,regular,delivery_transport,occasional
408,2026,5,쿠팡이츠,623000,7,2,0,regular,delivery_transport,occasional
409,2024,6,이랜서,2547000,24,1,0,regular,it_service,primary
409,2024,7,이랜서,2354000,24,1,0,regular,it_service,primary
409,2024,8,이랜서,2546000,23,1,0,regular,it_service,primary
409,2024,9,이랜서,1704000,19,1,1,regular,it_service,primary
409,2024,10,이랜서,1833000,20,1,0,regular,it_service,primary
409,2024,11,이랜서,2636000,29,1,0,regular,it_service,primary
409,2024,12,이랜서,2115000,24,1,1,regular,it_service,primary
409,2025,1,이랜서,2092000,22,1,1,regular,it_service,primary
409,2025,2,이랜서,2234000,24,1,1,regular,it_service,primary
409,2025,3,이랜서,2142000,26,1,0,regular,it_service,primary
409,2025,4,이랜서,1477000,13,1,0,regular,it_service,primary
409,2025,5,이랜서,2441000,25,1,0,regular,it_service,primary
409,2025,6,이랜서,2254000,23,1,0,regular,it_service,primary
409,2025,7,이랜서,3344000,30,1,0,regular,it_service,primary
409,2025,8,이랜서,2362000,22,1,0,regular,it_service,primary
409,2025,9,이랜서,2489000,26,1,1,regular,it_service,primary
409,2025,10,이랜서,2381000,25,1,0,regular,it_service,primary
409,2025,11,이랜서,1745000,19,1,0,regular,it_service,primary
409,2025,12,이랜서,1608000,17,1,1,regular,it_service,primary
409,2026,1,이랜서,1973000,20,1,1,regular,it_service,primary
409,2026,2,이랜서,2326000,25,1,1,regular,it_service,primary
409,2026,3,이랜서,1996000,19,1,0,regular,it_service,primary
409,2026,4,이랜서,2769000,32,1,0,regular,it_service,primary
409,2026,5,이랜서,1952000,24,1,0,regular,it_service,primary
410,2024,6,카카오T대리,3313000,22,2,0,seasonal,delivery_transport,primary
410,2024,7,카카오T대리,2607000,21,2,0,seasonal,delivery_transport,primary
410,2024,8,카카오T대리,2437000,18,2,0,seasonal,delivery_transport,primary
410,2024,9,카카오T대리,2451000,19,2,1,seasonal,delivery_transport,primary
410,2024,10,카카오T대리,2737000,23,2,0,seasonal,delivery_transport,primary
410,2024,11,카카오T대리,2611000,19,2,0,seasonal,delivery_transport,primary
410,2024,12,카카오T대리,3305000,26,2,1,seasonal,delivery_transport,primary
410,2025,1,카카오T대리,2005000,16,2,1,seasonal,delivery_transport,primary
410,2025,2,카카오T대리,2286000,19,2,1,seasonal,delivery_transport,primary
410,2025,3,카카오T대리,2116000,20,2,0,seasonal,delivery_transport,primary
410,2025,4,카카오T대리,2146000,17,2,0,seasonal,delivery_transport,primary
410,2025,5,카카오T대리,2599000,23,2,0,seasonal,delivery_transport,primary
410,2025,6,카카오T대리,2430000,21,2,0,seasonal,delivery_transport,primary
410,2025,7,카카오T대리,2231000,17,2,0,seasonal,delivery_transport,primary
410,2025,8,카카오T대리,2329000,17,2,0,seasonal,delivery_transport,primary
410,2025,9,카카오T대리,1971000,19,2,1,seasonal,delivery_transport,primary
410,2025,10,카카오T대리,2445000,21,2,0,seasonal,delivery_transport,primary
410,2025,11,카카오T대리,3234000,30,2,0,seasonal,delivery_transport,primary
410,2025,12,카카오T대리,3426000,23,2,1,seasonal,delivery_transport,primary
410,2026,1,카카오T대리,1736000,16,2,1,seasonal,delivery_transport,primary
410,2026,2,카카오T대리,2147000,18,2,1,seasonal,delivery_transport,primary
410,2026,3,카카오T대리,2047000,16,2,0,seasonal,delivery_transport,primary
410,2026,4,카카오T대리,2706000,24,2,0,seasonal,delivery_transport,primary
410,2026,5,카카오T대리,3114000,28,2,0,seasonal,delivery_transport,primary
411,2024,6,숨고,362000,4,2,0,irregular,professional,occasional
411,2024,7,숨고,284000,3,2,0,irregular,professional,occasional
411,2024,8,숨고,624000,4,2,0,irregular,professional,occasional
411,2024,9,숨고,0,0,0,1,irregular,professional,occasional
411,2024,10,숨고,688000,5,2,0,irregular,professional,occasional
411,2024,11,숨고,329000,3,2,0,irregular,professional,occasional
411,2024,12,숨고,390000,3,2,1,irregular,professional,occasional
411,2025,1,숨고,644000,5,2,1,irregular,professional,occasional
411,2025,2,숨고,300000,3,2,1,irregular,professional,occasional
411,2025,3,숨고,161000,1,2,0,irregular,professional,occasional
411,2025,4,숨고,284000,3,2,0,irregular,professional,occasional
411,2025,5,숨고,784000,5,2,0,irregular,professional,occasional
411,2025,6,숨고,114000,1,1,0,irregular,professional,occasional
411,2025,7,숨고,0,0,0,0,irregular,professional,occasional
411,2025,8,숨고,229000,2,2,0,irregular,professional,occasional
411,2025,9,숨고,201000,2,2,1,irregular,professional,occasional
411,2025,10,숨고,0,0,0,0,irregular,professional,occasional
411,2025,11,숨고,91000,1,1,0,irregular,professional,occasional
411,2025,12,숨고,638000,5,2,1,irregular,professional,occasional
411,2026,1,숨고,277000,3,2,1,irregular,professional,occasional
411,2026,2,숨고,332000,3,2,1,irregular,professional,occasional
411,2026,3,숨고,287000,3,2,0,irregular,professional,occasional
411,2026,4,숨고,73000,1,1,0,irregular,professional,occasional
411,2026,5,숨고,199000,2,2,0,irregular,professional,occasional
412,2024,6,배달의민족,1490000,21,3,0,regular,delivery_transport,primary
412,2024,7,배달의민족,1754000,19,3,0,regular,delivery_transport,primary
412,2024,8,배달의민족,1667000,19,3,0,regular,delivery_transport,primary
412,2024,9,배달의민족,1641000,19,3,1,regular,delivery_transport,primary
412,2024,10,배달의민족,1966000,27,3,0,regular,delivery_transport,primary
412,2024,11,배달의민족,1680000,23,3,0,regular,delivery_transport,primary
412,2024,12,배달의민족,1666000,21,3,1,regular,delivery_transport,primary
412,2025,1,배달의민족,1708000,20,3,1,regular,delivery_transport,primary
412,2025,2,배달의민족,1496000,21,3,1,regular,delivery_transport,primary
412,2025,3,배달의민족,1569000,23,3,0,regular,delivery_transport,primary
412,2025,4,배달의민족,1749000,21,3,0,regular,delivery_transport,primary
412,2025,5,배달의민족,1640000,20,3,0,regular,delivery_transport,primary
412,2025,6,배달의민족,1695000,22,3,0,regular,delivery_transport,primary
412,2025,7,배달의민족,1595000,18,3,0,regular,delivery_transport,primary
412,2025,8,배달의민족,1587000,23,3,0,regular,delivery_transport,primary
412,2025,9,배달의민족,1742000,20,3,1,regular,delivery_transport,primary
412,2025,10,배달의민족,1543000,19,3,0,regular,delivery_transport,primary
412,2025,11,배달의민족,1771000,25,3,0,regular,delivery_transport,primary
412,2025,12,배달의민족,1760000,20,3,1,regular,delivery_transport,primary
412,2026,1,배달의민족,1597000,18,3,1,regular,delivery_transport,primary
412,2026,2,배달의민족,1635000,18,3,1,regular,delivery_transport,primary
412,2026,3,배달의민족,1710000,21,3,0,regular,delivery_transport,primary
412,2026,4,배달의민족,1796000,26,3,0,regular,delivery_transport,primary
412,2026,5,배달의민족,1569000,23,3,0,regular,delivery_transport,primary
413,2024,6,쿠팡이츠,3038000,25,2,0,regular,delivery_transport,primary
413,2024,7,쿠팡이츠,2542000,23,2,0,regular,delivery_transport,primary
413,2024,8,쿠팡이츠,2130000,15,2,0,regular,delivery_transport,primary
413,2024,9,쿠팡이츠,2957000,26,2,1,regular,delivery_transport,primary
413,2024,10,쿠팡이츠,2537000,17,2,0,regular,delivery_transport,primary
413,2024,11,쿠팡이츠,2181000,17,2,0,regular,delivery_transport,primary
413,2024,12,쿠팡이츠,2549000,20,2,1,regular,delivery_transport,primary
413,2025,1,쿠팡이츠,2403000,19,2,1,regular,delivery_transport,primary
413,2025,2,쿠팡이츠,2525000,17,2,1,regular,delivery_transport,primary
413,2025,3,쿠팡이츠,2671000,23,2,0,regular,delivery_transport,primary
413,2025,4,쿠팡이츠,1983000,14,2,0,regular,delivery_transport,primary
413,2025,5,쿠팡이츠,2461000,22,2,0,regular,delivery_transport,primary
413,2025,6,쿠팡이츠,2178000,16,2,0,regular,delivery_transport,primary
413,2025,7,쿠팡이츠,2548000,22,2,0,regular,delivery_transport,primary
413,2025,8,쿠팡이츠,2807000,25,2,0,regular,delivery_transport,primary
413,2025,9,쿠팡이츠,2559000,21,2,1,regular,delivery_transport,primary
413,2025,10,쿠팡이츠,2491000,22,2,0,regular,delivery_transport,primary
413,2025,11,쿠팡이츠,2463000,17,2,0,regular,delivery_transport,primary
413,2025,12,쿠팡이츠,2509000,19,2,1,regular,delivery_transport,primary
413,2026,1,쿠팡이츠,2527000,19,2,1,regular,delivery_transport,primary
413,2026,2,쿠팡이츠,2349000,19,2,1,regular,delivery_transport,primary
413,2026,3,쿠팡이츠,2269000,18,2,0,regular,delivery_transport,primary
413,2026,4,쿠팡이츠,2612000,20,2,0,regular,delivery_transport,primary
413,2026,5,쿠팡이츠,2756000,21,2,0,regular,delivery_transport,primary
414,2024,6,카카오모빌리티,1688000,26,1,0,seasonal,delivery_transport,primary
414,2024,7,카카오모빌리티,2022000,23,1,0,seasonal,delivery_transport,primary
414,2024,8,카카오모빌리티,1672000,25,1,0,seasonal,delivery_transport,primary
414,2024,9,카카오모빌리티,1759000,22,1,1,seasonal,delivery_transport,primary
414,2024,10,카카오모빌리티,1888000,27,1,0,seasonal,delivery_transport,primary
414,2024,11,카카오모빌리티,1707000,23,1,0,seasonal,delivery_transport,primary
414,2024,12,카카오모빌리티,1348000,16,1,1,seasonal,delivery_transport,primary
414,2025,1,카카오모빌리티,1482000,17,1,1,seasonal,delivery_transport,primary
414,2025,2,카카오모빌리티,1576000,19,1,1,seasonal,delivery_transport,primary
414,2025,3,카카오모빌리티,2022000,29,1,0,seasonal,delivery_transport,primary
414,2025,4,카카오모빌리티,1876000,22,1,0,seasonal,delivery_transport,primary
414,2025,5,카카오모빌리티,1329000,17,1,0,seasonal,delivery_transport,primary
414,2025,6,카카오모빌리티,1539000,21,1,0,seasonal,delivery_transport,primary
414,2025,7,카카오모빌리티,1733000,22,1,0,seasonal,delivery_transport,primary
414,2025,8,카카오모빌리티,1711000,21,1,0,seasonal,delivery_transport,primary
414,2025,9,카카오모빌리티,1577000,23,1,1,seasonal,delivery_transport,primary
414,2025,10,카카오모빌리티,2165000,26,1,0,seasonal,delivery_transport,primary
414,2025,11,카카오모빌리티,1311000,17,1,0,seasonal,delivery_transport,primary
414,2025,12,카카오모빌리티,1287000,20,1,1,seasonal,delivery_transport,primary
414,2026,1,카카오모빌리티,1675000,23,1,1,seasonal,delivery_transport,primary
414,2026,2,카카오모빌리티,1436000,17,1,1,seasonal,delivery_transport,primary
414,2026,3,카카오모빌리티,1731000,22,1,0,seasonal,delivery_transport,primary
414,2026,4,카카오모빌리티,1508000,22,1,0,seasonal,delivery_transport,primary
414,2026,5,카카오모빌리티,1369000,16,1,0,seasonal,delivery_transport,primary
415,2024,6,쿠팡이츠,1996000,19,1,0,seasonal,delivery_transport,primary
415,2024,7,쿠팡이츠,2834000,28,1,0,seasonal,delivery_transport,primary
415,2024,8,쿠팡이츠,2070000,19,1,0,seasonal,delivery_transport,primary
415,2024,9,쿠팡이츠,1781000,20,1,1,seasonal,delivery_transport,primary
415,2024,10,쿠팡이츠,2144000,25,1,0,seasonal,delivery_transport,primary
415,2024,11,쿠팡이츠,2000000,22,1,0,seasonal,delivery_transport,primary
415,2024,12,쿠팡이츠,1534000,16,1,1,seasonal,delivery_transport,primary
415,2025,1,쿠팡이츠,1626000,17,1,1,seasonal,delivery_transport,primary
415,2025,2,쿠팡이츠,1733000,16,1,1,seasonal,delivery_transport,primary
415,2025,3,쿠팡이츠,1715000,15,1,0,seasonal,delivery_transport,primary
415,2025,4,쿠팡이츠,2065000,18,1,0,seasonal,delivery_transport,primary
415,2025,5,쿠팡이츠,1873000,19,1,0,seasonal,delivery_transport,primary
415,2025,6,쿠팡이츠,2263000,27,1,0,seasonal,delivery_transport,primary
415,2025,7,쿠팡이츠,3133000,24,1,0,seasonal,delivery_transport,primary
415,2025,8,쿠팡이츠,1987000,22,1,0,seasonal,delivery_transport,primary
415,2025,9,쿠팡이츠,1821000,17,1,1,seasonal,delivery_transport,primary
415,2025,10,쿠팡이츠,2545000,26,1,0,seasonal,delivery_transport,primary
415,2025,11,쿠팡이츠,2417000,23,1,0,seasonal,delivery_transport,primary
415,2025,12,쿠팡이츠,2898000,26,1,1,seasonal,delivery_transport,primary
415,2026,1,쿠팡이츠,1819000,16,1,1,seasonal,delivery_transport,primary
415,2026,2,쿠팡이츠,1839000,17,1,1,seasonal,delivery_transport,primary
415,2026,3,쿠팡이츠,1847000,16,1,0,seasonal,delivery_transport,primary
415,2026,4,쿠팡이츠,2174000,26,1,0,seasonal,delivery_transport,primary
415,2026,5,쿠팡이츠,2246000,25,1,0,seasonal,delivery_transport,primary
416,2024,6,쿠팡이츠,2199000,23,1,0,irregular,delivery_transport,primary
416,2024,7,쿠팡이츠,1632000,14,1,0,irregular,delivery_transport,primary
416,2024,8,쿠팡이츠,1655000,18,1,0,irregular,delivery_transport,primary
416,2024,9,쿠팡이츠,0,0,0,1,irregular,delivery_transport,primary
416,2024,10,쿠팡이츠,0,0,0,0,irregular,delivery_transport,primary
416,2024,11,쿠팡이츠,0,0,0,0,irregular,delivery_transport,primary
416,2024,12,쿠팡이츠,0,0,0,1,irregular,delivery_transport,primary
416,2025,1,쿠팡이츠,0,0,0,1,irregular,delivery_transport,primary
416,2025,2,쿠팡이츠,1748000,19,1,1,irregular,delivery_transport,primary
416,2025,3,쿠팡이츠,1417000,16,1,0,irregular,delivery_transport,primary
416,2025,4,쿠팡이츠,5298000,30,1,0,irregular,delivery_transport,primary
416,2025,5,쿠팡이츠,2268000,22,1,0,irregular,delivery_transport,primary
416,2025,6,쿠팡이츠,3061000,26,1,0,irregular,delivery_transport,primary
416,2025,7,쿠팡이츠,5111000,25,1,0,irregular,delivery_transport,primary
416,2025,8,쿠팡이츠,3732000,29,1,0,irregular,delivery_transport,primary
416,2025,9,쿠팡이츠,2887000,27,1,1,irregular,delivery_transport,primary
416,2025,10,쿠팡이츠,1672000,17,1,0,irregular,delivery_transport,primary
416,2025,11,쿠팡이츠,2737000,25,1,0,irregular,delivery_transport,primary
416,2025,12,쿠팡이츠,1868000,15,1,1,irregular,delivery_transport,primary
416,2026,1,쿠팡이츠,3472000,22,1,1,irregular,delivery_transport,primary
416,2026,2,쿠팡이츠,4252000,28,1,1,irregular,delivery_transport,primary
416,2026,3,쿠팡이츠,3429000,25,1,0,irregular,delivery_transport,primary
416,2026,4,쿠팡이츠,3367000,27,1,0,irregular,delivery_transport,primary
416,2026,5,쿠팡이츠,3613000,30,1,0,irregular,delivery_transport,primary
417,2024,6,배달의민족,1625000,21,1,0,irregular,delivery_transport,primary
417,2024,7,배달의민족,2932000,35,1,0,irregular,delivery_transport,primary
417,2024,8,배달의민족,1742000,20,1,0,irregular,delivery_transport,primary
417,2024,9,배달의민족,1893000,26,1,1,irregular,delivery_transport,primary
417,2024,10,배달의민족,3152000,33,1,0,irregular,delivery_transport,primary
417,2024,11,배달의민족,3498000,27,1,0,irregular,delivery_transport,primary
417,2024,12,배달의민족,1908000,25,1,1,irregular,delivery_transport,primary
417,2025,1,배달의민족,1893000,22,1,1,irregular,delivery_transport,primary
417,2025,2,배달의민족,3329000,36,1,1,irregular,delivery_transport,primary
417,2025,3,배달의민족,4960000,31,1,0,irregular,delivery_transport,primary
417,2025,4,배달의민족,3510000,33,1,0,irregular,delivery_transport,primary
417,2025,5,배달의민족,4303000,34,1,0,irregular,delivery_transport,primary
417,2025,6,배달의민족,4873000,29,1,0,irregular,delivery_transport,primary
417,2025,7,배달의민족,3794000,32,1,0,irregular,delivery_transport,primary
417,2025,8,배달의민족,1574000,17,1,0,irregular,delivery_transport,primary
417,2025,9,배달의민족,1348000,18,1,1,irregular,delivery_transport,primary
417,2025,10,배달의민족,0,0,0,0,irregular,delivery_transport,primary
417,2025,11,배달의민족,0,0,0,0,irregular,delivery_transport,primary
417,2025,12,배달의민족,0,0,0,1,irregular,delivery_transport,primary
417,2026,1,배달의민족,2310000,26,1,1,irregular,delivery_transport,primary
417,2026,2,배달의민족,2899000,28,1,1,irregular,delivery_transport,primary
417,2026,3,배달의민족,1395000,15,1,0,irregular,delivery_transport,primary
417,2026,4,배달의민족,2715000,31,1,0,irregular,delivery_transport,primary
417,2026,5,배달의민족,1926000,28,1,0,irregular,delivery_transport,primary
418,2024,6,쿠팡플렉스,2125000,21,2,0,regular,delivery_transport,primary
418,2024,7,쿠팡플렉스,2399000,20,2,0,regular,delivery_transport,primary
418,2024,8,쿠팡플렉스,2445000,22,2,0,regular,delivery_transport,primary
418,2024,9,쿠팡플렉스,2038000,17,2,1,regular,delivery_transport,primary
418,2024,10,쿠팡플렉스,2300000,22,2,0,regular,delivery_transport,primary
418,2024,11,쿠팡플렉스,1977000,18,2,0,regular,delivery_transport,primary
418,2024,12,쿠팡플렉스,1889000,14,2,1,regular,delivery_transport,primary
418,2025,1,쿠팡플렉스,2686000,24,2,1,regular,delivery_transport,primary
418,2025,2,쿠팡플렉스,2514000,24,2,1,regular,delivery_transport,primary
418,2025,3,쿠팡플렉스,2175000,20,2,0,regular,delivery_transport,primary
418,2025,4,쿠팡플렉스,2742000,24,2,0,regular,delivery_transport,primary
418,2025,5,쿠팡플렉스,2394000,21,2,0,regular,delivery_transport,primary
418,2025,6,쿠팡플렉스,2224000,20,2,0,regular,delivery_transport,primary
418,2025,7,쿠팡플렉스,2439000,20,2,0,regular,delivery_transport,primary
418,2025,8,쿠팡플렉스,2289000,19,2,0,regular,delivery_transport,primary
418,2025,9,쿠팡플렉스,2673000,21,2,1,regular,delivery_transport,primary
418,2025,10,쿠팡플렉스,2658000,24,2,0,regular,delivery_transport,primary
418,2025,11,쿠팡플렉스,2234000,17,2,0,regular,delivery_transport,primary
418,2025,12,쿠팡플렉스,2259000,19,2,1,regular,delivery_transport,primary
418,2026,1,쿠팡플렉스,2701000,25,2,1,regular,delivery_transport,primary
418,2026,2,쿠팡플렉스,2137000,18,2,1,regular,delivery_transport,primary
418,2026,3,쿠팡플렉스,2599000,26,2,0,regular,delivery_transport,primary
418,2026,4,쿠팡플렉스,1914000,14,2,0,regular,delivery_transport,primary
418,2026,5,쿠팡플렉스,2735000,21,2,0,regular,delivery_transport,primary
419,2024,6,카카오T대리,359000,9,2,0,irregular,delivery_transport,secondary
419,2024,7,카카오T대리,641000,14,2,0,irregular,delivery_transport,secondary
419,2024,8,카카오T대리,649000,15,2,0,irregular,delivery_transport,secondary
419,2024,9,카카오T대리,1072000,20,2,1,irregular,delivery_transport,secondary
419,2024,10,카카오T대리,960000,20,2,0,irregular,delivery_transport,secondary
419,2024,11,카카오T대리,1058000,22,2,0,irregular,delivery_transport,secondary
419,2024,12,카카오T대리,1771000,21,2,1,irregular,delivery_transport,secondary
419,2025,1,카카오T대리,1278000,22,2,1,irregular,delivery_transport,secondary
419,2025,2,카카오T대리,716000,14,2,1,irregular,delivery_transport,secondary
419,2025,3,카카오T대리,408000,8,2,0,irregular,delivery_transport,secondary
419,2025,4,카카오T대리,0,0,0,0,irregular,delivery_transport,secondary
419,2025,5,카카오T대리,318000,6,2,0,irregular,delivery_transport,secondary
419,2025,6,카카오T대리,437000,8,2,0,irregular,delivery_transport,secondary
419,2025,7,카카오T대리,0,0,0,0,irregular,delivery_transport,secondary
419,2025,8,카카오T대리,514000,9,2,0,irregular,delivery_transport,secondary
419,2025,9,카카오T대리,567000,13,2,1,irregular,delivery_transport,secondary
419,2025,10,카카오T대리,695000,12,2,0,irregular,delivery_transport,secondary
419,2025,11,카카오T대리,819000,18,2,0,irregular,delivery_transport,secondary
419,2025,12,카카오T대리,886000,16,2,1,irregular,delivery_transport,secondary
419,2026,1,카카오T대리,581000,11,2,1,irregular,delivery_transport,secondary
419,2026,2,카카오T대리,325000,7,2,1,irregular,delivery_transport,secondary
419,2026,3,카카오T대리,0,0,0,0,irregular,delivery_transport,secondary
419,2026,4,카카오T대리,0,0,0,0,irregular,delivery_transport,secondary
419,2026,5,카카오T대리,437000,8,2,0,irregular,delivery_transport,secondary
420,2024,6,트위치,3020000,26,3,0,irregular,creative,primary
420,2024,7,트위치,3844000,29,3,0,irregular,creative,primary
420,2024,8,트위치,4975000,32,3,0,irregular,creative,primary
420,2024,9,트위치,1052000,17,3,1,irregular,creative,primary
420,2024,10,트위치,0,0,0,0,irregular,creative,primary
420,2024,11,트위치,0,0,0,0,irregular,creative,primary
420,2024,12,트위치,9000000,34,3,1,irregular,creative,primary
420,2025,1,트위치,7575000,28,3,1,irregular,creative,primary
420,2025,2,트위치,4703000,32,3,1,irregular,creative,primary
420,2025,3,트위치,6431000,28,3,0,irregular,creative,primary
420,2025,4,트위치,5195000,30,3,0,irregular,creative,primary
420,2025,5,트위치,2448000,30,3,0,irregular,creative,primary
420,2025,6,트위치,8089000,32,3,0,irregular,creative,primary
420,2025,7,트위치,3544000,36,3,0,irregular,creative,primary
420,2025,8,트위치,5636000,32,3,0,irregular,creative,primary
420,2025,9,트위치,1182000,22,3,1,irregular,creative,primary
420,2025,10,트위치,867000,12,3,0,irregular,creative,primary
420,2025,11,트위치,1192000,18,3,0,irregular,creative,primary
420,2025,12,트위치,5153000,30,3,1,irregular,creative,primary
420,2026,1,트위치,2436000,36,3,1,irregular,creative,primary
420,2026,2,트위치,2213000,28,3,1,irregular,creative,primary
420,2026,3,트위치,0,0,0,0,irregular,creative,primary
420,2026,4,트위치,865000,15,3,0,irregular,creative,primary
420,2026,5,트위치,979000,16,3,0,irregular,creative,primary
421,2024,6,카카오모빌리티,0,0,0,0,irregular,delivery_transport,secondary
421,2024,7,카카오모빌리티,0,0,0,0,irregular,delivery_transport,secondary
421,2024,8,카카오모빌리티,1299000,14,1,0,irregular,delivery_transport,secondary
421,2024,9,카카오모빌리티,0,0,0,1,irregular,delivery_transport,secondary
421,2024,10,카카오모빌리티,1814000,17,1,0,irregular,delivery_transport,secondary
421,2024,11,카카오모빌리티,1407000,14,1,0,irregular,delivery_transport,secondary
421,2024,12,카카오모빌리티,1459000,15,1,1,irregular,delivery_transport,secondary
421,2025,1,카카오모빌리티,1220000,13,1,1,irregular,delivery_transport,secondary
421,2025,2,카카오모빌리티,1497000,14,1,1,irregular,delivery_transport,secondary
421,2025,3,카카오모빌리티,0,0,0,0,irregular,delivery_transport,secondary
421,2025,4,카카오모빌리티,1252000,12,1,0,irregular,delivery_transport,secondary
421,2025,5,카카오모빌리티,2789000,16,1,0,irregular,delivery_transport,secondary
421,2025,6,카카오모빌리티,4399000,15,1,0,irregular,delivery_transport,secondary
421,2025,7,카카오모빌리티,6587000,15,1,0,irregular,delivery_transport,secondary
421,2025,8,카카오모빌리티,4868000,18,1,0,irregular,delivery_transport,secondary
421,2025,9,카카오모빌리티,5748000,17,1,1,irregular,delivery_transport,secondary
421,2025,10,카카오모빌리티,2109000,15,1,0,irregular,delivery_transport,secondary
421,2025,11,카카오모빌리티,2898000,18,1,0,irregular,delivery_transport,secondary
421,2025,12,카카오모빌리티,1420000,16,1,1,irregular,delivery_transport,secondary
421,2026,1,카카오모빌리티,2554000,15,1,1,irregular,delivery_transport,secondary
421,2026,2,카카오모빌리티,2375000,14,1,1,irregular,delivery_transport,secondary
421,2026,3,카카오모빌리티,3273000,18,1,0,irregular,delivery_transport,secondary
421,2026,4,카카오모빌리티,5368000,18,1,0,irregular,delivery_transport,secondary
421,2026,5,카카오모빌리티,5562000,14,1,0,irregular,delivery_transport,secondary
422,2024,6,크몽,1793000,18,1,0,irregular,professional,primary
422,2024,7,크몽,825000,8,1,0,irregular,professional,primary
422,2024,8,크몽,706000,6,1,0,irregular,professional,primary
422,2024,9,크몽,900000,9,1,1,irregular,professional,primary
422,2024,10,크몽,0,0,0,0,irregular,professional,primary
422,2024,11,크몽,1750000,17,1,0,irregular,professional,primary
422,2024,12,크몽,4295000,27,1,1,irregular,professional,primary
422,2025,1,크몽,2002000,18,1,1,irregular,professional,primary
422,2025,2,크몽,1563000,13,1,1,irregular,professional,primary
422,2025,3,크몽,646000,6,1,0,irregular,professional,primary
422,2025,4,크몽,0,0,0,0,irregular,professional,primary
422,2025,5,크몽,3836000,26,1,0,irregular,professional,primary
422,2025,6,크몽,3263000,25,1,0,irregular,professional,primary
422,2025,7,크몽,6218000,22,1,0,irregular,professional,primary
422,2025,8,크몽,3784000,24,1,0,irregular,professional,primary
422,2025,9,크몽,468000,4,1,1,irregular,professional,primary
422,2025,10,크몽,623000,6,1,0,irregular,professional,primary
422,2025,11,크몽,0,0,0,0,irregular,professional,primary
422,2025,12,크몽,6277000,25,1,1,irregular,professional,primary
422,2026,1,크몽,2471000,19,1,1,irregular,professional,primary
422,2026,2,크몽,3690000,23,1,1,irregular,professional,primary
422,2026,3,크몽,2400000,21,1,0,irregular,professional,primary
422,2026,4,크몽,1942000,17,1,0,irregular,professional,primary
422,2026,5,크몽,1990000,15,1,0,irregular,professional,primary
423,2024,6,셀렉트스타,1135000,13,2,0,irregular,simple_computer,primary
423,2024,7,셀렉트스타,2338000,28,2,0,irregular,simple_computer,primary
423,2024,8,셀렉트스타,2162000,24,2,0,irregular,simple_computer,primary
423,2024,9,셀렉트스타,835000,10,1,1,irregular,simple_computer,primary
423,2024,10,셀렉트스타,439000,4,1,0,irregular,simple_computer,primary
423,2024,11,셀렉트스타,779000,9,1,0,irregular,simple_computer,primary
423,2024,12,셀렉트스타,1814000,18,2,1,irregular,simple_computer,primary
423,2025,1,셀렉트스타,498000,6,1,1,irregular,simple_computer,primary
423,2025,2,셀렉트스타,3836000,27,2,1,irregular,simple_computer,primary
423,2025,3,셀렉트스타,2949000,33,2,0,irregular,simple_computer,primary
423,2025,4,셀렉트스타,441000,5,1,0,irregular,simple_computer,primary
423,2025,5,셀렉트스타,1118000,11,2,0,irregular,simple_computer,primary
423,2025,6,셀렉트스타,0,0,0,0,irregular,simple_computer,primary
423,2025,7,셀렉트스타,0,0,0,0,irregular,simple_computer,primary
423,2025,8,셀렉트스타,0,0,0,0,irregular,simple_computer,primary
423,2025,9,셀렉트스타,0,0,0,1,irregular,simple_computer,primary
423,2025,10,셀렉트스타,0,0,0,0,irregular,simple_computer,primary
423,2025,11,셀렉트스타,0,0,0,0,irregular,simple_computer,primary
423,2025,12,셀렉트스타,0,0,0,1,irregular,simple_computer,primary
423,2026,1,셀렉트스타,0,0,0,1,irregular,simple_computer,primary
423,2026,2,셀렉트스타,0,0,0,1,irregular,simple_computer,primary
423,2026,3,셀렉트스타,0,0,0,0,irregular,simple_computer,primary
423,2026,4,셀렉트스타,0,0,0,0,irregular,simple_computer,primary
423,2026,5,셀렉트스타,0,0,0,0,irregular,simple_computer,primary
424,2024,6,요기요,3276000,25,3,0,irregular,delivery_transport,primary
424,2024,7,요기요,1929000,15,3,0,irregular,delivery_transport,primary
424,2024,8,요기요,4762000,27,3,0,irregular,delivery_transport,primary
424,2024,9,요기요,4264000,26,3,1,irregular,delivery_transport,primary
424,2024,10,요기요,4470000,21,3,0,irregular,delivery_transport,primary
424,2024,11,요기요,9000000,23,3,0,irregular,delivery_transport,primary
424,2024,12,요기요,7005000,24,3,1,irregular,delivery_transport,primary
424,2025,1,요기요,1748000,12,3,1,irregular,delivery_transport,primary
424,2025,2,요기요,1494000,12,3,1,irregular,delivery_transport,primary
424,2025,3,요기요,1802000,14,3,0,irregular,delivery_transport,primary
424,2025,4,요기요,1023000,6,2,0,irregular,delivery_transport,primary
424,2025,5,요기요,0,0,0,0,irregular,delivery_transport,primary
424,2025,6,요기요,0,0,0,0,irregular,delivery_transport,primary
424,2025,7,요기요,0,0,0,0,irregular,delivery_transport,primary
424,2025,8,요기요,906000,6,2,0,irregular,delivery_transport,primary
424,2025,9,요기요,1631000,12,3,1,irregular,delivery_transport,primary
424,2025,10,요기요,933000,6,2,0,irregular,delivery_transport,primary
424,2025,11,요기요,0,0,0,0,irregular,delivery_transport,primary
424,2025,12,요기요,0,0,0,1,irregular,delivery_transport,primary
424,2026,1,요기요,1130000,9,3,1,irregular,delivery_transport,primary
424,2026,2,요기요,1015000,7,2,1,irregular,delivery_transport,primary
424,2026,3,요기요,1259000,10,3,0,irregular,delivery_transport,primary
424,2026,4,요기요,2797000,22,3,0,irregular,delivery_transport,primary
424,2026,5,요기요,5319000,27,3,0,irregular,delivery_transport,primary
425,2024,6,미소,437000,8,2,0,seasonal,care_cleaning,occasional
425,2024,7,미소,456000,10,2,0,seasonal,care_cleaning,occasional
425,2024,8,미소,434000,8,2,0,seasonal,care_cleaning,occasional
425,2024,9,미소,429000,9,2,1,seasonal,care_cleaning,occasional
425,2024,10,미소,420000,8,2,0,seasonal,care_cleaning,occasional
425,2024,11,미소,435000,8,2,0,seasonal,care_cleaning,occasional
425,2024,12,미소,349000,6,2,1,seasonal,care_cleaning,occasional
425,2025,1,미소,489000,11,2,1,seasonal,care_cleaning,occasional
425,2025,2,미소,479000,11,2,1,seasonal,care_cleaning,occasional
425,2025,3,미소,389000,9,2,0,seasonal,care_cleaning,occasional
425,2025,4,미소,354000,7,2,0,seasonal,care_cleaning,occasional
425,2025,5,미소,492000,11,2,0,seasonal,care_cleaning,occasional
425,2025,6,미소,426000,9,2,0,seasonal,care_cleaning,occasional
425,2025,7,미소,399000,8,2,0,seasonal,care_cleaning,occasional
425,2025,8,미소,417000,7,2,0,seasonal,care_cleaning,occasional
425,2025,9,미소,402000,7,2,1,seasonal,care_cleaning,occasional
425,2025,10,미소,501000,11,2,0,seasonal,care_cleaning,occasional
425,2025,11,미소,468000,8,2,0,seasonal,care_cleaning,occasional
425,2025,12,미소,402000,8,2,1,seasonal,care_cleaning,occasional
425,2026,1,미소,425000,9,2,1,seasonal,care_cleaning,occasional
425,2026,2,미소,435000,8,2,1,seasonal,care_cleaning,occasional
425,2026,3,미소,388000,7,2,0,seasonal,care_cleaning,occasional
425,2026,4,미소,357000,6,2,0,seasonal,care_cleaning,occasional
425,2026,5,미소,436000,9,2,0,seasonal,care_cleaning,occasional
426,2024,6,카카오T대리,577000,9,2,0,seasonal,delivery_transport,occasional
426,2024,7,카카오T대리,644000,10,2,0,seasonal,delivery_transport,occasional
426,2024,8,카카오T대리,579000,8,2,0,seasonal,delivery_transport,occasional
426,2024,9,카카오T대리,721000,11,2,1,seasonal,delivery_transport,occasional
426,2024,10,카카오T대리,704000,11,2,0,seasonal,delivery_transport,occasional
426,2024,11,카카오T대리,806000,12,2,0,seasonal,delivery_transport,occasional
426,2024,12,카카오T대리,892000,12,2,1,seasonal,delivery_transport,occasional
426,2025,1,카카오T대리,494000,7,2,1,seasonal,delivery_transport,occasional
426,2025,2,카카오T대리,466000,7,2,1,seasonal,delivery_transport,occasional
426,2025,3,카카오T대리,567000,8,2,0,seasonal,delivery_transport,occasional
426,2025,4,카카오T대리,682000,11,2,0,seasonal,delivery_transport,occasional
426,2025,5,카카오T대리,638000,10,2,0,seasonal,delivery_transport,occasional
426,2025,6,카카오T대리,624000,10,2,0,seasonal,delivery_transport,occasional
426,2025,7,카카오T대리,537000,9,2,0,seasonal,delivery_transport,occasional
426,2025,8,카카오T대리,693000,10,2,0,seasonal,delivery_transport,occasional
426,2025,9,카카오T대리,609000,10,2,1,seasonal,delivery_transport,occasional
426,2025,10,카카오T대리,651000,11,2,0,seasonal,delivery_transport,occasional
426,2025,11,카카오T대리,961000,11,2,0,seasonal,delivery_transport,occasional
426,2025,12,카카오T대리,765000,12,2,1,seasonal,delivery_transport,occasional
426,2026,1,카카오T대리,520000,8,2,1,seasonal,delivery_transport,occasional
426,2026,2,카카오T대리,495000,9,2,1,seasonal,delivery_transport,occasional
426,2026,3,카카오T대리,560000,9,2,0,seasonal,delivery_transport,occasional
426,2026,4,카카오T대리,569000,9,2,0,seasonal,delivery_transport,occasional
426,2026,5,카카오T대리,590000,10,2,0,seasonal,delivery_transport,occasional
427,2024,6,카카오모빌리티,2484000,20,1,0,regular,delivery_transport,primary
427,2024,7,카카오모빌리티,2280000,21,1,0,regular,delivery_transport,primary
427,2024,8,카카오모빌리티,2941000,26,1,0,regular,delivery_transport,primary
427,2024,9,카카오모빌리티,2860000,21,1,1,regular,delivery_transport,primary
427,2024,10,카카오모빌리티,2207000,15,1,0,regular,delivery_transport,primary
427,2024,11,카카오모빌리티,2435000,21,1,0,regular,delivery_transport,primary
427,2024,12,카카오모빌리티,2478000,20,1,1,regular,delivery_transport,primary
427,2025,1,카카오모빌리티,2419000,22,1,1,regular,delivery_transport,primary
427,2025,2,카카오모빌리티,1966000,14,1,1,regular,delivery_transport,primary
427,2025,3,카카오모빌리티,2576000,21,1,0,regular,delivery_transport,primary
427,2025,4,카카오모빌리티,2552000,24,1,0,regular,delivery_transport,primary
427,2025,5,카카오모빌리티,2698000,25,1,0,regular,delivery_transport,primary
427,2025,6,카카오모빌리티,2313000,20,1,0,regular,delivery_transport,primary
427,2025,7,카카오모빌리티,2777000,22,1,0,regular,delivery_transport,primary
427,2025,8,카카오모빌리티,2648000,21,1,0,regular,delivery_transport,primary
427,2025,9,카카오모빌리티,2388000,20,1,1,regular,delivery_transport,primary
427,2025,10,카카오모빌리티,2282000,21,1,0,regular,delivery_transport,primary
427,2025,11,카카오모빌리티,2697000,20,1,0,regular,delivery_transport,primary
427,2025,12,카카오모빌리티,2470000,22,1,1,regular,delivery_transport,primary
427,2026,1,카카오모빌리티,2343000,17,1,1,regular,delivery_transport,primary
427,2026,2,카카오모빌리티,2517000,19,1,1,regular,delivery_transport,primary
427,2026,3,카카오모빌리티,2288000,17,1,0,regular,delivery_transport,primary
427,2026,4,카카오모빌리티,2602000,20,1,0,regular,delivery_transport,primary
427,2026,5,카카오모빌리티,2528000,20,1,0,regular,delivery_transport,primary
428,2024,6,프리모아,1377000,19,3,0,regular,it_service,secondary
428,2024,7,프리모아,1406000,15,3,0,regular,it_service,secondary
428,2024,8,프리모아,1276000,15,3,0,regular,it_service,secondary
428,2024,9,프리모아,1312000,17,3,1,regular,it_service,secondary
428,2024,10,프리모아,1394000,20,3,0,regular,it_service,secondary
428,2024,11,프리모아,1192000,15,3,0,regular,it_service,secondary
428,2024,12,프리모아,1227000,13,3,1,regular,it_service,secondary
428,2025,1,프리모아,1339000,16,3,1,regular,it_service,secondary
428,2025,2,프리모아,1106000,14,3,1,regular,it_service,secondary
428,2025,3,프리모아,1339000,17,3,0,regular,it_service,secondary
428,2025,4,프리모아,1130000,14,3,0,regular,it_service,secondary
428,2025,5,프리모아,1201000,13,3,0,regular,it_service,secondary
428,2025,6,프리모아,1146000,12,3,0,regular,it_service,secondary
428,2025,7,프리모아,1362000,15,3,0,regular,it_service,secondary
428,2025,8,프리모아,1220000,13,3,0,regular,it_service,secondary
428,2025,9,프리모아,1520000,22,3,1,regular,it_service,secondary
428,2025,10,프리모아,1199000,16,3,0,regular,it_service,secondary
428,2025,11,프리모아,1526000,21,3,0,regular,it_service,secondary
428,2025,12,프리모아,1334000,17,3,1,regular,it_service,secondary
428,2026,1,프리모아,1393000,16,3,1,regular,it_service,secondary
428,2026,2,프리모아,1723000,24,3,1,regular,it_service,secondary
428,2026,3,프리모아,1267000,14,3,0,regular,it_service,secondary
428,2026,4,프리모아,1650000,19,3,0,regular,it_service,secondary
428,2026,5,프리모아,1021000,13,3,0,regular,it_service,secondary
429,2024,6,크몽,5158000,23,1,0,irregular,professional,primary
429,2024,7,크몽,5960000,24,1,0,irregular,professional,primary
429,2024,8,크몽,1909000,13,1,0,irregular,professional,primary
429,2024,9,크몽,4243000,26,1,1,irregular,professional,primary
429,2024,10,크몽,1803000,16,1,0,irregular,professional,primary
429,2024,11,크몽,2120000,16,1,0,irregular,professional,primary
429,2024,12,크몽,1754000,12,1,1,irregular,professional,primary
429,2025,1,크몽,928000,7,1,1,irregular,professional,primary
429,2025,2,크몽,0,0,0,1,irregular,professional,primary
429,2025,3,크몽,0,0,0,0,irregular,professional,primary
429,2025,4,크몽,4408000,27,1,0,irregular,professional,primary
429,2025,5,크몽,2353000,18,1,0,irregular,professional,primary
429,2025,6,크몽,923000,8,1,0,irregular,professional,primary
429,2025,7,크몽,904000,7,1,0,irregular,professional,primary
429,2025,8,크몽,2484000,18,1,0,irregular,professional,primary
429,2025,9,크몽,2022000,18,1,1,irregular,professional,primary
429,2025,10,크몽,2497000,22,1,0,irregular,professional,primary
429,2025,11,크몽,0,0,0,0,irregular,professional,primary
429,2025,12,크몽,2656000,24,1,1,irregular,professional,primary
429,2026,1,크몽,0,0,0,1,irregular,professional,primary
429,2026,2,크몽,0,0,0,1,irregular,professional,primary
429,2026,3,크몽,1064000,9,1,0,irregular,professional,primary
429,2026,4,크몽,2061000,16,1,0,irregular,professional,primary
429,2026,5,크몽,4075000,28,1,0,irregular,professional,primary
430,2024,6,클래스101,1417000,11,2,0,irregular,creative,secondary
430,2024,7,클래스101,2005000,16,2,0,irregular,creative,secondary
430,2024,8,클래스101,662000,6,2,0,irregular,creative,secondary
430,2024,9,클래스101,685000,6,2,1,irregular,creative,secondary
430,2024,10,클래스101,0,0,0,0,irregular,creative,secondary
430,2024,11,클래스101,4147000,19,2,0,irregular,creative,secondary
430,2024,12,클래스101,276000,3,1,1,irregular,creative,secondary
430,2025,1,클래스101,3628000,21,2,1,irregular,creative,secondary
430,2025,2,클래스101,8603000,17,2,1,irregular,creative,secondary
430,2025,3,클래스101,3486000,21,2,0,irregular,creative,secondary
430,2025,4,클래스101,1013000,8,2,0,irregular,creative,secondary
430,2025,5,클래스101,1153000,11,2,0,irregular,creative,secondary
430,2025,6,클래스101,536000,4,1,0,irregular,creative,secondary
430,2025,7,클래스101,2081000,20,2,0,irregular,creative,secondary
430,2025,8,클래스101,0,0,0,0,irregular,creative,secondary
430,2025,9,클래스101,1356000,10,2,1,irregular,creative,secondary
430,2025,10,클래스101,2672000,21,2,0,irregular,creative,secondary
430,2025,11,클래스101,0,0,0,0,irregular,creative,secondary
430,2025,12,클래스101,292000,3,1,1,irregular,creative,secondary
430,2026,1,클래스101,0,0,0,1,irregular,creative,secondary
430,2026,2,클래스101,0,0,0,1,irregular,creative,secondary
430,2026,3,클래스101,0,0,0,0,irregular,creative,secondary
430,2026,4,클래스101,2721000,20,2,0,irregular,creative,secondary
430,2026,5,클래스101,5273000,16,2,0,irregular,creative,secondary
431,2024,6,에이모,0,0,0,0,irregular,simple_computer,occasional
431,2024,7,에이모,0,0,0,0,irregular,simple_computer,occasional
431,2024,8,에이모,0,0,0,0,irregular,simple_computer,occasional
431,2024,9,에이모,0,0,0,1,irregular,simple_computer,occasional
431,2024,10,에이모,356000,7,3,0,irregular,simple_computer,occasional
431,2024,11,에이모,0,0,0,0,irregular,simple_computer,occasional
431,2024,12,에이모,0,0,0,1,irregular,simple_computer,occasional
431,2025,1,에이모,868000,14,3,1,irregular,simple_computer,occasional
431,2025,2,에이모,0,0,0,1,irregular,simple_computer,occasional
431,2025,3,에이모,0,0,0,0,irregular,simple_computer,occasional
431,2025,4,에이모,559000,13,3,0,irregular,simple_computer,occasional
431,2025,5,에이모,504000,11,3,0,irregular,simple_computer,occasional
431,2025,6,에이모,332000,7,3,0,irregular,simple_computer,occasional
431,2025,7,에이모,950000,11,3,0,irregular,simple_computer,occasional
431,2025,8,에이모,809000,11,3,0,irregular,simple_computer,occasional
431,2025,9,에이모,0,0,0,1,irregular,simple_computer,occasional
431,2025,10,에이모,605000,11,3,0,irregular,simple_computer,occasional
431,2025,11,에이모,556000,11,3,0,irregular,simple_computer,occasional
431,2025,12,에이모,1036000,12,3,1,irregular,simple_computer,occasional
431,2026,1,에이모,1058000,11,3,1,irregular,simple_computer,occasional
431,2026,2,에이모,1154000,14,3,1,irregular,simple_computer,occasional
431,2026,3,에이모,719000,12,3,0,irregular,simple_computer,occasional
431,2026,4,에이모,1885000,13,3,0,irregular,simple_computer,occasional
431,2026,5,에이모,563000,11,3,0,irregular,simple_computer,occasional
432,2024,6,바로고,948000,5,3,0,seasonal,delivery_transport,occasional
432,2024,7,바로고,890000,4,3,0,seasonal,delivery_transport,occasional
432,2024,8,바로고,905000,4,3,0,seasonal,delivery_transport,occasional
432,2024,9,바로고,764000,4,3,1,seasonal,delivery_transport,occasional
432,2024,10,바로고,940000,4,3,0,seasonal,delivery_transport,occasional
432,2024,11,바로고,772000,3,3,0,seasonal,delivery_transport,occasional
432,2024,12,바로고,1003000,4,3,1,seasonal,delivery_transport,occasional
432,2025,1,바로고,789000,3,3,1,seasonal,delivery_transport,occasional
432,2025,2,바로고,579000,3,3,1,seasonal,delivery_transport,occasional
432,2025,3,바로고,837000,5,3,0,seasonal,delivery_transport,occasional
432,2025,4,바로고,715000,3,3,0,seasonal,delivery_transport,occasional
432,2025,5,바로고,880000,5,3,0,seasonal,delivery_transport,occasional
432,2025,6,바로고,787000,3,3,0,seasonal,delivery_transport,occasional
432,2025,7,바로고,917000,5,3,0,seasonal,delivery_transport,occasional
432,2025,8,바로고,907000,4,3,0,seasonal,delivery_transport,occasional
432,2025,9,바로고,946000,5,3,1,seasonal,delivery_transport,occasional
432,2025,10,바로고,888000,5,3,0,seasonal,delivery_transport,occasional
432,2025,11,바로고,893000,4,3,0,seasonal,delivery_transport,occasional
432,2025,12,바로고,1087000,5,3,1,seasonal,delivery_transport,occasional
432,2026,1,바로고,649000,3,3,1,seasonal,delivery_transport,occasional
432,2026,2,바로고,774000,4,3,1,seasonal,delivery_transport,occasional
432,2026,3,바로고,903000,4,3,0,seasonal,delivery_transport,occasional
432,2026,4,바로고,743000,3,3,0,seasonal,delivery_transport,occasional
432,2026,5,바로고,752000,4,3,0,seasonal,delivery_transport,occasional
433,2024,6,바로고,1836000,17,2,0,regular,delivery_transport,primary
433,2024,7,바로고,2798000,24,2,0,regular,delivery_transport,primary
433,2024,8,바로고,2422000,18,2,0,regular,delivery_transport,primary
433,2024,9,바로고,2256000,20,2,1,regular,delivery_transport,primary
433,2024,10,바로고,2476000,20,2,0,regular,delivery_transport,primary
433,2024,11,바로고,2548000,22,2,0,regular,delivery_transport,primary
433,2024,12,바로고,2914000,24,2,1,regular,delivery_transport,primary
433,2025,1,바로고,2416000,18,2,1,regular,delivery_transport,primary
433,2025,2,바로고,2050000,18,2,1,regular,delivery_transport,primary
433,2025,3,바로고,2901000,24,2,0,regular,delivery_transport,primary
433,2025,4,바로고,2702000,21,2,0,regular,delivery_transport,primary
433,2025,5,바로고,1899000,18,2,0,regular,delivery_transport,primary
433,2025,6,바로고,2540000,22,2,0,regular,delivery_transport,primary
433,2025,7,바로고,2580000,20,2,0,regular,delivery_transport,primary
433,2025,8,바로고,2184000,19,2,0,regular,delivery_transport,primary
433,2025,9,바로고,2352000,18,2,1,regular,delivery_transport,primary
433,2025,10,바로고,2371000,22,2,0,regular,delivery_transport,primary
433,2025,11,바로고,2829000,22,2,0,regular,delivery_transport,primary
433,2025,12,바로고,3017000,25,2,1,regular,delivery_transport,primary
433,2026,1,바로고,2058000,19,2,1,regular,delivery_transport,primary
433,2026,2,바로고,2684000,23,2,1,regular,delivery_transport,primary
433,2026,3,바로고,2733000,26,2,0,regular,delivery_transport,primary
433,2026,4,바로고,2021000,14,2,0,regular,delivery_transport,primary
433,2026,5,바로고,2189000,17,2,0,regular,delivery_transport,primary
434,2024,6,로지올,1351000,24,3,0,seasonal,delivery_transport,primary
434,2024,7,로지올,1640000,31,3,0,seasonal,delivery_transport,primary
434,2024,8,로지올,1764000,30,3,0,seasonal,delivery_transport,primary
434,2024,9,로지올,1613000,28,3,1,seasonal,delivery_transport,primary
434,2024,10,로지올,1208000,22,3,0,seasonal,delivery_transport,primary
434,2024,11,로지올,1581000,25,3,0,seasonal,delivery_transport,primary
434,2024,12,로지올,1976000,28,3,1,seasonal,delivery_transport,primary
434,2025,1,로지올,1436000,28,3,1,seasonal,delivery_transport,primary
434,2025,2,로지올,1178000,23,3,1,seasonal,delivery_transport,primary
434,2025,3,로지올,1861000,34,3,0,seasonal,delivery_transport,primary
434,2025,4,로지올,1308000,20,3,0,seasonal,delivery_transport,primary
434,2025,5,로지올,1622000,27,3,0,seasonal,delivery_transport,primary
434,2025,6,로지올,1315000,22,3,0,seasonal,delivery_transport,primary
434,2025,7,로지올,1603000,26,3,0,seasonal,delivery_transport,primary
434,2025,8,로지올,1919000,33,3,0,seasonal,delivery_transport,primary
434,2025,9,로지올,1620000,27,3,1,seasonal,delivery_transport,primary
434,2025,10,로지올,1739000,34,3,0,seasonal,delivery_transport,primary
434,2025,11,로지올,1875000,30,3,0,seasonal,delivery_transport,primary
434,2025,12,로지올,1825000,31,3,1,seasonal,delivery_transport,primary
434,2026,1,로지올,1497000,25,3,1,seasonal,delivery_transport,primary
434,2026,2,로지올,1401000,26,3,1,seasonal,delivery_transport,primary
434,2026,3,로지올,1716000,34,3,0,seasonal,delivery_transport,primary
434,2026,4,로지올,1492000,25,3,0,seasonal,delivery_transport,primary
434,2026,5,로지올,1681000,31,3,0,seasonal,delivery_transport,primary
435,2024,6,바로고,1112000,7,3,0,regular,delivery_transport,secondary
435,2024,7,바로고,1131000,9,3,0,regular,delivery_transport,secondary
435,2024,8,바로고,1223000,10,3,0,regular,delivery_transport,secondary
435,2024,9,바로고,1294000,9,3,1,regular,delivery_transport,secondary
435,2024,10,바로고,1568000,12,3,0,regular,delivery_transport,secondary
435,2024,11,바로고,1402000,9,3,0,regular,delivery_transport,secondary
435,2024,12,바로고,1487000,11,3,1,regular,delivery_transport,secondary
435,2025,1,바로고,1035000,9,3,1,regular,delivery_transport,secondary
435,2025,2,바로고,1387000,11,3,1,regular,delivery_transport,secondary
435,2025,3,바로고,1263000,10,3,0,regular,delivery_transport,secondary
435,2025,4,바로고,1143000,9,3,0,regular,delivery_transport,secondary
435,2025,5,바로고,1219000,8,3,0,regular,delivery_transport,secondary
435,2025,6,바로고,1098000,9,3,0,regular,delivery_transport,secondary
435,2025,7,바로고,1297000,9,3,0,regular,delivery_transport,secondary
435,2025,8,바로고,1720000,11,3,0,regular,delivery_transport,secondary
435,2025,9,바로고,1167000,10,3,1,regular,delivery_transport,secondary
435,2025,10,바로고,1390000,11,3,0,regular,delivery_transport,secondary
435,2025,11,바로고,1071000,8,3,0,regular,delivery_transport,secondary
435,2025,12,바로고,1302000,10,3,1,regular,delivery_transport,secondary
435,2026,1,바로고,1317000,9,3,1,regular,delivery_transport,secondary
435,2026,2,바로고,1385000,10,3,1,regular,delivery_transport,secondary
435,2026,3,바로고,1183000,8,3,0,regular,delivery_transport,secondary
435,2026,4,바로고,1101000,8,3,0,regular,delivery_transport,secondary
435,2026,5,바로고,1556000,11,3,0,regular,delivery_transport,secondary
436,2024,6,쿠팡플렉스,327000,2,3,0,irregular,delivery_transport,occasional
436,2024,7,쿠팡플렉스,558000,4,3,0,irregular,delivery_transport,occasional
436,2024,8,쿠팡플렉스,632000,5,3,0,irregular,delivery_transport,occasional
436,2024,9,쿠팡플렉스,470000,4,3,1,irregular,delivery_transport,occasional
436,2024,10,쿠팡플렉스,470000,4,3,0,irregular,delivery_transport,occasional
436,2024,11,쿠팡플렉스,359000,3,3,0,irregular,delivery_transport,occasional
436,2024,12,쿠팡플렉스,293000,2,3,1,irregular,delivery_transport,occasional
436,2025,1,쿠팡플렉스,396000,3,3,1,irregular,delivery_transport,occasional
436,2025,2,쿠팡플렉스,558000,5,3,1,irregular,delivery_transport,occasional
436,2025,3,쿠팡플렉스,184000,1,2,0,irregular,delivery_transport,occasional
436,2025,4,쿠팡플렉스,317000,2,3,0,irregular,delivery_transport,occasional
436,2025,5,쿠팡플렉스,649000,5,3,0,irregular,delivery_transport,occasional
436,2025,6,쿠팡플렉스,761000,4,3,0,irregular,delivery_transport,occasional
436,2025,7,쿠팡플렉스,564000,4,3,0,irregular,delivery_transport,occasional
436,2025,8,쿠팡플렉스,296000,2,3,0,irregular,delivery_transport,occasional
436,2025,9,쿠팡플렉스,222000,1,3,1,irregular,delivery_transport,occasional
436,2025,10,쿠팡플렉스,255000,2,3,0,irregular,delivery_transport,occasional
436,2025,11,쿠팡플렉스,226000,2,3,0,irregular,delivery_transport,occasional
436,2025,12,쿠팡플렉스,189000,1,2,1,irregular,delivery_transport,occasional
436,2026,1,쿠팡플렉스,271000,2,3,1,irregular,delivery_transport,occasional
436,2026,2,쿠팡플렉스,0,0,0,1,irregular,delivery_transport,occasional
436,2026,3,쿠팡플렉스,0,0,0,0,irregular,delivery_transport,occasional
436,2026,4,쿠팡플렉스,223000,2,3,0,irregular,delivery_transport,occasional
436,2026,5,쿠팡플렉스,264000,2,3,0,irregular,delivery_transport,occasional
437,2024,6,당근알바,1279000,20,1,0,regular,etc,primary
437,2024,7,당근알바,1662000,29,1,0,regular,etc,primary
437,2024,8,당근알바,1225000,17,1,0,regular,etc,primary
437,2024,9,당근알바,1624000,28,1,1,regular,etc,primary
437,2024,10,당근알바,1611000,24,1,0,regular,etc,primary
437,2024,11,당근알바,1639000,26,1,0,regular,etc,primary
437,2024,12,당근알바,1623000,29,1,1,regular,etc,primary
437,2025,1,당근알바,1670000,30,1,1,regular,etc,primary
437,2025,2,당근알바,1357000,23,1,1,regular,etc,primary
437,2025,3,당근알바,1621000,26,1,0,regular,etc,primary
437,2025,4,당근알바,1743000,29,1,0,regular,etc,primary
437,2025,5,당근알바,1415000,21,1,0,regular,etc,primary
437,2025,6,당근알바,1335000,20,1,0,regular,etc,primary
437,2025,7,당근알바,1404000,24,1,0,regular,etc,primary
437,2025,8,당근알바,1378000,19,1,0,regular,etc,primary
437,2025,9,당근알바,1257000,23,1,1,regular,etc,primary
437,2025,10,당근알바,2038000,27,1,0,regular,etc,primary
437,2025,11,당근알바,1299000,23,1,0,regular,etc,primary
437,2025,12,당근알바,1504000,24,1,1,regular,etc,primary
437,2026,1,당근알바,1194000,16,1,1,regular,etc,primary
437,2026,2,당근알바,1580000,28,1,1,regular,etc,primary
437,2026,3,당근알바,1678000,30,1,0,regular,etc,primary
437,2026,4,당근알바,1389000,24,1,0,regular,etc,primary
437,2026,5,당근알바,1534000,23,1,0,regular,etc,primary
438,2024,6,숨고,2796000,18,1,0,irregular,professional,primary
438,2024,7,숨고,1886000,12,1,0,irregular,professional,primary
438,2024,8,숨고,2456000,15,1,0,irregular,professional,primary
438,2024,9,숨고,6010000,24,1,1,irregular,professional,primary
438,2024,10,숨고,1738000,11,1,0,irregular,professional,primary
438,2024,11,숨고,3320000,23,1,0,irregular,professional,primary
438,2024,12,숨고,1557000,9,1,1,irregular,professional,primary
438,2025,1,숨고,0,0,0,1,irregular,professional,primary
438,2025,2,숨고,1034000,6,1,1,irregular,professional,primary
438,2025,3,숨고,0,0,0,0,irregular,professional,primary
438,2025,4,숨고,1121000,8,1,0,irregular,professional,primary
438,2025,5,숨고,2489000,14,1,0,irregular,professional,primary
438,2025,6,숨고,2022000,11,1,0,irregular,professional,primary
438,2025,7,숨고,2751000,18,1,0,irregular,professional,primary
438,2025,8,숨고,702000,4,1,0,irregular,professional,primary
438,2025,9,숨고,2300000,16,1,1,irregular,professional,primary
438,2025,10,숨고,4209000,23,1,0,irregular,professional,primary
438,2025,11,숨고,1873000,12,1,0,irregular,professional,primary
438,2025,12,숨고,0,0,0,1,irregular,professional,primary
438,2026,1,숨고,1176000,8,1,1,irregular,professional,primary
438,2026,2,숨고,9000000,23,1,1,irregular,professional,primary
438,2026,3,숨고,9000000,23,1,0,irregular,professional,primary
438,2026,4,숨고,5512000,21,1,0,irregular,professional,primary
438,2026,5,숨고,9000000,22,1,0,irregular,professional,primary
439,2024,6,숨고,495000,4,1,0,irregular,professional,primary
439,2024,7,숨고,731000,7,1,0,irregular,professional,primary
439,2024,8,숨고,4784000,32,2,0,irregular,professional,primary
439,2024,9,숨고,3159000,33,2,1,irregular,professional,primary
439,2024,10,숨고,2108000,19,2,0,irregular,professional,primary
439,2024,11,숨고,967000,10,1,0,irregular,professional,primary
439,2024,12,숨고,4336000,36,2,1,irregular,professional,primary
439,2025,1,숨고,0,0,0,1,irregular,professional,primary
439,2025,2,숨고,1763000,16,2,1,irregular,professional,primary
439,2025,3,숨고,1201000,13,2,0,irregular,professional,primary
439,2025,4,숨고,4948000,36,2,0,irregular,professional,primary
439,2025,5,숨고,1908000,20,2,0,irregular,professional,primary
439,2025,6,숨고,761000,8,1,0,irregular,professional,primary
439,2025,7,숨고,3263000,30,2,0,irregular,professional,primary
439,2025,8,숨고,3393000,34,2,0,irregular,professional,primary
439,2025,9,숨고,0,0,0,1,irregular,professional,primary
439,2025,10,숨고,1873000,19,2,0,irregular,professional,primary
439,2025,11,숨고,5608000,29,2,0,irregular,professional,primary
439,2025,12,숨고,8140000,33,2,1,irregular,professional,primary
439,2026,1,숨고,1590000,16,2,1,irregular,professional,primary
439,2026,2,숨고,3550000,33,2,1,irregular,professional,primary
439,2026,3,숨고,2300000,23,2,0,irregular,professional,primary
439,2026,4,숨고,0,0,0,0,irregular,professional,primary
439,2026,5,숨고,1242000,10,2,0,irregular,professional,primary
440,2024,6,로지올,809000,13,1,0,regular,delivery_transport,secondary
440,2024,7,로지올,715000,10,1,0,regular,delivery_transport,secondary
440,2024,8,로지올,828000,12,1,0,regular,delivery_transport,secondary
440,2024,9,로지올,815000,12,1,1,regular,delivery_transport,secondary
440,2024,10,로지올,831000,11,1,0,regular,delivery_transport,secondary
440,2024,11,로지올,783000,10,1,0,regular,delivery_transport,secondary
440,2024,12,로지올,798000,14,1,1,regular,delivery_transport,secondary
440,2025,1,로지올,661000,11,1,1,regular,delivery_transport,secondary
440,2025,2,로지올,814000,14,1,1,regular,delivery_transport,secondary
440,2025,3,로지올,772000,11,1,0,regular,delivery_transport,secondary
440,2025,4,로지올,795000,12,1,0,regular,delivery_transport,secondary
440,2025,5,로지올,778000,12,1,0,regular,delivery_transport,secondary
440,2025,6,로지올,735000,11,1,0,regular,delivery_transport,secondary
440,2025,7,로지올,756000,13,1,0,regular,delivery_transport,secondary
440,2025,8,로지올,766000,12,1,0,regular,delivery_transport,secondary
440,2025,9,로지올,769000,14,1,1,regular,delivery_transport,secondary
440,2025,10,로지올,843000,14,1,0,regular,delivery_transport,secondary
440,2025,11,로지올,843000,13,1,0,regular,delivery_transport,secondary
440,2025,12,로지올,835000,14,1,1,regular,delivery_transport,secondary
440,2026,1,로지올,715000,12,1,1,regular,delivery_transport,secondary
440,2026,2,로지올,779000,11,1,1,regular,delivery_transport,secondary
440,2026,3,로지올,775000,13,1,0,regular,delivery_transport,secondary
440,2026,4,로지올,707000,10,1,0,regular,delivery_transport,secondary
440,2026,5,로지올,813000,11,1,0,regular,delivery_transport,secondary
441,2024,6,클래스101,0,0,0,0,irregular,creative,occasional
441,2024,7,클래스101,1021000,13,2,0,irregular,creative,occasional
441,2024,8,클래스101,658000,11,2,0,irregular,creative,occasional
441,2024,9,클래스101,374000,6,2,1,irregular,creative,occasional
441,2024,10,클래스101,1168000,12,2,0,irregular,creative,occasional
441,2024,11,클래스101,332000,5,2,0,irregular,creative,occasional
441,2024,12,클래스101,493000,6,2,1,irregular,creative,occasional
441,2025,1,클래스101,1103000,12,2,1,irregular,creative,occasional
441,2025,2,클래스101,440000,6,2,1,irregular,creative,occasional
441,2025,3,클래스101,582000,8,2,0,irregular,creative,occasional
441,2025,4,클래스101,2112000,11,2,0,irregular,creative,occasional
441,2025,5,클래스101,90000,1,1,0,irregular,creative,occasional
441,2025,6,클래스101,1033000,10,2,0,irregular,creative,occasional
441,2025,7,클래스101,346000,4,2,0,irregular,creative,occasional
441,2025,8,클래스101,251000,4,1,0,irregular,creative,occasional
441,2025,9,클래스101,626000,9,2,1,irregular,creative,occasional
441,2025,10,클래스101,0,0,0,0,irregular,creative,occasional
441,2025,11,클래스101,1456000,14,2,0,irregular,creative,occasional
441,2025,12,클래스101,212000,3,1,1,irregular,creative,occasional
441,2026,1,클래스101,1367000,11,2,1,irregular,creative,occasional
441,2026,2,클래스101,644000,8,2,1,irregular,creative,occasional
441,2026,3,클래스101,995000,10,2,0,irregular,creative,occasional
441,2026,4,클래스101,0,0,0,0,irregular,creative,occasional
441,2026,5,클래스101,924000,14,2,0,irregular,creative,occasional
442,2024,6,바로고,1427000,17,1,0,irregular,delivery_transport,secondary
442,2024,7,바로고,1694000,20,1,0,irregular,delivery_transport,secondary
442,2024,8,바로고,0,0,0,0,irregular,delivery_transport,secondary
442,2024,9,바로고,932000,15,1,1,irregular,delivery_transport,secondary
442,2024,10,바로고,0,0,0,0,irregular,delivery_transport,secondary
442,2024,11,바로고,0,0,0,0,irregular,delivery_transport,secondary
442,2024,12,바로고,0,0,0,1,irregular,delivery_transport,secondary
442,2025,1,바로고,912000,13,1,1,irregular,delivery_transport,secondary
442,2025,2,바로고,737000,11,1,1,irregular,delivery_transport,secondary
442,2025,3,바로고,1806000,20,1,0,irregular,delivery_transport,secondary
442,2025,4,바로고,2809000,19,1,0,irregular,delivery_transport,secondary
442,2025,5,바로고,1649000,19,1,0,irregular,delivery_transport,secondary
442,2025,6,바로고,1041000,17,1,0,irregular,delivery_transport,secondary
442,2025,7,바로고,959000,13,1,0,irregular,delivery_transport,secondary
442,2025,8,바로고,1598000,23,1,0,irregular,delivery_transport,secondary
442,2025,9,바로고,2761000,18,1,1,irregular,delivery_transport,secondary
442,2025,10,바로고,3804000,18,1,0,irregular,delivery_transport,secondary
442,2025,11,바로고,1783000,19,1,0,irregular,delivery_transport,secondary
442,2025,12,바로고,1175000,15,1,1,irregular,delivery_transport,secondary
442,2026,1,바로고,1745000,22,1,1,irregular,delivery_transport,secondary
442,2026,2,바로고,1043000,17,1,1,irregular,delivery_transport,secondary
442,2026,3,바로고,0,0,0,0,irregular,delivery_transport,secondary
442,2026,4,바로고,832000,11,1,0,irregular,delivery_transport,secondary
442,2026,5,바로고,2449000,22,1,0,irregular,delivery_transport,secondary
443,2024,6,로지올,1156000,15,1,0,seasonal,delivery_transport,primary
443,2024,7,로지올,1491000,21,1,0,seasonal,delivery_transport,primary
443,2024,8,로지올,2004000,28,1,0,seasonal,delivery_transport,primary
443,2024,9,로지올,1600000,23,1,1,seasonal,delivery_transport,primary
443,2024,10,로지올,1359000,17,1,0,seasonal,delivery_transport,primary
443,2024,11,로지올,1599000,22,1,0,seasonal,delivery_transport,primary
443,2024,12,로지올,2054000,26,1,1,seasonal,delivery_transport,primary
443,2025,1,로지올,813000,12,1,1,seasonal,delivery_transport,primary
443,2025,2,로지올,1457000,18,1,1,seasonal,delivery_transport,primary
443,2025,3,로지올,1099000,16,1,0,seasonal,delivery_transport,primary
443,2025,4,로지올,1276000,20,1,0,seasonal,delivery_transport,primary
443,2025,5,로지올,1340000,23,1,0,seasonal,delivery_transport,primary
443,2025,6,로지올,618000,8,1,0,seasonal,delivery_transport,primary
443,2025,7,로지올,1826000,30,1,0,seasonal,delivery_transport,primary
443,2025,8,로지올,1699000,28,1,0,seasonal,delivery_transport,primary
443,2025,9,로지올,1219000,15,1,1,seasonal,delivery_transport,primary
443,2025,10,로지올,1638000,26,1,0,seasonal,delivery_transport,primary
443,2025,11,로지올,1113000,17,1,0,seasonal,delivery_transport,primary
443,2025,12,로지올,1269000,20,1,1,seasonal,delivery_transport,primary
443,2026,1,로지올,1452000,21,1,1,seasonal,delivery_transport,primary
443,2026,2,로지올,997000,14,1,1,seasonal,delivery_transport,primary
443,2026,3,로지올,1075000,13,1,0,seasonal,delivery_transport,primary
443,2026,4,로지올,1536000,26,1,0,seasonal,delivery_transport,primary
443,2026,5,로지올,1226000,18,1,0,seasonal,delivery_transport,primary
444,2024,6,배달의민족,946000,18,2,0,regular,delivery_transport,secondary
444,2024,7,배달의민족,943000,15,2,0,regular,delivery_transport,secondary
444,2024,8,배달의민족,1099000,16,2,0,regular,delivery_transport,secondary
444,2024,9,배달의민족,1046000,20,2,1,regular,delivery_transport,secondary
444,2024,10,배달의민족,961000,15,2,0,regular,delivery_transport,secondary
444,2024,11,배달의민족,954000,15,2,0,regular,delivery_transport,secondary
444,2024,12,배달의민족,1138000,19,2,1,regular,delivery_transport,secondary
444,2025,1,배달의민족,1123000,17,2,1,regular,delivery_transport,secondary
444,2025,2,배달의민족,1085000,21,2,1,regular,delivery_transport,secondary
444,2025,3,배달의민족,1005000,18,2,0,regular,delivery_transport,secondary
444,2025,4,배달의민족,1070000,18,2,0,regular,delivery_transport,secondary
444,2025,5,배달의민족,1039000,16,2,0,regular,delivery_transport,secondary
444,2025,6,배달의민족,956000,14,2,0,regular,delivery_transport,secondary
444,2025,7,배달의민족,1050000,19,2,0,regular,delivery_transport,secondary
444,2025,8,배달의민족,907000,16,2,0,regular,delivery_transport,secondary
444,2025,9,배달의민족,959000,15,2,1,regular,delivery_transport,secondary
444,2025,10,배달의민족,966000,18,2,0,regular,delivery_transport,secondary
444,2025,11,배달의민족,1013000,18,2,0,regular,delivery_transport,secondary
444,2025,12,배달의민족,979000,17,2,1,regular,delivery_transport,secondary
444,2026,1,배달의민족,911000,17,2,1,regular,delivery_transport,secondary
444,2026,2,배달의민족,1162000,20,2,1,regular,delivery_transport,secondary
444,2026,3,배달의민족,940000,14,2,0,regular,delivery_transport,secondary
444,2026,4,배달의민족,970000,16,2,0,regular,delivery_transport,secondary
444,2026,5,배달의민족,1039000,20,2,0,regular,delivery_transport,secondary
445,2024,6,쿠팡플렉스,658000,8,1,0,regular,delivery_transport,occasional
445,2024,7,쿠팡플렉스,802000,9,1,0,regular,delivery_transport,occasional
445,2024,8,쿠팡플렉스,612000,10,1,0,regular,delivery_transport,occasional
445,2024,9,쿠팡플렉스,579000,7,1,1,regular,delivery_transport,occasional
445,2024,10,쿠팡플렉스,562000,6,1,0,regular,delivery_transport,occasional
445,2024,11,쿠팡플렉스,621000,9,1,0,regular,delivery_transport,occasional
445,2024,12,쿠팡플렉스,542000,8,1,1,regular,delivery_transport,occasional
445,2025,1,쿠팡플렉스,547000,8,1,1,regular,delivery_transport,occasional
445,2025,2,쿠팡플렉스,703000,8,1,1,regular,delivery_transport,occasional
445,2025,3,쿠팡플렉스,541000,8,1,0,regular,delivery_transport,occasional
445,2025,4,쿠팡플렉스,608000,8,1,0,regular,delivery_transport,occasional
445,2025,5,쿠팡플렉스,718000,11,1,0,regular,delivery_transport,occasional
445,2025,6,쿠팡플렉스,594000,7,1,0,regular,delivery_transport,occasional
445,2025,7,쿠팡플렉스,630000,9,1,0,regular,delivery_transport,occasional
445,2025,8,쿠팡플렉스,661000,9,1,0,regular,delivery_transport,occasional
445,2025,9,쿠팡플렉스,663000,10,1,1,regular,delivery_transport,occasional
445,2025,10,쿠팡플렉스,660000,8,1,0,regular,delivery_transport,occasional
445,2025,11,쿠팡플렉스,671000,9,1,0,regular,delivery_transport,occasional
445,2025,12,쿠팡플렉스,689000,11,1,1,regular,delivery_transport,occasional
445,2026,1,쿠팡플렉스,509000,8,1,1,regular,delivery_transport,occasional
445,2026,2,쿠팡플렉스,561000,8,1,1,regular,delivery_transport,occasional
445,2026,3,쿠팡플렉스,689000,10,1,0,regular,delivery_transport,occasional
445,2026,4,쿠팡플렉스,561000,7,1,0,regular,delivery_transport,occasional
445,2026,5,쿠팡플렉스,668000,11,1,0,regular,delivery_transport,occasional
446,2024,6,유튜브,517000,14,2,0,irregular,creative,secondary
446,2024,7,유튜브,1171000,22,2,0,irregular,creative,secondary
446,2024,8,유튜브,1626000,22,2,0,irregular,creative,secondary
446,2024,9,유튜브,0,0,0,1,irregular,creative,secondary
446,2024,10,유튜브,212000,6,1,0,irregular,creative,secondary
446,2024,11,유튜브,1756000,22,2,0,irregular,creative,secondary
446,2024,12,유튜브,371000,10,2,1,irregular,creative,secondary
446,2025,1,유튜브,740000,17,2,1,irregular,creative,secondary
446,2025,2,유튜브,1077000,24,2,1,irregular,creative,secondary
446,2025,3,유튜브,344000,8,2,0,irregular,creative,secondary
446,2025,4,유튜브,0,0,0,0,irregular,creative,secondary
446,2025,5,유튜브,0,0,0,0,irregular,creative,secondary
446,2025,6,유튜브,469000,13,2,0,irregular,creative,secondary
446,2025,7,유튜브,98000,2,1,0,irregular,creative,secondary
446,2025,8,유튜브,566000,13,2,0,irregular,creative,secondary
446,2025,9,유튜브,0,0,0,1,irregular,creative,secondary
446,2025,10,유튜브,463000,13,2,0,irregular,creative,secondary
446,2025,11,유튜브,405000,10,2,0,irregular,creative,secondary
446,2025,12,유튜브,166000,5,1,1,irregular,creative,secondary
446,2026,1,유튜브,238000,7,1,1,irregular,creative,secondary
446,2026,2,유튜브,905000,22,2,1,irregular,creative,secondary
446,2026,3,유튜브,408000,12,2,0,irregular,creative,secondary
446,2026,4,유튜브,453000,12,2,0,irregular,creative,secondary
446,2026,5,유튜브,3117000,18,2,0,irregular,creative,secondary
447,2024,6,로지올,1113000,16,2,0,regular,delivery_transport,primary
447,2024,7,로지올,1284000,21,2,0,regular,delivery_transport,primary
447,2024,8,로지올,1818000,36,2,0,regular,delivery_transport,primary
447,2024,9,로지올,1115000,17,2,1,regular,delivery_transport,primary
447,2024,10,로지올,1471000,24,2,0,regular,delivery_transport,primary
447,2024,11,로지올,1249000,22,2,0,regular,delivery_transport,primary
447,2024,12,로지올,1387000,26,2,1,regular,delivery_transport,primary
447,2025,1,로지올,1345000,21,2,1,regular,delivery_transport,primary
447,2025,2,로지올,1460000,25,2,1,regular,delivery_transport,primary
447,2025,3,로지올,1447000,23,2,0,regular,delivery_transport,primary
447,2025,4,로지올,1438000,28,2,0,regular,delivery_transport,primary
447,2025,5,로지올,1444000,25,2,0,regular,delivery_transport,primary
447,2025,6,로지올,1218000,20,2,0,regular,delivery_transport,primary
447,2025,7,로지올,1372000,26,2,0,regular,delivery_transport,primary
447,2025,8,로지올,1243000,24,2,0,regular,delivery_transport,primary
447,2025,9,로지올,1196000,20,2,1,regular,delivery_transport,primary
447,2025,10,로지올,1169000,17,2,0,regular,delivery_transport,primary
447,2025,11,로지올,1471000,29,2,0,regular,delivery_transport,primary
447,2025,12,로지올,1579000,25,2,1,regular,delivery_transport,primary
447,2026,1,로지올,1563000,25,2,1,regular,delivery_transport,primary
447,2026,2,로지올,1107000,20,2,1,regular,delivery_transport,primary
447,2026,3,로지올,1441000,22,2,0,regular,delivery_transport,primary
447,2026,4,로지올,1317000,22,2,0,regular,delivery_transport,primary
447,2026,5,로지올,1227000,20,2,0,regular,delivery_transport,primary
448,2024,6,카카오모빌리티,793000,16,1,0,irregular,delivery_transport,secondary
448,2024,7,카카오모빌리티,673000,12,1,0,irregular,delivery_transport,secondary
448,2024,8,카카오모빌리티,702000,13,1,0,irregular,delivery_transport,secondary
448,2024,9,카카오모빌리티,1114000,18,1,1,irregular,delivery_transport,secondary
448,2024,10,카카오모빌리티,1024000,20,1,0,irregular,delivery_transport,secondary
448,2024,11,카카오모빌리티,840000,16,1,0,irregular,delivery_transport,secondary
448,2024,12,카카오모빌리티,463000,7,1,1,irregular,delivery_transport,secondary
448,2025,1,카카오모빌리티,647000,11,1,1,irregular,delivery_transport,secondary
448,2025,2,카카오모빌리티,289000,5,1,1,irregular,delivery_transport,secondary
448,2025,3,카카오모빌리티,548000,9,1,0,irregular,delivery_transport,secondary
448,2025,4,카카오모빌리티,340000,6,1,0,irregular,delivery_transport,secondary
448,2025,5,카카오모빌리티,482000,9,1,0,irregular,delivery_transport,secondary
448,2025,6,카카오모빌리티,743000,15,1,0,irregular,delivery_transport,secondary
448,2025,7,카카오모빌리티,0,0,0,0,irregular,delivery_transport,secondary
448,2025,8,카카오모빌리티,461000,9,1,0,irregular,delivery_transport,secondary
448,2025,9,카카오모빌리티,0,0,0,1,irregular,delivery_transport,secondary
448,2025,10,카카오모빌리티,281000,5,1,0,irregular,delivery_transport,secondary
448,2025,11,카카오모빌리티,0,0,0,0,irregular,delivery_transport,secondary
448,2025,12,카카오모빌리티,422000,7,1,1,irregular,delivery_transport,secondary
448,2026,1,카카오모빌리티,746000,13,1,1,irregular,delivery_transport,secondary
448,2026,2,카카오모빌리티,371000,6,1,1,irregular,delivery_transport,secondary
448,2026,3,카카오모빌리티,640000,13,1,0,irregular,delivery_transport,secondary
448,2026,4,카카오모빌리티,571000,9,1,0,irregular,delivery_transport,secondary
448,2026,5,카카오모빌리티,618000,11,1,0,irregular,delivery_transport,secondary
449,2024,6,에이모,1551000,20,1,0,irregular,simple_computer,primary
449,2024,7,에이모,2415000,22,1,0,irregular,simple_computer,primary
449,2024,8,에이모,521000,6,1,0,irregular,simple_computer,primary
449,2024,9,에이모,462000,5,1,1,irregular,simple_computer,primary
449,2024,10,에이모,1677000,18,1,0,irregular,simple_computer,primary
449,2024,11,에이모,610000,8,1,0,irregular,simple_computer,primary
449,2024,12,에이모,1018000,12,1,1,irregular,simple_computer,primary
449,2025,1,에이모,2131000,26,1,1,irregular,simple_computer,primary
449,2025,2,에이모,0,0,0,1,irregular,simple_computer,primary
449,2025,3,에이모,1093000,11,1,0,irregular,simple_computer,primary
449,2025,4,에이모,0,0,0,0,irregular,simple_computer,primary
449,2025,5,에이모,499000,6,1,0,irregular,simple_computer,primary
449,2025,6,에이모,274000,4,1,0,irregular,simple_computer,primary
449,2025,7,에이모,683000,9,1,0,irregular,simple_computer,primary
449,2025,8,에이모,846000,11,1,0,irregular,simple_computer,primary
449,2025,9,에이모,0,0,0,1,irregular,simple_computer,primary
449,2025,10,에이모,0,0,0,0,irregular,simple_computer,primary
449,2025,11,에이모,0,0,0,0,irregular,simple_computer,primary
449,2025,12,에이모,0,0,0,1,irregular,simple_computer,primary
449,2026,1,에이모,1758000,21,1,1,irregular,simple_computer,primary
449,2026,2,에이모,1099000,13,1,1,irregular,simple_computer,primary
449,2026,3,에이모,3063000,26,1,0,irregular,simple_computer,primary
449,2026,4,에이모,2320000,24,1,0,irregular,simple_computer,primary
449,2026,5,에이모,1745000,22,1,0,irregular,simple_computer,primary
450,2024,6,크몽,681000,8,1,0,irregular,professional,occasional
450,2024,7,크몽,30000,0,1,0,irregular,professional,occasional
450,2024,8,크몽,1677000,11,1,0,irregular,professional,occasional
450,2024,9,크몽,1215000,11,1,1,irregular,professional,occasional
450,2024,10,크몽,114000,2,1,0,irregular,professional,occasional
450,2024,11,크몽,459000,6,1,0,irregular,professional,occasional
450,2024,12,크몽,1354000,10,1,1,irregular,professional,occasional
450,2025,1,크몽,422000,6,1,1,irregular,professional,occasional
450,2025,2,크몽,0,0,0,1,irregular,professional,occasional
450,2025,3,크몽,919000,10,1,0,irregular,professional,occasional
450,2025,4,크몽,1288000,11,1,0,irregular,professional,occasional
450,2025,5,크몽,445000,6,1,0,irregular,professional,occasional
450,2025,6,크몽,599000,9,1,0,irregular,professional,occasional
450,2025,7,크몽,0,0,0,0,irregular,professional,occasional
450,2025,8,크몽,0,0,0,0,irregular,professional,occasional
450,2025,9,크몽,579000,8,1,1,irregular,professional,occasional
450,2025,10,크몽,471000,6,1,0,irregular,professional,occasional
450,2025,11,크몽,451000,7,1,0,irregular,professional,occasional
450,2025,12,크몽,377000,4,1,1,irregular,professional,occasional
450,2026,1,크몽,2059000,11,1,1,irregular,professional,occasional
450,2026,2,크몽,765000,8,1,1,irregular,professional,occasional
450,2026,3,크몽,1030000,11,1,0,irregular,professional,occasional
450,2026,4,크몽,441000,5,1,0,irregular,professional,occasional
450,2026,5,크몽,143000,2,1,0,irregular,professional,occasional
