tree
version=v4
num_class=1
num_tree_per_iteration=1
label_index=0
max_feature_idx=15
objective=regression
feature_names=lag1_income lag2_income lag3_income roll3_mean_income roll6_mean_income roll3_std_income workdays workdays_ratio n_platforms_active is_holiday_season month_sin month_cos months_since_start pattern_regular pattern_seasonal pattern_irregular
feature_infos=[109000:5844000] [122000:5844000] [122000:5916000] [333333.33333333331:4340000] [333333.33333333331:3984000] [3055.0504633039:2741173.7145488122] [1:30] none [1:3] [0:1] [-1:1] [-1:1] [3:22] [0:1] [0:1] [0:1]
tree_sizes=1488 1452 1450 1424 1444 1438 1447 1446 1451 1438 1428 1455 1436 1445 1427 1456 1448 1447 1452 1456 1440 1435 1447 1428 1443 1448 1422 1456 1450 1461 1442 1463 1440 1439 1439 1440 1456 1438 1438 1450 1445 1440 1450 1449 1458 1428 1450 1437 1449 1439 1447 1410 1408 1422 1419 1414 1462 1432 1414 1427 1428 1403 1423 1444 1433 1426 1433 1445 1427 1414 1408 1430 1430 1428 1396 1406 1446 1447 1435 1431 1423 1415 1421 1423 1400 1410 1407 1411 1436 1431 1423 1410 1405 1419 1426 1401 1418 1418 1420 1399 1410 1411 1400 1408 1419 1432 1420 1402 1396 1407 1428 1408 1415 1424 1418 1392 1410 1402 1403 1411 1410 1409 1389 1386 1416 1413 1409 1394 1422 1396 1415 1391 1401 1408 1419 1402 1448 1431 1411

Tree=0
num_leaves=15
num_cat=0
split_feature=4 4 4 4 4 3 4 15 9 13 15 2 9 0
split_gain=1.036e+15 2.0817e+14 1.54313e+14 3.44588e+13 2.85431e+13 2.5181e+13 1.41124e+13 9.75095e+12 9.73146e+12 1.17047e+13 9.63918e+12 8.53404e+12 8.50021e+12 8.71212e+12
threshold=1986250.0000000002 2630416.666666667 1367250.0000000002 1672183.3333333337 2227166.6666666674 2897333.3333333335 1141583.3333333337 1.0000000180025095e-35 1.0000000180025095e-35 1.0000000180025095e-35 1.0000000180025095e-35 1364500.0000000002 1.0000000180025095e-35 1027000.0000000001
decision_type=2 2 2 2 2 2 2 2 2 2 2 2 2 2
left_child=2 4 6 -4 11 10 -1 -7 -6 -10 -3 -2 13 -5
right_child=1 5 3 12 8 7 -8 -9 9 -11 -12 -13 -14 -15
leaf_value=1989029.5614516772 2074894.6616815475 2074761.9940148306 2016874.3139315119 2064855.4843039773 2060124.4888748049 2090524.8871670703 2003436.5199260754 2074227.2482521187 2042800.065090812 2059039.8663729266 2057250.0835241338 2042561.6249827349 2024813.0206190192 2032855.6125097503
leaf_weight=313 21 354 835 22 641 413 372 118 234 211 101 724 418 641
leaf_count=313 21 354 835 22 641 413 372 118 234 211 101 724 418 641
internal_value=2.03998e+06 2.06098e+06 2.01722e+06 2.0245e+06 2.05101e+06 2.07951e+06 1.99685e+06 2.0869e+06 2.05618e+06 2.0505e+06 2.07087e+06 2.04347e+06 2.0304e+06 2.03392e+06
internal_weight=5418 2817 2601 1916 1831 986 685 531 1086 445 455 745 1081 663
internal_count=5418 2817 2601 1916 1831 986 685 531 1086 445 455 745 1081 663
is_linear=0
shrinkage=1


Tree=1
num_leaves=15
num_cat=0
split_feature=4 4 4 4 4 4 15 0 9 9 13 4 11 4
split_gain=9.75157e+14 1.98448e+14 1.44556e+14 3.50456e+13 3.25756e+13 1.22996e+13 1.07515e+13 1.05664e+13 1.03702e+13 9.13795e+12 8.83189e+12 6.99124e+12 6.74735e+12 6.4916e+12
threshold=2027416.666666667 2751750.0000000005 1367250.0000000002 1672183.3333333337 2403416.6666666674 1141583.3333333337 1.0000000180025095e-35 3148500.0000000005 1.0000000180025095e-35 1.0000000180025095e-35 1.0000000180025095e-35 2473450.0000000005 -0.24999999999999994 2915083.3333333335
decision_type=2 2 2 2 2 2 2 2 2 2 2 2 2 2
left_child=2 4 5 12 8 -1 -6 -3 -2 -5 -10 -8 -4 -9
right_child=1 7 3 9 6 -7 11 13 10 -11 -12 -13 -14 -15
leaf_value=-48348.219716383348 11251.636170806454 38243.724130936571 -16126.19873677987 -5322.3446245733503 24003.316815258833 -34907.427331990351 28534.179092798477 31522.645622996795 -4749.6594169921873 -14258.518211273387 9071.1709181390816 4520.1893798828123 -25527.447415565042 53542.981423795027
leaf_weight=307 708 506 294 717 583 382 39 39 250 476 215 136 544 236
leaf_count=307 708 506 294 717 583 382 39 39 250 476 215 136 544 236
internal_value=47.6176 21263.8 -21106.2 -14392.5 12662.1 -40896.3 20740.8 42531.2 7441.64 -8887.83 1640.62 9871.88 -22229.2 50420.1
internal_weight=5432 2712 2720 2031 1931 689 758 781 1173 1193 465 175 838 275
internal_count=5432 2712 2720 2031 1931 689 758 781 1173 1193 465 175 838 275
is_linear=0
shrinkage=0.05


Tree=2
num_leaves=15
num_cat=0
split_feature=3 3 3 8 15 3 3 3 3 11 11 13 11 1
split_gain=8.40174e+14 1.54342e+14 1.4005e+14 2.56111e+13 2.20657e+13 1.70086e+13 1.63473e+13 1.42692e+13 1.26016e+13 9.96997e+12 8.73412e+12 9.41072e+12 7.77614e+12 6.39784e+12
threshold=2086500.0000000002 1504166.6666666667 2684000.0000000005 1.5000000000000002 1.0000000180025095e-35 1870000.0000000002 1194833.3333333337 3195000.0000000005 2339500.0000000005 -0.24999999999999994 -0.24999999999999994 1.0000000180025095e-35 -0.24999999999999994 2108500.0000000005
decision_type=2 2 2 2 2 2 2 2 2 2 2 2 2 2
left_child=1 3 8 6 7 9 -1 -4 -2 13 -10 -12 -6 -3
right_child=2 5 4 -5 12 -7 -8 -9 10 -11 11 -13 -14 -15
leaf_value=-44437.347667875751 8011.5533260533548 -7276.4333624324445 37256.501660336762 -18208.103769376765 39387.457078269683 -2889.2550557743421 -30560.886327620581 53938.181007312589 25108.149651967498 -15738.217161155271 7772.0022177799492 20646.908335140037 17478.357671742382 21868.079614257815
leaf_weight=378 791 322 541 241 54 704 484 168 231 818 314 259 162 20
leaf_count=378 791 322 541 241 54 704 484 168 231 818 314 259 162 20
internal_value=238.817 -17792.5 21468.6 -32617.4 36946.8 -9020.14 -36645.9 41209.3 12492.2 -12741 16900.4 13591.5 22955.6 -5572.08
internal_weight=5487 2967 2520 1103 925 1864 862 709 1595 1160 804 573 216 342
internal_count=5487 2967 2520 1103 925 1864 862 709 1595 1160 804 573 216 342
is_linear=0
shrinkage=0.05


Tree=3
num_leaves=15
num_cat=0
split_feature=4 3 4 4 4 3 4 9 15 11 11 8 9 10
split_gain=7.95667e+14 1.42812e+14 1.31046e+14 2.70752e+13 2.2009e+13 1.67157e+13 1.18365e+13 1.15012e+13 9.35109e+12 8.36632e+12 7.31863e+12 6.53925e+12 6.55413e+12 6.48239e+12
threshold=2131333.3333333335 1504166.6666666667 2630416.666666667 1263833.3333333337 1767500.0000000002 3044833.3333333335 2372416.6666666674 1.0000000180025095e-35 1.0000000180025095e-35 -0.24999999999999994 -0.5 1.5000000000000002 1.0000000180025095e-35 -0.6830127018922193
decision_type=2 2 2 2 2 2 2 2 2 2 2 2 2 2
left_child=1 3 6 -1 -3 11 10 -6 -7 -10 -2 -4 13 -13
right_child=2 4 5 -5 7 8 -8 -9 9 -11 -12 12 -14 -15
leaf_value=-40191.123666183506 17511.054892710094 -15324.473059078124 34262.888728777572 -24545.912279353972 -253.44413582873665 48137.958789062504 16669.465296766495 -10275.477835132231 56635.121413352274 21286.643662109374 5196.6461858915882 13322.46205444336 16279.03964930943 39725.031064094102
leaf_weight=477 148 781 384 658 677 277 621 496 22 70 653 32 133 85
leaf_count=477 148 781 384 658 677 277 621 496 22 70 653 32 133 85
internal_value=-186.247 -17014.9 21250.3 -31121 -8821.2 35090 11488.6 -4491.24 43550.8 29739.5 7471.97 30165.6 23872.2 32503.8
internal_weight=5514 3089 2425 1135 1954 1003 1422 1173 369 92 801 634 250 117
internal_count=5514 3089 2425 1135 1954 1003 1422 1173 369 92 801 634 250 117
is_linear=0
shrinkage=0.05


Tree=4
num_leaves=15
num_cat=0
split_feature=3 3 3 8 15 5 3 11 3 0 3 5 11 13
split_gain=6.68165e+14 1.26034e+14 1.06321e+14 2.11819e+13 1.97164e+13 1.63664e+13 1.9651e+13 1.40113e+13 1.27199e+13 1.10436e+13 1.08917e+13 6.86374e+12 6.20077e+12 6.99295e+12
threshold=2086500.0000000002 1504166.6666666667 2695666.6666666674 1.5000000000000002 1.0000000180025095e-35 822834.46722409688 1823833.3333333337 -0.68301270189221952 3044833.3333333335 1063500.0000000002 2339500.0000000005 537703.75241806789 -0.24999999999999994 1.0000000180025095e-35
decision_type=2 2 2 2 2 2 2 2 2 2 2 2 2 2
left_child=1 3 10 9 8 6 -3 -6 -4 -1 -2 -5 -12 -14
right_child=2 5 4 11 7 -7 -8 -9 -10 -11 12 -13 13 -15
leaf_value=-42041.38651634955 7368.8280424972854 -14266.438025510666 31759.722330402015 -22183.421078508851 52470.25233677456 10768.688877938648 -3490.4239868010709 14376.05225606864 45850.667050125354 -29533.842957340818 22854.613132065453 -4317.8551119290869 7891.6980343385731 18835.781623660816
leaf_weight=248 791 903 398 173 28 109 796 175 268 612 217 78 315 272
leaf_count=248 791 903 398 173 28 109 796 175 268 612 217 78 315 272
internal_value=27.5036 -16157.1 19200.8 -29410.9 33271.9 -8012.82 -9217.76 19630.4 37430 -33140.7 11534.4 -16631.6 15632.7 12962.9
internal_weight=5383 2919 2464 1111 869 1808 1699 203 666 860 1595 251 804 587
internal_count=5383 2919 2464 1111 869 1808 1699 203 666 860 1595 251 804 587
is_linear=0
shrinkage=0.05


Tree=5
num_leaves=15
num_cat=0
split_feature=4 4 4 4 4 9 4 13 5 5 3 15 4 11
split_gain=6.28866e+14 1.22328e+14 1.06712e+14 2.57687e+13 1.6865e+13 1.55766e+13 1.30858e+13 8.65568e+12 8.0975e+12 7.93652e+12 7.8169e+12 6.80025e+12 9.37451e+12 6.77241e+12
threshold=2131333.3333333335 1572416.666666667 2751750.0000000005 1263833.3333333337 2418066.6666666674 1.0000000180025095e-35 1920333.3333333337 1.0000000180025095e-35 587931.66348022944 822834.46722409688 3044833.3333333335 1.0000000180025095e-35 2546333.333333334 0.6830127018922193
decision_type=2 2 2 2 2 2 2 2 2 2 2 2 2 2
left_child=1 3 4 -1 -2 6 -3 13 -8 -5 -4 -6 -13 -7
right_child=2 5 10 9 11 7 8 -9 -10 -11 -12 12 -14 -15
leaf_value=-36198.703861769369 7395.8050123753119 -7014.2940855420238 29826.700739986794 -22451.070790193859 20243.755749027838 -10984.045218202145 1817.2006595600251 -6155.4360205747907 24857.501000408796 3392.8676222278227 39880.451736631236 23408.905616835298 -1980.1582036675347 -23822.531173373689
leaf_weight=484 914 731 426 712 555 209 337 303 43 31 354 61 90 202
leaf_count=484 914 731 426 712 555 209 337 303 43 31 354 61 90 202
internal_value=45.7417 -15012.9 19195.3 -27221 11879.5 -6804.98 -3101.87 -12567.1 4424.39 -21372.8 34389.6 17684.2 8276.35 -17294
internal_weight=5452 3052 2400 1227 1620 1825 1111 714 380 743 780 706 151 411
internal_count=5452 3052 2400 1227 1620 1825 1111 714 380 743 780 706 151 411
is_linear=0
shrinkage=0.05


Tree=6
num_leaves=15
num_cat=0
split_feature=4 4 4 4 4 3 5 4 11 0 9 5 11 13
split_gain=5.59259e+14 1.26307e+14 8.41753e+13 1.67393e+13 1.60322e+13 1.36682e+13 7.54174e+12 7.23251e+12 7.17044e+12 7.06332e+12 5.75524e+12 6.30233e+12 5.54903e+12 6.90519e+12
threshold=1986250.0000000002 2630416.666666667 1367250.0000000002 2227166.6666666674 1658416.666666667 2863500.0000000005 366806.23093723098 1039750.0000000001 -0.24999999999999994 2625500.0000000005 1.0000000180025095e-35 745143.3847687674 1.0000000180025095e-35 1.0000000180025095e-35
decision_type=2 2 2 2 2 2 2 2 2 2 2 2 2 2
left_child=2 3 7 10 6 -3 -4 -1 -6 -7 11 -2 -5 -14
right_child=1 5 4 12 8 9 -8 -9 -10 -11 -12 -13 13 -15
leaf_value=-40550.78859148395 3608.5338261553634 22713.792184635378 -19382.703417079054 15938.070892149255 -1650.5186061330251 16631.109855468749 -6641.8469443737622 -28913.792765739159 -10370.59440427381 36309.911071164643 -3518.2999444697834 25704.321573660716 3947.0614435873063 13983.494887008666
leaf_weight=181 414 424 638 413 339 50 142 509 774 518 311 35 369 320
leaf_count=181 414 424 638 413 339 50 142 509 774 518 311 35 369 320
internal_value=-159.785 15095.9 -17016.1 7418.37 -11566.7 29506.8 -17063.2 -31966.4 -7714.61 34577.6 1709.73 5330.92 11355.4 8608.39
internal_weight=5437 2854 2583 1862 1893 992 780 690 1113 568 760 449 1102 689
internal_count=5437 2854 2583 1862 1893 992 780 690 1113 568 760 449 1102 689
is_linear=0
shrinkage=0.05


Tree=7
num_leaves=15
num_cat=0
split_feature=4 4 4 4 3 4 11 8 15 9 11 15 4 12
split_gain=5.33695e+14 1.06139e+14 7.64137e+13 2.00139e+13 1.31738e+13 1.23774e+13 1.00709e+13 7.88275e+12 6.97911e+12 6.07138e+12 5.63799e+12 5.89088e+12 5.34939e+12 5.14898e+12
threshold=2020000.0000000002 2630416.666666667 1367250.0000000002 1672183.3333333337 2897333.3333333335 2411250.0000000005 -0.24999999999999994 1.5000000000000002 1.0000000180025095e-35 1.0000000180025095e-35 -0.24999999999999994 1.0000000180025095e-35 1059916.6666666667 6.5000000000000009
decision_type=2 2 2 2 2 2 2 2 2 2 2 2 2 2
left_child=2 5 7 -4 8 6 -2 12 -3 -5 -6 -12 -1 -10
right_child=1 4 3 9 10 -7 -8 -9 13 -11 11 -13 -14 -15
leaf_value=-39074.429155927835 12128.813724750022 25587.51433080178 -17016.278570551072 -3926.8654468978198 42127.33601323342 14370.2750379383 2251.7458103109288 -15135.066315018503 -5390.2757516571974 -11304.87842761496 33866.997483060179 18728.093990567835 -29043.173468162215 18409.083779949033
leaf_weight=194 368 362 822 708 147 525 864 76 33 460 297 82 422 73
leaf_count=194 368 362 822 708 147 525 864 76 33 460 297 82 422 73
internal_value=-144.649 15328.6 -16015.9 -11039.1 28385.9 7941.55 5202.04 -30327.9 22283.5 -6832.59 33815.4 30591.6 -32202.4 10999.8
internal_weight=5433 2751 2682 1990 994 1757 1232 692 468 1168 526 379 616 106
internal_count=5433 2751 2682 1990 994 1757 1232 692 468 1168 526 379 616 106
is_linear=0
shrinkage=0.05


Tree=8
num_leaves=15
num_cat=0
split_feature=3 3 3 5 15 5 3 3 3 11 11 1 13 15
split_gain=4.49574e+14 8.10319e+13 7.33118e+13 1.62212e+13 1.6078e+13 1.18392e+13 1.05232e+13 9.49024e+12 8.82095e+12 7.56821e+12 7.09664e+12 7.05479e+12 5.31392e+12 5.25467e+12
threshold=2030833.3333333335 2684000.0000000005 1504166.6666666667 614287.22942864231 1.0000000180025095e-35 602245.02564116789 1207166.666666667 2339500.0000000005 3044833.3333333335 -0.24999999999999994 -0.24999999999999994 3636000.0000000005 1.0000000180025095e-35 1.0000000180025095e-35
decision_type=2 2 2 2 2 2 2 2 2 2 2 2 2 2
left_child=2 7 3 6 8 9 -1 -2 -3 -4 -5 -6 -11 -9
right_child=1 4 5 10 11 -7 -8 13 -10 12 -12 -13 -14 -15
leaf_value=-32209.328712380695 4890.5890064227542 25759.586275079317 -3586.2540719330705 13888.896966911765 9249.2687738766454 5075.25724264362 -21823.984073980431 14246.742149103078 37236.291022549718 -14724.631172600915 -14535.857475428429 29885.901728166857 -7602.3306746167482 3676.9321324666344
leaf_weight=406 957 428 457 34 159 167 611 641 275 544 62 56 505 144
leaf_count=406 957 428 457 34 159 167 611 641 275 544 62 56 505 144
internal_value=-134.026 14568.1 -14171.3 -24115.4 26589.7 -7555.72 -25970 8233.03 30249.1 -8956.37 -4468.76 14624.4 -11295.9 12307.8
internal_weight=5446 2660 2786 1113 918 1673 1017 1742 703 1506 96 215 1049 785
internal_count=5446 2660 2786 1113 918 1673 1017 1742 703 1506 96 215 1049 785
is_linear=0
shrinkage=0.05


Tree=9
num_leaves=15
num_cat=0
split_feature=4 4 4 4 4 11 14 11 4 5 3 8 11 6
split_gain=4.26714e+14 8.75579e+13 5.92627e+13 1.6666e+13 1.29253e+13 1.11022e+13 9.07968e+12 7.00074e+12 6.86852e+12 6.71034e+12 5.71749e+12 5.57132e+12 5.39981e+12 6.30013e+12
threshold=1986250.0000000002 2728083.3333333335 1375583.3333333335 2227166.6666666674 1672183.3333333337 -0.24999999999999994 1.0000000180025095e-35 -0.68301270189221952 1083700.0000000002 822834.46722409688 3195000.0000000005 1.5000000000000002 -0.68301270189221952 12.500000000000002
decision_type=2 2 2 2 2 2 2 2 2 2 2 2 2 2
left_child=2 3 8 -2 9 6 -5 -6 -1 -4 -3 -7 -12 -14
right_child=1 10 4 5 7 11 -8 -9 -10 -11 12 -13 13 -15
leaf_value=-33745.493118807171 2031.5968822630225 24754.66467703092 -15808.064539741763 13073.268599992458 3444.9761598265018 11826.622459357766 29578.590548851378 -8060.1082340538314 -23367.257215433354 4711.9537039620536 55578.462590144227 3876.2683255067809 9816.1895002693982 35063.526189271848
leaf_weight=246 758 590 775 246 154 510 126 935 453 42 26 388 29 167
leaf_count=246 758 590 775 246 154 510 126 935 453 42 26 388 29 167
internal_value=48.3444 13453.9 -14566.5 7898.64 -9999.49 11400.4 18663.8 -6433.13 -27019.7 -14753.2 27328.3 8391.5 34168.1 31328
internal_weight=5445 2840 2605 2028 1906 1270 372 1089 699 817 812 898 222 196
internal_count=5445 2840 2605 2028 1906 1270 372 1089 699 817 812 898 222 196
is_linear=0
shrinkage=0.05


Tree=10
num_leaves=15
num_cat=0
split_feature=3 3 3 8 3 5 15 15 0 5 3 11 2 11
split_gain=3.645e+14 6.76281e+13 5.49522e+13 1.40913e+13 1.2294e+13 1.12111e+13 9.83957e+12 7.05717e+12 6.96379e+12 6.94468e+12 6.41797e+12 5.93736e+12 5.80165e+12 5.01024e+12
threshold=1996500.0000000002 2714500.0000000005 1504166.6666666667 1.5000000000000002 2339500.0000000005 587931.66348022944 1.0000000180025095e-35 1.0000000180025095e-35 2936500.0000000005 952945.56974290218 1221500.0000000002 -0.5 3330000.0000000005 -0.24999999999999994
decision_type=2 2 2 2 2 2 2 2 2 2 2 2 2 2
left_child=2 4 3 10 13 -4 8 -6 -3 -5 -1 -7 -8 -2
right_child=1 6 5 9 7 11 12 -9 -10 -11 -12 -13 -14 -15
leaf_value=-29018.884300718761 9244.3293103335418 21596.135277157737 -8510.5513588739086 -13670.541400668153 14174.575328338404 23374.568859863284 21731.619939062501 2643.5620578672829 32198.061442489201 16345.172734142485 -20492.019594044021 287.89713283631858 4488.2346832275389 1767.1857546002452
leaf_weight=420 317 273 1371 234 695 36 125 164 358 21 465 123 80 764
leaf_count=420 317 273 1371 234 695 36 125 164 358 21 465 123 80 764
internal_value=-55.0551 12631 -13244.7 -21554.7 7507.97 -7052.99 24519.3 11973.1 27611.2 -11198.7 -24538.7 5515.07 15002.5 3959.84
internal_weight=5446 2776 2670 1140 1940 1530 836 859 631 255 885 159 205 1081
internal_count=5446 2776 2670 1140 1940 1530 836 859 631 255 885 159 205 1081
is_linear=0
shrinkage=0.05


Tree=11
num_leaves=15
num_cat=0
split_feature=4 4 4 4 11 14 13 11 11 8 15 3 1 12
split_gain=3.47659e+14 7.18114e+13 6.28929e+13 2.03297e+13 9.04357e+12 1.04619e+13 8.40166e+12 8.35605e+12 8.02456e+12 7.1447e+12 6.95443e+12 5.9993e+12 4.61306e+12 4.42212e+12
threshold=2131333.3333333335 1658416.666666667 2728083.3333333335 1311183.3333333337 -0.24999999999999994 1.0000000180025095e-35 1.0000000180025095e-35 -0.24999999999999994 -0.24999999999999994 1.5000000000000002 1.0000000180025095e-35 3044833.3333333335 2220500.0000000005 7.5000000000000009
decision_type=2 2 2 2 2 2 2 2 2 2 2 2 2 2
left_child=1 3 4 -1 5 -2 -6 9 10 -3 -5 -4 -11 -13
right_child=2 7 11 8 6 -7 -8 -9 -10 12 -12 13 -14 -15
leaf_value=-26422.669551838844 8818.7141803728427 -3428.5731219692893 21940.784130904925 -12139.655170694989 2151.9030139120691 24748.563923309135 10821.960608588992 -6244.9672998513752 -17876.217189036262 5601.3366268091813 5303.2851497395832 21664.120653290112 26546.112525201614 34307.097420011029
leaf_weight=580 293 290 469 240 621 159 508 1072 588 173 75 97 31 241
leaf_count=580 293 290 469 240 621 159 508 1072 588 173 75 97 31 241
internal_value=-43.5194 -11232.9 14243.1 -19118.1 8445.79 14422.4 6053.04 -3765.6 -14426.3 1614.73 -7986.57 25600.6 8784.12 30678.8
internal_weight=5437 3049 2388 1483 1581 452 1129 1566 903 494 315 807 204 338
internal_count=5437 3049 2388 1483 1581 452 1129 1566 903 494 315 807 204 338
is_linear=0
shrinkage=0.05


Tree=12
num_leaves=15
num_cat=0
split_feature=4 4 4 11 11 13 3 5 4 4 11 8 3 6
split_gain=3.17516e+14 6.77925e+13 4.74414e+13 1.12803e+13 9.432e+12 9.05958e+12 8.90649e+12 8.45027e+12 8.31265e+12 6.66292e+12 6.52747e+12 5.85386e+12 5.49709e+12 6.17256e+12
threshold=2033800.0000000002 2630416.666666667 1386916.6666666667 -0.24999999999999994 -0.24999999999999994 1.0000000180025095e-35 1691666.6666666667 245674.23284679098 2237250.0000000005 2857250.0000000005 0.93301270189221952 1.5000000000000002 1828833.3333333337 9.5000000000000018
decision_type=2 2 2 2 2 2 2 2 2 2 2 2 2 2
left_child=2 8 11 7 -3 10 -5 -4 12 -7 -6 -1 -2 -14
right_child=1 4 3 6 5 9 -8 -9 -10 -11 -12 -13 13 -15
leaf_value=-24846.617599603011 20998.023496093752 31109.482697299332 -6704.2761448888414 -15428.369288689659 17723.345807279929 17764.90978623047 -7243.8755756223181 5550.4627488583183 8813.9263611763745 32971.56644761029 609.04811448317309 -10492.07972229004 -24229.076719156903 1618.6972737961562
leaf_weight=633 35 239 439 589 390 125 763 207 1057 170 65 80 24 614
leaf_count=633 35 239 439 589 390 125 763 207 1057 170 65 80 24 614
internal_value=-55.1788 12017.8 -12163.7 -8212.52 22459.7 19703.3 -10809.5 -2777.45 6048.34 26528.1 15278.4 -23236 1704.77 646.367
internal_weight=5430 2719 2711 1998 989 750 1352 646 1730 295 455 713 673 638
internal_count=5430 2719 2711 1998 989 750 1352 646 1730 295 455 713 673 638
is_linear=0
shrinkage=0.05


Tree=13
num_leaves=15
num_cat=0
split_feature=4 4 4 4 4 9 0 13 4 4 2 0 9 8
split_gain=2.86513e+14 5.96416e+13 4.3351e+13 1.30291e+13 9.51318e+12 9.2391e+12 7.09206e+12 6.33474e+12 6.32002e+12 5.85585e+12 5.74855e+12 4.30619e+12 3.86697e+12 7.68659e+12
threshold=1986250.0000000002 2751750.0000000005 1375583.3333333335 2411250.0000000005 1756816.6666666667 1.0000000180025095e-35 3398500.0000000005 1.0000000180025095e-35 3280833.3333333335 1039750.0000000001 1364500.0000000002 955000.00000000012 1.0000000180025095e-35 1.5000000000000002
decision_type=2 2 2 2 2 2 2 2 2 2 2 2 2 2
left_child=2 3 9 5 11 10 -5 -7 12 -1 -2 -4 -3 -14
right_child=1 8 4 6 -6 7 -8 -9 -10 -11 -12 -13 13 -15
leaf_value=-30408.147880252476 30649.172601562503 23885.39730886108 4459.4151707848841 12882.845752617692 -3884.9116240575504 -6161.2468201880365 -14220.791335937502 4702.3365666856325 31731.711043809337 -19909.200027810002 6287.4144506511366 -11681.100358385411 23178.857209309896 5684.8584958959509
leaf_weight=177 25 358 43 698 798 306 25 239 158 532 771 1060 150 108
leaf_count=177 25 358 43 698 798 306 25 239 158 532 771 1060 150 108
internal_value=-22.0048 10974.1 -11978.7 6535.39 -8043.33 3618.45 11945.7 -1397.22 22810.6 -22530.2 7052.55 -11051.9 20522.3 15855.8
internal_weight=5448 2838 2610 2064 1901 1341 723 545 774 709 796 1103 616 258
internal_count=5448 2838 2610 2064 1901 1341 723 545 774 709 796 1103 616 258
is_linear=0
shrinkage=0.05


Tree=14
num_leaves=15
num_cat=0
split_feature=4 4 4 4 11 4 4 0 11 8 8 6 2 4
split_gain=2.63063e+14 5.43383e+13 3.64992e+13 9.94527e+12 8.28631e+12 7.90008e+12 7.09734e+12 6.99645e+12 6.53503e+12 6.14823e+12 5.89635e+12 5.86737e+12 5.23525e+12 5.18949e+12
threshold=1986250.0000000002 2630416.666666667 1375583.3333333335 2372416.6666666674 -0.24999999999999994 1658416.666666667 3280833.3333333335 1027000.0000000001 0.25000000000000017 1.5000000000000002 1.5000000000000002 12.500000000000002 2840500.0000000005 3240166.6666666674
decision_type=2 2 2 2 2 2 2 2 2 2 2 2 2 2
left_child=2 3 9 8 13 -4 10 -7 12 -1 -6 -8 -2 -3
right_child=1 4 5 -5 6 7 11 -9 -10 -11 -12 -13 -14 -15
leaf_value=-22445.084138306433 5767.3882784860416 25720.030327332697 -11465.543018960016 10833.125368034192 19488.984211934407 15934.396763571716 2705.1866186523439 -5620.7971169334496 -553.06698627534149 -7818.820126832562 9574.1242934883812 31939.54139162174 27919.628512137278 48994.585040509264
leaf_weight=636 562 212 763 626 360 39 20 1084 613 81 257 121 28 27
leaf_count=636 562 212 763 626 360 39 20 1084 613 81 257 121 28 27
internal_value=277.821 10840.9 -11190.2 5721.99 20231.6 -7539.61 17672 -4872.22 3062.34 -20792.7 15359.1 27792.8 6818.68 28349.4
internal_weight=5429 2826 2603 1829 997 1886 758 1123 1203 717 617 141 590 239
internal_count=5429 2826 2603 1829 997 1886 758 1123 1203 717 617 141 590 239
is_linear=0
shrinkage=0.05


Tree=15
num_leaves=15
num_cat=0
split_feature=4 4 4 4 11 11 0 13 14 4 11 5 13 1
split_gain=2.30768e+14 5.62696e+13 2.86119e+13 1.1657e+13 9.94683e+12 9.20518e+12 7.76865e+12 6.94843e+12 6.65152e+12 5.81849e+12 5.73474e+12 6.4431e+12 5.05345e+12 5.24315e+12
threshold=2211166.6666666674 1600750.0000000002 2751750.0000000005 1189833.3333333337 -0.24999999999999994 -0.24999999999999994 1170500.0000000002 1.0000000180025095e-35 1.0000000180025095e-35 1884633.3333333337 -0.24999999999999994 205311.13878332035 1.0000000180025095e-35 1972500.0000000002
decision_type=2 2 2 2 2 2 2 2 2 2 2 2 2 2
left_child=1 3 5 -1 6 8 -3 -7 -2 -6 11 -5 13 -8
right_child=2 4 -4 10 9 7 12 -9 -10 -11 -12 -13 -14 -15
leaf_value=-23736.849974179891 10164.550651765046 32137.072556268598 20486.280179849928 -12544.832157818188 -8845.1956087305498 1937.9549710266574 182.55042029747597 10349.068609384905 23626.34026981052 -2381.2168572422011 -16167.970804798158 3094.0991945956616 -3935.1448421730188 13145.946388972356
leaf_weight=382 270 21 760 220 652 532 195 456 139 747 615 94 265 130
leaf_count=382 270 21 760 220 652 532 195 456 139 747 615 94 265 130
internal_value=-54.9046 -8325.5 12678.8 -16384.3 -3069.25 8431.39 2253.09 5820.01 14739.6 -5393.74 -13360.9 -7863.11 1189.42 5367.91
internal_weight=5478 3321 2157 1311 2010 1397 611 988 409 1399 929 314 590 325
internal_count=5478 3321 2157 1311 2010 1397 611 988 409 1399 929 314 590 325
is_linear=0
shrinkage=0.05


Tree=16
num_leaves=15
num_cat=0
split_feature=4 4 4 9 13 4 11 4 2 5 11 14 11 8
split_gain=2.12107e+14 4.97114e+13 3.08189e+13 1.27695e+13 1.04968e+13 7.38529e+12 7.09388e+12 5.9023e+12 6.89346e+12 5.64255e+12 5.58251e+12 5.22228e+12 5.03055e+12 4.91907e+12
threshold=1986250.0000000002 2802250.0000000005 1375583.3333333335 1.0000000180025095e-35 1.0000000180025095e-35 1767500.0000000002 0.6830127018922193 2346791.6666666674 1429000.0000000002 926642.88910489483 -0.24999999999999994 1.0000000180025095e-35 -0.68301270189221952 1.5000000000000002
decision_type=2 2 2 2 2 2 2 2 2 2 2 2 2 2
left_child=2 3 -1 7 6 12 -5 8 -2 10 13 -9 -4 -3
right_child=1 9 5 4 -6 -7 -8 11 -10 -11 -12 -13 -14 -15
leaf_value=-19224.77650591157 32629.33741932745 24214.554814485535 -2548.870550173805 2441.0247342406201 7341.3258228167615 -3184.2366933284534 -9516.7884273219752 9398.7744999556107 4779.0110309320853 6195.5461343021716 19573.202664309174 19795.458048595083 -11106.800523689093 42447.034632457391
leaf_weight=711 23 113 210 238 369 755 259 385 654 59 473 176 942 55
leaf_count=711 23 113 210 238 369 755 259 385 654 59 473 176 942 55
internal_value=-105.634 9450.08 -10340.3 5610.05 952.731 -7027.78 -3790.51 8867.91 5725.18 20992.1 22354.1 12660.5 -9546.76 30183.5
internal_weight=5422 2804 2618 2104 866 1907 497 1238 677 700 641 561 1152 168
internal_count=5422 2804 2618 2104 866 1907 497 1238 677 700 641 561 1152 168
is_linear=0
shrinkage=0.05


Tree=17
num_leaves=15
num_cat=0
split_feature=3 4 4 4 5 11 13 5 9 13 4 4 1 11
split_gain=1.9428e+14 3.49989e+13 3.38551e+13 1.00841e+13 8.67422e+12 5.83802e+12 7.23126e+12 5.72468e+12 5.4738e+12 6.69092e+12 4.89992e+12 4.67554e+12 4.54148e+12 4.51066e+12
threshold=2086500.0000000002 2630416.666666667 1600750.0000000002 1124833.3333333337 1128702.3868164581 -0.24999999999999994 1.0000000180025095e-35 822834.46722409688 1.0000000180025095e-35 1.0000000180025095e-35 2983416.6666666674 3240166.6666666674 3260000.0000000005 0.25000000000000017
decision_type=2 2 2 2 2 2 2 2 2 2 2 2 2 2
left_child=2 12 3 -1 8 11 -7 -5 -4 -10 -8 -3 13 -2
right_child=1 5 4 7 -6 6 10 -9 9 -11 -12 -13 -14 -15
leaf_value=-23133.174152000916 7788.0543276330709 21861.386381746754 -2210.3031571242386 -13170.538684463452 15334.180537632534 11227.175776868347 16310.266420812193 7126.6184299045144 -12342.973230540996 -2223.088737994603 29538.279242429482 44287.821138822117 24053.68045654297 2263.6381499077111
leaf_weight=282 736 219 935 992 56 436 184 36 392 280 113 26 32 742
leaf_count=282 736 219 935 992 56 436 184 36 392 280 113 26 32 742
internal_value=-118.397 10190.7 -8745.71 -14757.4 -4010.12 17559.4 15326 -12459.7 -4684.22 -8126.35 21343.1 24241.3 5418.11 5014.63
internal_weight=5461 2488 2973 1310 1663 978 733 1028 1607 672 297 245 1510 1478
internal_count=5461 2488 2973 1310 1663 978 733 1028 1607 672 297 245 1510 1478
is_linear=0
shrinkage=0.05


Tree=18
num_leaves=15
num_cat=0
split_feature=4 4 4 4 9 13 11 1 8 11 2 2 1 15
split_gain=1.81568e+14 4.49091e+13 2.15661e+13 8.28607e+12 7.93379e+12 8.29166e+12 6.76805e+12 5.70203e+12 5.65256e+12 5.55552e+12 5.22954e+12 4.63558e+12 4.35599e+12 4.61481e+12
threshold=2221083.3333333335 1583583.3333333337 2751750.0000000005 1083700.0000000002 1.0000000180025095e-35 1.0000000180025095e-35 -0.68301270189221952 869500.00000000012 1.5000000000000002 0.6830127018922193 1778500.0000000002 3216500.0000000005 3238500.0000000005 1.0000000180025095e-35
decision_type=2 2 2 2 2 2 2 2 2 2 2 2 2 2
left_child=1 3 6 -1 7 9 8 -3 -2 -6 -5 12 13 -8
right_child=2 4 -4 10 5 -7 11 -9 -10 -11 -12 -13 -14 -15
leaf_value=-22840.79305964091 9465.5097655215504 20929.334476594002 18172.797200468398 -13691.228201346563 -5471.8473664405592 -802.53884261911071 7684.261794935439 -779.26114111496861 26949.702723131686 -16497.737228685462 -131.05478896103895 -9516.7881445312505 24747.676429332387 -1580.6190647559831
leaf_weight=249 118 31 776 928 227 351 900 1248 76 230 77 45 33 158
leaf_count=249 118 31 776 928 227 351 900 1248 76 230 77 45 33 158
internal_value=50.82 -7196.92 11548.8 -14675.4 -2703.4 -6582.03 7683.93 -253.095 16315 -11021 -12652.3 6209.96 6858.64 6300.66
internal_weight=5447 3341 2106 1254 2087 808 1330 1279 194 457 1005 1136 1091 1058
internal_count=5447 3341 2106 1254 2087 808 1330 1279 194 457 1005 1136 1091 1058
is_linear=0
shrinkage=0.05


Tree=19
num_leaves=15
num_cat=0
split_feature=4 3 4 11 3 5 9 13 9 15 8 14 4 6
split_gain=1.62033e+14 3.86889e+13 1.98832e+13 7.74475e+12 7.21236e+12 6.98409e+12 5.98212e+12 9.18473e+12 5.33181e+12 5.24445e+12 4.62207e+12 4.38941e+12 3.99131e+12 6.6048e+12
threshold=1931833.3333333337 2537833.3333333335 1395633.3333333337 -0.24999999999999994 2863500.0000000005 1257231.7429030729 1.0000000180025095e-35 1.0000000180025095e-35 1.0000000180025095e-35 1.0000000180025095e-35 1.5000000000000002 1.0000000180025095e-35 2354333.3333333335 10.500000000000002
decision_type=2 2 2 2 2 2 2 2 2 2 2 2 2 2
left_child=2 5 10 11 9 6 12 -8 -4 -5 -1 -3 -2 -14
right_child=1 3 8 4 -6 -7 7 -9 -10 -11 -12 -13 13 -15
leaf_value=-17599.098684827415 3333.956996763503 17670.625846036859 -4254.301347341956 11035.338273058442 17079.209258776205 20293.201984273979 -5868.9603213789451 5217.6134183889135 -10035.060577071279 -1603.3345768681279 -4819.7799334948577 30548.832454769741 34449.798197115386 7868.6476625417745
leaf_weight=678 747 218 1025 342 426 58 402 349 653 108 79 95 26 231
leaf_count=678 747 218 1025 342 426 58 402 349 653 108 79 95 26 231
internal_value=45.4199 7819.27 -9538.61 14828.4 12416.3 3222.53 2658.37 -716.877 -6503.91 8002.06 -16265.5 21579.3 5183.09 10557.8
internal_weight=5437 3002 2435 1189 876 1813 1755 751 1678 450 757 313 1004 257
internal_count=5437 3002 2435 1189 876 1813 1755 751 1678 450 757 313 1004 257
is_linear=0
shrinkage=0.05


Tree=20
num_leaves=15
num_cat=0
split_feature=3 3 3 5 8 9 13 1 10 8 12 3 3 6
split_gain=1.43559e+14 2.70321e+13 2.20029e+13 1.04338e+13 7.09715e+12 6.66705e+12 8.54292e+12 6.18176e+12 6.07162e+12 4.93505e+12 4.1634e+12 3.53368e+12 3.47358e+12 3.35749e+12
threshold=2106500.0000000005 1559166.6666666667 2786000.0000000005 643867.73314775946 1.5000000000000002 1.0000000180025095e-35 1.0000000180025095e-35 3238500.0000000005 -0.6830127018922193 1.5000000000000002 6.5000000000000009 1823833.3333333337 2281000.0000000005 8.5000000000000018
decision_type=2 2 2 2 2 2 2 2 2 2 2 2 2 2
left_child=1 4 5 11 -1 7 -7 8 -2 -10 -5 -3 -11 -4
right_child=2 3 13 10 -6 6 -8 -9 9 12 -12 -13 -14 -15
leaf_value=-14921.981886395839 1653.6979982834455 -6762.3386249566602 4336.8520395132209 -8257.7329606681033 -6296.2933214569093 -2815.3259801586255 8232.3703140534544 35632.014434523815 7311.2280280605592 9080.7136337980228 12636.982320392666 -2072.9240944065905 20668.860042624805 17527.124792809402
leaf_weight=936 258 783 52 29 320 370 332 21 430 109 134 825 159 668
leaf_count=936 258 783 52 29 320 370 332 21 430 109 134 825 159 668
internal_value=126.618 -7113.64 9262.2 -3134.5 -12724.4 6126.49 2409.51 8797.24 8207.77 10630.3 8919.52 -4356.39 15955.8 16574.5
internal_weight=5426 3027 2399 1771 1256 1679 702 977 956 698 163 1608 268 720
internal_count=5426 3027 2399 1771 1256 1679 702 977 956 698 163 1608 268 720
is_linear=0
shrinkage=0.05


Tree=21
num_leaves=15
num_cat=0
split_feature=4 3 4 11 0 15 11 8 3 2 4 1 4 4
split_gain=1.21549e+14 2.49506e+13 1.82157e+13 7.51188e+12 8.0575e+12 6.83329e+12 6.92152e+12 5.95922e+12 5.49746e+12 5.39524e+12 5.02555e+12 4.40776e+12 5.32521e+12 4.38061e+12
threshold=1986250.0000000002 2582500.0000000005 1263833.3333333337 -0.24999999999999994 1128000.0000000002 1.0000000180025095e-35 0.93301270189221952 2.5000000000000004 1633500.0000000002 1267500.0000000002 3117458.3333333335 2473500.0000000005 2714750.0000000005 2520250.0000000005
decision_type=2 2 2 2 2 2 2 2 2 2 2 2 2 2
left_child=2 9 -1 4 -4 10 11 -6 -5 -2 -3 12 -7 -13
right_child=1 5 3 8 7 6 -8 -9 -10 -11 -12 13 -14 -15
leaf_value=-16716.071386057538 20510.417018229171 13117.71295427171 22874.781262207034 -11524.067363524629 -4853.4774200549828 -20015.363957331734 -19039.797157226563 8410.0451721191403 -5240.3940895485157 2971.2252358071846 22272.860878191092 27986.261634290538 10241.269325580019 8519.550892038058
leaf_weight=480 45 617 32 621 553 26 25 100 792 1710 198 37 33 132
leaf_count=480 45 617 32 621 553 26 25 100 792 1710 198 37 33 132
internal_value=-80.0719 7087.87 -7929.22 -5918.88 -1621.86 13113.6 5935.34 -2822.31 -8002.01 3420.95 15341.9 8673.84 -3092.16 12781.5
internal_weight=5401 2823 2578 2098 685 1068 253 653 1413 1755 815 228 59 169
internal_count=5401 2823 2578 2098 685 1068 253 653 1413 1755 815 228 59 169
is_linear=0
shrinkage=0.05


Tree=22
num_leaves=15
num_cat=0
split_feature=4 4 4 12 11 8 4 1 6 1 5 13 11 13
split_gain=1.16101e+14 2.98206e+13 1.32825e+13 7.44218e+12 5.54092e+12 5.59447e+12 5.15502e+12 4.71553e+12 6.20989e+12 4.94124e+12 4.67491e+12 4.30313e+12 4.02557e+12 4.54753e+12
threshold=1920333.3333333337 2630416.666666667 1360666.6666666667 7.5000000000000009 -0.68301270189221952 1.5000000000000002 3280833.3333333335 1125500.0000000002 13.500000000000002 2723500.0000000005 602245.02564116789 1.0000000180025095e-35 -0.24999999999999994 1.0000000180025095e-35
decision_type=2 2 2 2 2 2 2 2 2 2 2 2 2 2
left_child=2 4 -1 11 5 -2 -5 -6 9 -9 12 -3 -4 -14
right_child=1 3 10 6 7 -7 -8 8 -10 -11 -12 -13 13 -15
leaf_value=-14405.038788973483 3732.2383400087101 1319.5883222471994 -3351.3611365307333 14566.072443722325 23098.627605262169 17491.220282528266 26625.663614537167 -9918.8222557654753 2853.3471600223952 6233.3121448993688 1500.628572016177 14438.431333908527 -12188.419909495693 -5539.2901701737883
leaf_weight=652 185 159 522 599 26 123 104 182 1502 64 184 103 496 534
leaf_count=652 185 159 522 599 26 123 104 182 1502 64 184 103 496 534
internal_value=-65.4675 6404 -8320.28 13669.6 3036.45 9226.9 16350.1 1961.67 1647.27 -5716.64 -6034.98 6477 -6928.38 -8741.2
internal_weight=5435 3047 2388 965 2082 308 703 1774 1748 246 1736 262 1552 1030
internal_count=5435 3047 2388 965 2082 308 703 1774 1748 246 1736 262 1552 1030
is_linear=0
shrinkage=0.05


Tree=23
num_leaves=15
num_cat=0
split_feature=4 4 4 4 2 11 0 8 2 5 6 15 6 4
split_gain=1.07832e+14 2.22133e+13 1.52582e+13 6.65335e+12 5.30318e+12 5.15959e+12 7.45914e+12 5.34215e+12 4.93051e+12 4.35868e+12 5.33681e+12 4.23564e+12 8.8535e+12 7.26402e+12
threshold=1986250.0000000002 2763458.3333333335 1367250.0000000002 2372416.6666666674 1214500.0000000002 -0.24999999999999994 1128000.0000000002 2.5000000000000004 1810500.0000000002 1257231.7429030729 11.500000000000002 1.0000000180025095e-35 9.5000000000000018 2467083.333333334
decision_type=2 2 2 2 2 2 2 2 2 2 2 2 2 2
left_child=2 3 -1 4 -2 6 -4 -8 -9 10 -6 -5 13 -13
right_child=1 -3 5 11 9 -7 7 8 -10 -11 -12 12 -14 -15
leaf_value=-13815.620802351747 23987.441248497598 13958.100399771276 22543.419988029236 9205.2180192500746 -12603.00496774593 -6907.1570580655607 -4566.8319462428017 715.47196748967758 26653.458543113429 19985.764414062502 1536.8630182503366 40560.350737304689 -7177.3321966355843 4802.6058693399236
leaf_weight=684 26 763 31 679 71 1300 504 57 27 30 1110 20 124 49
leaf_count=684 26 763 31 679 71 1300 504 57 27 30 1110 20 124 49
internal_value=-32.9371 6647.38 -7403.61 4002.48 1644.58 -5118.14 -1360.92 -2621.19 9052.68 1164.89 686.795 7347.35 811.117 15167.2
internal_weight=5475 2872 2603 2109 1237 1919 619 588 84 1211 1181 872 193 69
internal_count=5475 2872 2603 2109 1237 1919 619 588 84 1211 1181 872 193 69
is_linear=0
shrinkage=0.05


Tree=24
num_leaves=15
num_cat=0
split_feature=4 4 4 4 11 13 11 0 2 5 6 13 2 1
split_gain=9.93743e+13 1.94497e+13 1.64658e+13 6.11577e+12 6.08958e+12 5.29796e+12 5.22343e+12 5.41137e+12 4.75315e+12 4.59474e+12 4.43313e+12 4.42397e+12 3.89998e+12 4.1233e+12
threshold=2124416.6666666674 1583583.3333333337 2728083.3333333335 1124833.3333333337 -0.24999999999999994 1.0000000180025095e-35 -0.24999999999999994 1170500.0000000002 2805500.0000000005 843111.69620012271 8.5000000000000018 1.0000000180025095e-35 3504000.0000000005 3192500.0000000005
decision_type=2 2 2 2 2 2 2 2 2 2 2 2 2 2
left_child=1 3 4 -1 8 10 7 -3 -2 11 -6 -8 13 -12
right_child=2 6 -4 -5 5 -7 9 -9 -10 -11 12 -13 -14 -15
leaf_value=-17344.320597678172 7615.7033563282575 26146.220033482143 13202.840726955015 -9013.3118944498292 14446.216688368057 6186.983815344749 -8226.1910893291279 272.48917055272346 24533.668414572014 7546.7346435964928 -1894.7226838390188 -1931.4055313321028 -20403.275390625 18899.149015747069
leaf_weight=284 426 21 818 982 45 526 621 536 46 73 514 507 27 25
leaf_count=284 426 21 818 982 45 526 621 536 46 73 514 507 27 25
internal_value=-108.9 -6156.91 7426.82 -10882.2 4490.35 2508.47 -2754.07 1247.98 9264.49 -4610.14 -658.294 -5396.89 -1859.18 -930.257
internal_weight=5451 3024 2427 1266 1609 1137 1758 557 472 1201 611 1128 566 539
internal_count=5451 3024 2427 1266 1609 1137 1758 557 472 1201 611 1128 566 539
is_linear=0
shrinkage=0.05


Tree=25
num_leaves=15
num_cat=0
split_feature=3 3 4 1 5 11 4 8 14 13 10 10 10 4
split_gain=8.84083e+13 1.93919e+13 1.22816e+13 6.91027e+12 6.80366e+12 6.4504e+12 6.03332e+12 4.86111e+12 3.7418e+12 3.19932e+12 4.17298e+12 2.99595e+12 5.94483e+12 2.6513e+12
threshold=1991500.0000000002 2537833.3333333335 1428750.0000000002 3238500.0000000005 1128702.3868164581 -0.68301270189221952 3117458.3333333335 1.5000000000000002 1.0000000180025095e-35 1.0000000180025095e-35 0.68301270189221941 -0.24999999999999994 -0.6830127018922193 1039750.0000000001
decision_type=2 2 2 2 2 2 2 2 2 2 2 2 2 2
left_child=2 3 7 -2 -4 8 9 13 -3 10 11 12 -7 -1
right_child=1 5 4 -5 -6 6 -8 -9 -10 -11 -12 -13 -14 -15
leaf_value=-18422.197751014177 2353.3711705732135 14814.65917553948 -4687.9062905334022 31929.358300781252 13660.242628831133 292.13097591283133 16941.690215142145 -1491.5432003348214 30781.325156763982 11152.001977286156 12744.117257283529 -5364.2155449218753 19302.596294389205 -11295.618551037802
leaf_weight=172 1577 103 1780 20 52 163 225 105 57 362 120 100 55 541
leaf_count=172 1577 103 1780 20 52 163 225 105 57 362 120 100 55 541
internal_value=94.0789 6319.68 -6441.62 2723.77 -4167.11 11165.8 9708.33 -11535.6 20502.8 7673.95 4799.39 1801.38 5088.35 -13014.8
internal_weight=5432 2782 2650 1597 1832 1185 1025 818 160 800 438 318 218 713
internal_count=5432 2782 2650 1597 1832 1185 1025 818 160 800 438 318 218 713
is_linear=0
shrinkage=0.05


Tree=26
num_leaves=15
num_cat=0
split_feature=3 1 3 0 15 0 5 6 1 5 1 5 2 0
split_gain=7.93727e+13 1.47749e+13 1.2178e+13 4.92762e+12 4.77994e+12 4.71281e+12 4.60219e+12 4.53196e+12 6.85399e+12 4.4452e+12 4.35039e+12 7.72135e+12 7.01217e+12 4.26946e+12
threshold=1996500.0000000002 2660500.0000000005 1504166.6666666667 3240500.0000000005 1.0000000180025095e-35 1582500.0000000002 783069.16752692231 9.5000000000000018 2350500.0000000005 671246.81783403049 4105500.0000000005 900811.7069039304 2982000.0000000005 2858500.0000000005
decision_type=2 2 2 2 2 2 2 2 2 2 2 2 2 2
left_child=2 4 9 10 -2 -6 -4 8 13 -1 11 -3 -13 -7
right_child=1 3 6 -5 5 7 -8 -9 -10 -11 -12 12 -14 -15
leaf_value=-11119.240892072175 4254.0130190026903 9345.4920903613856 -4116.8710410817466 17222.998890107734 14356.57625633446 23861.296677760074 6725.9045043509359 -9034.8572207132984 -17087.031843171295 839.17304106212805 30190.56462296196 6002.6552164713539 -34084.201865234376 -1142.6393129410283
leaf_weight=1038 1482 734 1440 219 37 38 105 192 27 84 23 24 20 31
leaf_count=1038 1482 734 1440 219 37 38 105 192 27 84 23 24 20 31
internal_value=-71.7618 5765.51 -6259.23 10576.7 3049.75 -2441.67 -3379.98 -4599.77 4270.39 -10224 8759.49 8125.93 -12218.6 12627.6
internal_weight=5494 2827 2667 1020 1807 325 1545 288 96 1122 801 778 44 69
internal_count=5494 2827 2667 1020 1807 325 1545 288 96 1122 801 778 44 69
is_linear=0
shrinkage=0.05


Tree=27
num_leaves=15
num_cat=0
split_feature=3 3 3 5 0 11 13 9 1 13 1 5 11 11
split_gain=7.11489e+13 1.62378e+13 1.16575e+13 7.25134e+12 5.87144e+12 4.12922e+12 5.28039e+12 3.93884e+12 6.25391e+12 4.50928e+12 4.16477e+12 3.90497e+12 4.22529e+12 3.67363e+12
threshold=1991500.0000000002 2770833.3333333335 1504166.6666666667 822834.46722409688 3463500.0000000005 -0.24999999999999994 1.0000000180025095e-35 1.0000000180025095e-35 3192500.0000000005 1.0000000180025095e-35 1725500.0000000002 614287.22942864231 -0.68301270189221952 -0.68301270189221952
decision_type=2 2 2 2 2 2 2 2 2 2 2 2 2 2
left_child=2 4 11 13 7 -3 -7 8 -2 10 -9 -1 -13 -4
right_child=1 5 3 -5 -6 6 -8 9 -10 -11 -12 12 -14 -15
leaf_value=-10722.964742909538 4864.9267194886188 18204.930902857112 1956.0546787261965 10400.538267744349 -19880.003515625001 5643.594701771678 15722.168391552059 16477.829193793405 30128.932140625002 4826.7062409001956 -3791.3018141240823 18929.573006924718 -5779.8650713885272 -5008.8415257582583
leaf_weight=1008 1214 193 224 94 27 324 217 27 25 392 413 22 81 1223
leaf_count=1008 1214 193 224 94 27 324 217 27 25 392 413 22 81 1223
internal_value=14.0336 5525.22 -5871.22 -3056.46 3285.82 11926.1 9686.2 3587.84 5374.69 926.878 -2547.51 -9775.4 -502.121 -3930.65
internal_weight=5484 2832 2652 1541 2098 734 541 2071 1239 832 440 1111 103 1447
internal_count=5484 2832 2652 1541 2098 734 541 2071 1239 832 440 1111 103 1447
is_linear=0
shrinkage=0.05


Tree=28
num_leaves=15
num_cat=0
split_feature=4 4 4 4 9 5 1 2 13 11 9 13 3 8
split_gain=6.78725e+13 1.68388e+13 8.5358e+12 6.35794e+12 6.15961e+12 5.96433e+12 5.54631e+12 5.27268e+12 5.06198e+12 5.03265e+12 4.661e+12 5.7671e+12 4.58151e+12 4.00847e+12
threshold=1920333.3333333337 2497416.666666667 1311183.3333333337 3280833.3333333335 1.0000000180025095e-35 900811.7069039304 2683000.0000000005 1355500.0000000002 1.0000000180025095e-35 0.6830127018922193 1.0000000180025095e-35 1.0000000180025095e-35 1183666.6666666667 2.5000000000000004
decision_type=2 2 2 2 2 2 2 2 2 2 2 2 2 2
left_child=2 4 -1 5 6 13 7 -2 9 -6 12 -12 -4 -3
right_child=1 3 10 -5 8 -7 -8 -9 -10 -11 11 -13 -14 -15
leaf_value=-11781.213088403261 27884.25006510417 10051.018261432546 20350.001167224706 18598.228450417821 309.19643295605982 -4929.5470365978426 16701.126474940927 2561.9292511956633 2802.0567084822815 -10853.149962920426 -12382.652397863292 -3098.8277616075652 -3224.2650191875491 368.66743214504777
leaf_weight=567 21 917 21 158 192 84 81 975 327 213 358 314 1109 121
leaf_count=567 21 917 21 158 192 84 81 975 327 213 358 314 1109 121
internal_value=-63.8219 4819.03 -6430.7 9207.68 1713.74 7885.3 4119.07 3095.83 -1825.25 -5561.37 -4747.16 -8044.67 -2786.16 8922.34
internal_weight=5458 3089 2369 1280 1809 1122 1077 996 732 405 1802 672 1130 1038
internal_count=5458 3089 2369 1280 1809 1122 1077 996 732 405 1802 672 1130 1038
is_linear=0
shrinkage=0.05


Tree=29
num_leaves=15
num_cat=0
split_feature=4 4 12 4 4 5 12 9 13 10 10 13 3 1
split_gain=6.14344e+13 2.00556e+13 6.1438e+12 5.72921e+12 5.23822e+12 4.51817e+12 4.09488e+12 3.93811e+12 6.54701e+12 3.67388e+12 3.9602e+12 3.57967e+12 3.57107e+12 3.35469e+12
threshold=2372416.6666666674 1672183.3333333337 7.5000000000000009 1124833.3333333337 3280833.3333333335 1401470.998260116 13.500000000000002 1.0000000180025095e-35 1.0000000180025095e-35 0.68301270189221941 -0.24999999999999994 1.0000000180025095e-35 1043166.6666666669 2723500.0000000005
decision_type=2 2 2 2 2 2 2 2 2 2 2 2 2 2
left_child=1 3 11 -1 6 7 -4 13 9 10 -9 -2 -5 -3
right_child=2 5 4 12 -6 -7 -8 8 -10 -11 -12 -13 -14 -15
leaf_value=-14404.156835675922 -476.68467443939437 532.36118083968483 13041.753158993604 11855.536636117789 21479.135941043976 19083.450058088634 6690.3795329154082 -2272.8419550701856 1223.4322873710757 415.97125132242837 -13210.127717578269 8933.2216549738787 -6874.4256416714989 15799.813001807961
leaf_weight=280 266 1305 410 26 93 29 666 123 431 120 253 163 1200 37
leaf_count=280 266 1305 410 26 93 29 666 123 431 120 253 163 1200 37
internal_value=-10.4043 -3466.35 8216.39 -7951.02 10094.5 -527.311 9110.51 -777.956 -3284.26 -7201.22 -9632.24 3098.64 -6477.22 953.297
internal_weight=5402 3804 1598 1506 1169 2298 1076 2269 927 496 376 429 1226 1342
internal_count=5402 3804 1598 1506 1169 2298 1076 2269 927 496 376 429 1226 1342
is_linear=0
shrinkage=0.05


Tree=30
num_leaves=15
num_cat=0
split_feature=4 4 4 4 5 12 5 0 6 15 12 15 1 9
split_gain=6.04446e+13 1.30087e+13 8.03229e+12 5.21679e+12 3.96765e+12 3.9016e+12 8.74718e+12 3.4348e+12 4.379e+12 3.24612e+12 2.98102e+12 5.23565e+12 3.33341e+12 2.97218e+12
threshold=2211166.6666666674 1725916.6666666667 2812583.3333333335 1124833.3333333337 822834.46722409688 7.5000000000000009 1257231.7429030729 3171500.0000000005 8.5000000000000018 1.0000000180025095e-35 13.500000000000002 1.0000000180025095e-35 2341500.0000000005 1.0000000180025095e-35
decision_type=2 2 2 2 2 2 2 2 2 2 2 2 2 2
left_child=1 3 5 -1 13 9 10 -4 -9 -2 -7 -12 -13 -5
right_child=2 -3 7 4 -6 6 -8 8 -10 -11 11 12 -14 -15
leaf_value=-13313.438574685428 2474.4696204094039 -963.36161955556565 8408.8066997174701 -4754.2591858032929 6506.2406850345797 8462.1130779673749 29291.286250500802 -5454.7509676846594 17917.662825900607 -9126.0582567716901 5029.5489403226538 -19856.962566964285 -866.1194921156939 -9576.5486818642203
leaf_weight=291 292 1612 421 870 61 412 39 22 225 76 515 35 68 505
leaf_count=291 292 1612 421 870 61 412 39 22 225 76 515 35 68 505
internal_value=-10.4722 -4193.66 6625 -7208.85 -5971.78 4519.17 6047.78 11155.1 15835.9 78.7084 5167.69 2971.4 -7319.32 -6525.35
internal_weight=5444 3339 2105 1727 1436 1437 1069 668 247 368 1030 618 103 1375
internal_count=5444 3339 2105 1727 1436 1437 1069 668 247 368 1030 618 103 1375
is_linear=0
shrinkage=0.05


Tree=31
num_leaves=15
num_cat=0
split_feature=3 4 11 13 4 4 13 11 13 9 10 11 0 4
split_gain=5.13078e+13 1.19171e+13 6.26941e+12 6.36202e+12 5.57666e+12 5.43355e+12 5.15847e+12 4.8783e+12 6.57929e+12 4.78816e+12 6.58188e+12 5.14925e+12 3.74039e+12 2.97307e+12
threshold=2179833.3333333335 1738083.3333333337 -0.24999999999999994 1.0000000180025095e-35 3117458.3333333335 2844500.0000000005 1.0000000180025095e-35 -0.68301270189221952 1.0000000180025095e-35 1.0000000180025095e-35 -0.6830127018922193 0.6830127018922193 3398500.0000000005 1083700.0000000002
decision_type=2 2 2 2 2 2 2 2 2 2 2 2 2 2
left_child=1 7 4 9 6 -5 12 8 -1 10 -4 -11 -2 -9
right_child=2 -3 3 5 -6 -7 -8 13 -10 11 -12 -13 -14 -15
leaf_value=5302.6915442243308 15395.647198602366 -760.54892773722224 -2651.0659773543075 5241.8915464274096 27364.293279474434 15415.200650739396 3829.8001330153384 -13710.514688432399 -9182.5559869470726 3019.5095853219241 10832.310504805275 -7221.059048007397 -2708.8582153320312 -7128.3515416982473
leaf_weight=175 263 1522 148 525 44 175 266 199 142 257 233 235 32 1244
leaf_count=175 263 1522 148 525 44 175 266 199 142 257 233 235 32 1244
internal_value=-52.0426 -4000.48 5897.8 4234.13 10223.4 7785.22 8878.96 -6802.28 -1185.97 1386.75 5594.67 -1871.82 13431.8 -8036.08
internal_weight=5460 3282 2178 1573 605 700 561 1760 317 873 381 492 295 1443
internal_count=5460 3282 2178 1573 605 700 561 1760 317 873 381 492 295 1443
is_linear=0
shrinkage=0.05


Tree=32
num_leaves=15
num_cat=0
split_feature=4 4 4 3 9 6 2 12 4 0 4 5 11 4
split_gain=4.61251e+13 1.14756e+13 6.89343e+12 5.02363e+12 4.54173e+12 5.12424e+12 4.49851e+12 3.81215e+12 4.66986e+12 5.02699e+12 5.05434e+12 3.59674e+12 3.4075e+12 3.03686e+12
threshold=1920333.3333333337 2497416.666666667 1160316.6666666667 1021166.6666666669 1.0000000180025095e-35 13.500000000000002 1437500.0000000002 7.5000000000000009 3280833.3333333335 3548000.0000000005 2915083.3333333335 1183217.3570780067 -0.68301270189221952 1738083.3333333337
decision_type=2 2 2 2 2 2 2 2 2 2 2 2 2 2
left_child=2 4 -1 -4 6 -6 -2 11 9 -9 -11 -3 -5 -14
right_child=1 7 3 12 5 -7 -8 8 -10 10 -12 -13 13 -15
leaf_value=-12051.476599135356 21181.804564732141 4499.4095477583851 19586.921946022729 132.06789812104793 -11680.658613600688 152.65553153350879 2948.9938410400873 9122.2817349049656 19287.182386416483 -21958.388913924606 8928.3126774714547 -17322.487451171877 -6802.8901850094544 -2317.4347409398215
leaf_weight=321 35 338 22 341 107 631 1012 757 105 27 26 20 1157 560
leaf_count=321 35 338 22 341 107 631 1012 757 105 27 26 20 1157 560
internal_value=-44.8273 4027.66 -5231.69 -4179.21 1441.03 -1563.01 3558.5 7654.62 9366.1 8080.03 -6806.42 3280.31 -4433.27 -5339.96
internal_weight=5459 3058 2401 2080 1785 738 1047 1273 915 810 53 358 2058 1717
internal_count=5459 3058 2401 2080 1785 738 1047 1273 915 810 53 358 2058 1717
is_linear=0
shrinkage=0.05


Tree=33
num_leaves=15
num_cat=0
split_feature=4 4 4 9 1 6 1 0 2 6 2 5 14 4
split_gain=4.05171e+13 1.39462e+13 5.10181e+12 4.22928e+12 6.03841e+12 5.797e+12 3.94892e+12 4.92805e+12 6.76068e+12 4.08723e+12 5.93338e+12 3.88578e+12 3.39145e+12 3.32446e+12
threshold=1828433.3333333337 2490000.0000000005 1039750.0000000001 1.0000000180025095e-35 869500.00000000012 13.500000000000002 2767500.0000000005 2968500.0000000005 1355500.0000000002 11.500000000000002 2239500.0000000005 1128702.3868164581 1.0000000180025095e-35 3379833.333333334
decision_type=2 2 2 2 2 2 2 2 2 2 2 2 2 2
left_child=2 3 -1 4 -2 -5 7 8 -6 10 -10 -4 -7 -3
right_child=1 13 11 5 6 12 -8 -9 9 -11 -12 -13 -14 -15
leaf_value=-13367.073947714742 28692.400186434665 6717.7953005928084 -4949.2992027794617 -11921.338482365843 30890.97982421875 2383.4232128610088 14883.721080922272 -21815.058567116477 3150.3439592633931 2303.5587970068495 -27432.5146955819 16679.565541294643 -4645.5510228380399 16206.301633789062
leaf_weight=187 22 1201 1863 122 20 474 59 22 35 1061 29 21 269 100
leaf_count=187 22 1201 1863 122 20 474 59 22 35 1061 29 21 269 100
internal_value=27.4435 3374.47 -5490.06 866.891 2729.21 -1820.02 2263.31 1625.26 2075.65 1563.37 -10707.5 -4708.21 -161.387 7447.12
internal_weight=5485 3414 2071 2113 1248 865 1226 1167 1145 1125 64 1884 743 1301
internal_count=5485 3414 2071 2113 1248 865 1226 1167 1145 1125 64 1884 743 1301
is_linear=0
shrinkage=0.05


Tree=34
num_leaves=15
num_cat=0
split_feature=4 3 4 4 12 1 4 5 11 5 12 6 1 14
split_gain=3.83929e+13 9.98478e+12 5.0849e+12 4.52266e+12 4.47874e+12 4.34165e+12 4.86104e+12 4.30121e+12 3.80508e+12 4.23363e+12 6.68627e+12 5.00179e+12 3.44291e+12 3.16689e+12
threshold=2227166.6666666674 1618000.0000000002 2630416.666666667 927083.33333333349 7.5000000000000009 2296500.0000000005 3280833.3333333335 900811.7069039304 -0.68301270189221952 783069.16752692231 16.500000000000004 11.500000000000002 515000.00000000006 1.0000000180025095e-35
decision_type=2 2 2 2 2 2 2 2 2 2 2 2 2 2
left_child=1 3 -2 -1 -4 -6 7 -7 13 11 -11 -10 -5 -3
right_child=2 8 4 12 5 6 -8 -9 9 10 -12 -13 -14 -15
leaf_value=-17745.420157398898 3011.4481638525704 320.28609272516695 2565.8485876255518 10104.857913115531 25274.495189874826 8283.8186581828959 19042.602854549077 -10876.619556451615 -13253.241994083737 -808.48714447021484 27798.705371093751 -1853.4302033410027 -6256.8873406066414 10748.766295296806
leaf_weight=85 1099 208 277 33 44 531 103 31 103 64 30 1462 1251 112
leaf_count=85 1099 208 277 33 44 531 103 31 103 64 30 1462 1251 112
internal_value=24.1034 -3292.82 5350.27 -6575.8 7957.14 10063.5 9057.02 7226.93 -1021.78 -1984.68 8321.47 -2603.71 -5836.38 3970.25
internal_weight=5433 3348 2085 1369 986 709 665 562 1979 1659 94 1565 1284 320
internal_count=5433 3348 2085 1369 986 709 665 562 1979 1659 94 1565 1284 320
is_linear=0
shrinkage=0.05


Tree=35
num_leaves=15
num_cat=0
split_feature=4 4 2 2 11 14 11 8 11 13 13 6 5 5
split_gain=3.30093e+13 7.62062e+12 5.8479e+12 4.4508e+12 3.94297e+12 7.18415e+12 3.90872e+12 3.89457e+12 3.85895e+12 4.63824e+12 3.62337e+12 3.5724e+12 5.1852e+12 3.96271e+12
threshold=1920333.3333333337 2728083.3333333335 1473500.0000000002 1089500.0000000002 -0.24999999999999994 1.0000000180025095e-35 0.93301270189221952 1.5000000000000002 -0.68301270189221952 1.0000000180025095e-35 1.0000000180025095e-35 8.5000000000000018 477437.00658538128 671246.81783403049
decision_type=2 2 2 2 2 2 2 2 2 2 2 2 2 2
left_child=2 3 -1 -2 5 11 -3 -8 9 -4 -6 -5 -13 -14
right_child=1 6 8 4 10 -7 7 -9 -10 -11 -12 12 13 -15
leaf_value=-7304.1129578680066 19514.655323660714 8589.7579386337948 10515.037929019767 -16977.361395733173 -1970.0535493775824 12080.862022617886 6898.5740370639542 -15565.005993303574 -3468.5820251027603 -4630.7583030272062 2812.0894419400988 -304.85190076595399 33853.856456298832 6595.6900781250006
leaf_weight=1053 35 736 117 26 866 224 43 35 1132 89 730 328 20 40
leaf_count=1053 35 736 117 26 866 224 43 35 1132 89 730 328 20 40
internal_value=-107.825 3311.49 -4516.75 1822.56 1545.38 4867.74 7461.82 -3181.24 -2323.1 3971.47 217.267 964.98 2167.3 15681.7
internal_weight=5474 3083 2391 2269 2234 638 814 78 1338 206 1596 414 388 60
internal_count=5474 3083 2391 2269 2234 638 814 78 1338 206 1596 414 388 60
is_linear=0
shrinkage=0.05


Tree=36
num_leaves=15
num_cat=0
split_feature=4 2 11 13 3 11 13 6 10 10 0 4 13 5
split_gain=3.15486e+13 8.34462e+12 4.81786e+12 5.54513e+12 5.20557e+12 4.35541e+12 5.77085e+12 5.31927e+12 3.81582e+12 5.97081e+12 3.9827e+12 3.57326e+12 3.41156e+12 4.95386e+12
threshold=2233083.333333334 1496500.0000000002 -0.24999999999999994 1.0000000180025095e-35 3129500.0000000005 -0.24999999999999994 1.0000000180025095e-35 7.5000000000000009 -0.24999999999999994 -0.6830127018922193 3398500.0000000005 2879416.6666666674 1.0000000180025095e-35 926642.88910489483
decision_type=2 2 2 2 2 2 2 2 2 2 2 2 2 2
left_child=1 -1 4 8 12 6 -3 -7 9 -4 -10 -5 13 -2
right_child=2 5 3 11 -6 7 -8 -9 10 -11 -12 -13 -14 -15
leaf_value=-6690.1793442626149 13723.273606722963 6333.9412745416503 -202.9115677427011 4619.2495151900466 21776.113902897621 -19249.541630045573 -3066.5325168905479 -2337.8236684146277 -1010.843193348176 12965.875210827544 -17495.856472167969 13284.865906578114 2840.1400120888989 -11780.731305803572
leaf_weight=1135 204 354 251 491 67 48 303 1484 436 131 40 157 248 21
leaf_count=1135 204 354 251 491 67 48 303 1484 436 131 40 157 248 21
internal_value=-204.336 -3211.07 4680.51 3227.63 8732.42 -1407.15 1998.56 -2867.69 590.952 4313.09 -2396.14 6718.79 6884.79 11342.9
internal_weight=5370 3324 2046 1506 540 2189 657 1532 858 382 476 648 473 225
internal_count=5370 3324 2046 1506 540 2189 657 1532 858 382 476 648 473 225
is_linear=0
shrinkage=0.05


Tree=37
num_leaves=15
num_cat=0
split_feature=4 3 12 13 4 12 6 0 15 2 6 3 8 11
split_gain=2.95532e+13 7.08956e+12 5.27366e+12 4.53384e+12 4.23322e+12 2.72521e+12 6.0082e+12 6.33204e+12 3.59088e+12 2.76118e+12 2.68614e+12 2.73723e+12 2.37655e+12 2.91453e+12
threshold=2237250.0000000005 1559166.6666666667 7.5000000000000009 1.0000000180025095e-35 3280833.3333333335 17.500000000000004 9.5000000000000018 3020000.0000000005 1.0000000180025095e-35 2900500.0000000005 11.500000000000002 2525166.6666666674 1.5000000000000002 1.0000000180025095e-35
decision_type=2 2 2 2 2 2 2 2 2 2 2 2 2 2
left_child=1 12 3 -2 5 6 7 9 -7 -4 -8 -12 -1 -14
right_child=2 -3 4 -5 -6 8 10 -9 -10 -11 11 -13 13 -15
leaf_value=-7159.7935143013956 -3416.3474579639924 -1145.0638698593207 45701.318572443182 5956.4723386976939 16034.674470831123 4827.9409196391862 -8705.5991731770828 2442.2196903935187 -5430.4770534446025 20031.923515625003 3323.1802203006432 9154.628383464089 2903.1324544270833 -6798.1616169738772
leaf_weight=929 312 2147 22 220 103 380 30 27 110 20 366 447 150 160
leaf_count=929 312 2147 22 220 103 380 30 27 110 20 366 447 150 160
internal_value=-20.198 -2883.09 4738.64 459.631 6251.22 5532.46 7148.29 21333.4 2525.03 33477.8 5987.23 6529.4 -5894.82 -2103.99
internal_weight=5423 3386 2037 532 1505 1402 912 69 490 42 843 813 1239 310
internal_count=5423 3386 2037 532 1505 1402 912 69 490 42 843 813 1239 310
is_linear=0
shrinkage=0.05


Tree=38
num_leaves=15
num_cat=0
split_feature=4 4 5 4 3 5 6 12 0 2 11 0 3 11
split_gain=2.89414e+13 7.50752e+12 4.90878e+12 4.35322e+12 4.78265e+12 4.02282e+12 5.09437e+12 3.98123e+12 3.29654e+12 2.99479e+12 2.92879e+12 3.59489e+12 2.82704e+12 2.78613e+12
threshold=1920333.3333333337 2490000.0000000005 1334748.3847396513 1141583.3333333337 1021166.6666666669 952945.56974290218 11.500000000000002 11.500000000000002 2658500.0000000005 2163500.0000000005 -0.68301270189221952 1965500.0000000002 2017166.6666666667 -0.68301270189221952
decision_type=2 2 2 2 2 2 2 2 2 2 2 2 2 2
left_child=3 5 10 -1 -5 6 9 -7 -8 12 -3 -12 -2 -6
right_child=1 2 -4 4 13 7 8 -9 -10 -11 11 -13 -14 -15
leaf_value=-9672.8485747899758 -13134.333723332333 12961.243372004288 -11392.388701923077 19335.539678158966 585.81192865428818 -2113.6973183079767 596.82081099773143 18317.636486816406 9810.7367241492648 -17877.616413103071 22768.058992309572 5217.5295089377505 9965.3113534432869 -4405.5156064022394
leaf_weight=312 26 159 39 23 334 38 1458 64 104 57 30 1064 27 1716
leaf_count=312 26 159 39 23 334 38 1458 64 104 57 30 1064 27 1716
internal_value=-35.8377 3177.45 6076.65 -4166.63 -3337.91 1065.97 477.888 10706 1210.3 -9922.3 6620.38 5698.81 -1366.59 -3592.29
internal_weight=5451 3066 1292 2385 2073 1774 1672 102 1562 110 1253 1094 53 2050
internal_count=5451 3066 1292 2385 2073 1774 1672 102 1562 110 1253 1094 53 2050
is_linear=0
shrinkage=0.05


Tree=39
num_leaves=15
num_cat=0
split_feature=4 4 5 9 6 1 5 11 13 14 9 11 6 3
split_gain=2.35758e+13 8.76102e+12 5.40746e+12 3.21045e+12 3.02857e+12 2.90235e+12 3.76861e+12 3.01632e+12 4.04308e+12 3.68578e+12 3.2458e+12 5.55234e+12 3.50993e+12 3.18486e+12
threshold=2418066.6666666674 1672183.3333333337 1401470.998260116 1.0000000180025095e-35 7.5000000000000009 4105500.0000000005 1334748.3847396513 -0.24999999999999994 1.0000000180025095e-35 1.0000000180025095e-35 1.0000000180025095e-35 0.6830127018922193 15.500000000000002 3456500.0000000005
decision_type=2 2 2 2 2 2 2 2 2 2 2 2 2 2
left_child=1 3 -3 -1 -5 6 7 9 10 -2 11 12 -9 -12
right_child=5 2 -4 4 -6 -7 -8 8 -10 -11 13 -13 -14 -15
leaf_value=-3392.8645732065083 6031.1532249932843 -606.42133858198008 20082.244338989258 -24823.826476111779 -7352.2451127825516 21469.542939814815 -10209.507905273438 -10060.273199355812 7443.8450853268823 16930.274647004015 -730.39918876983847 15412.171126302084 6014.7518397739959 -20834.832496279763
leaf_weight=946 269 2430 32 26 539 27 40 57 459 109 318 90 84 21
leaf_count=946 269 2430 32 26 539 27 40 57 459 109 318 90 84 21
internal_value=-173.306 -2176.92 -337.519 -5174.01 -8156.25 5227.21 4924.14 5354.37 3951.24 9174.02 1138.77 5709.52 -483.663 -1975.81
internal_weight=5447 3973 2462 1511 565 1474 1447 1407 1029 378 570 231 141 339
internal_count=5447 3973 2462 1511 565 1474 1447 1407 1029 378 570 231 141 339
is_linear=0
shrinkage=0.05


Tree=40
num_leaves=15
num_cat=0
split_feature=4 4 9 13 11 1 11 5 11 15 1 13 4 10
split_gain=2.19659e+13 8.91141e+12 4.01433e+12 4.94382e+12 5.83772e+12 3.96163e+12 3.76679e+12 5.2967e+12 3.18683e+12 3.31443e+12 3.08337e+12 2.9009e+12 2.55181e+12 2.78053e+12
threshold=1767500.0000000002 2630416.666666667 1.0000000180025095e-35 1.0000000180025095e-35 0.6830127018922193 869500.00000000012 -0.68301270189221952 614287.22942864231 0.93301270189221952 1.0000000180025095e-35 1980500.0000000002 1.0000000180025095e-35 3379833.333333334 -0.6830127018922193
decision_type=2 2 2 2 2 2 2 2 2 2 2 2 2 2
left_child=6 2 5 4 -4 -2 7 11 10 -10 -3 -1 13 -12
right_child=1 8 3 -5 -6 -7 -8 -9 9 -11 12 -13 -14 -15
leaf_value=3272.3097640013084 21870.746176382214 24767.75666015625 655.20126188483835 2201.8197387432369 -9521.1913793099902 2184.8913691535959 -5323.6305758205744 20222.414969758065 2693.4713124470541 -19541.788588169642 1470.32413623466 -6516.6585253241929 15016.003540524571 8020.1660156077915
leaf_weight=156 26 25 269 486 296 1499 1530 31 83 21 233 147 88 532
leaf_count=156 26 25 269 486 296 1499 1530 31 83 21 233 147 88 532
internal_value=123.427 2426.91 881.93 -1495.66 -4676.15 2520.52 -4273.46 537.205 6479.73 -1796.34 7460.04 -1476.79 6952.78 6025.25
internal_weight=5422 3558 2576 1051 565 1525 1864 334 982 104 878 303 853 765
internal_count=5422 3558 2576 1051 565 1525 1864 334 982 104 878 303 853 765
is_linear=0
shrinkage=0.05


Tree=41
num_leaves=15
num_cat=0
split_feature=4 4 11 14 13 10 12 10 11 0 13 4 0 5
split_gain=2.10215e+13 5.28233e+12 4.28786e+12 5.06991e+12 3.52336e+12 3.3235e+12 5.36994e+12 4.37961e+12 3.17403e+12 3.97595e+12 3.26731e+12 3.10631e+12 3.03129e+12 2.84331e+12
threshold=2221083.3333333335 1658416.666666667 -0.24999999999999994 1.0000000180025095e-35 1.0000000180025095e-35 -0.24999999999999994 16.500000000000004 0.68301270189221941 0.25000000000000017 1027000.0000000001 1.0000000180025095e-35 3240166.6666666674 3171500.0000000005 614287.22942864231
decision_type=2 2 2 2 2 2 2 2 2 2 2 2 2 2
left_child=1 -1 3 11 5 6 12 -7 9 -3 -10 -2 -4 -8
right_child=2 8 4 -5 -6 7 13 -9 10 -11 -12 -13 -14 -15
leaf_value=-4654.9936003090907 3377.0371720747517 19951.245853751047 -1519.3793956984564 14514.285069958631 5299.8503293996755 -6744.9538789852641 9763.1645619032115 2992.898137697649 -5459.0970494455714 824.43639465797958 598.00051485128074 22709.748947975851 9357.7112565861189 32044.343870907738
leaf_weight=1464 374 28 251 183 674 258 45 209 499 917 402 22 86 21
leaf_count=1464 374 28 251 183 674 258 45 209 499 917 402 22 86 21
internal_value=78.7537 -2412.07 3962.24 7631.68 2586.2 483.897 3810.6 -2386.9 -633.288 1391.16 -2756.6 4451.08 1256.38 16852.6
internal_weight=5433 3310 2123 579 1544 870 403 467 1846 945 901 396 337 66
internal_count=5433 3310 2123 579 1544 870 403 467 1846 945 901 396 337 66
is_linear=0
shrinkage=0.05


Tree=42
num_leaves=15
num_cat=0
split_feature=4 2 11 13 5 10 5 4 12 12 12 13 12 1
split_gain=1.86356e+13 5.29924e+12 4.30224e+12 4.70531e+12 3.65056e+12 4.03487e+12 2.97375e+12 2.5705e+12 1.90947e+12 1.99671e+12 1.84587e+12 3.19648e+12 3.37174e+12 1.89158e+12
threshold=2372416.6666666674 1496500.0000000002 -0.68301270189221952 1.0000000180025095e-35 822834.46722409688 -0.24999999999999994 1334748.3847396513 3280833.3333333335 7.5000000000000009 15.500000000000002 19.500000000000004 1.0000000180025095e-35 17.500000000000004 2737500.0000000005
decision_type=2 2 2 2 2 2 2 2 2 2 2 2 2 2
left_child=1 4 3 -3 -1 -6 10 -2 -9 -10 11 12 13 -4
right_child=7 2 6 -5 5 -7 -8 8 9 -11 -12 -13 -14 -15
leaf_value=-5525.3969225619403 3777.2077176375542 9072.6283866562953 -3603.151036762672 -1952.3254974712027 16748.565422363285 -6160.0851641680747 16315.206150220789 2893.1304524739585 25360.717411321006 10038.411696677013 1408.2209266962182 -199.53767699448196 -11799.273348721592 10934.083577827785
leaf_weight=1087 1467 215 826 176 40 37 23 54 30 73 382 868 132 23
leaf_count=1087 1467 215 826 176 40 37 23 54 30 73 382 868 132 23
internal_value=-56.7448 -1968.84 -731.654 4109.99 -4780.14 5740.51 -1571.53 4427.97 10508.6 14501.2 -1755.93 -2409.64 -4365.16 -3209.33
internal_weight=5433 3809 2645 391 1164 77 2254 1624 157 103 2231 1849 981 849
internal_count=5433 3809 2645 391 1164 77 2254 1624 157 103 2231 1849 981 849
is_linear=0
shrinkage=0.05


Tree=43
num_leaves=15
num_cat=0
split_feature=4 4 9 0 12 1 5 0 1 6 14 15 4 5
split_gain=1.44262e+13 5.70401e+12 3.78874e+12 3.37172e+12 2.80066e+12 3.57612e+12 3.14426e+12 2.60994e+12 2.52821e+12 2.40836e+12 3.22489e+12 2.40596e+12 5.71815e+12 5.28439e+12
threshold=2403416.6666666674 1333733.3333333337 1.0000000180025095e-35 1027000.0000000001 7.5000000000000009 3578500.0000000005 1334748.3847396513 3463500.0000000005 869500.00000000012 11.500000000000002 1.0000000180025095e-35 1.0000000180025095e-35 2473450.0000000005 346122.56899139506
decision_type=2 2 2 2 2 2 2 2 2 2 2 2 2 2
left_child=1 -1 3 -3 6 11 7 -2 -5 -4 -11 -6 -13 -14
right_child=4 2 9 8 5 -7 -8 -9 -10 10 -12 12 13 -15
leaf_value=-6097.1659067352557 349.96437143537736 12131.920261270492 -9648.6366604387276 12038.117558149859 5768.9475702952532 15192.715279835669 -17735.59278675426 13967.170400140225 -87.176902472011818 -356.75958941462147 -5966.2143088759394 22082.119181315105 -24246.468981481481 94.989642429351818
leaf_weight=605 360 61 121 44 821 87 22 39 1873 766 385 24 27 128
leaf_count=605 360 61 121 44 821 87 22 39 1873 766 385 24 27 128
internal_value=-17.5327 -1639.45 -809.635 559.374 4128.69 5469.68 666.327 1680.97 191.129 -2938.49 -2233.08 4623.78 -628.632 -4145.14
internal_weight=5363 3855 3250 1978 1508 1087 421 399 1917 1272 1151 1000 179 155
internal_count=5363 3855 3250 1978 1508 1087 421 399 1917 1272 1151 1000 179 155
is_linear=0
shrinkage=0.05


Tree=44
num_leaves=15
num_cat=0
split_feature=1 4 0 9 13 11 6 0 5 15 3 4 9 13
split_gain=1.67298e+13 5.32744e+12 4.41809e+12 3.27692e+12 3.62222e+12 3.51144e+12 3.32872e+12 3.27336e+12 4.14468e+12 5.18696e+12 4.19888e+12 3.31236e+12 2.74239e+12 3.59605e+12
threshold=2456500.0000000005 1828433.3333333337 3240500.0000000005 1.0000000180025095e-35 1.0000000180025095e-35 -0.68301270189221952 7.5000000000000009 3359500.0000000005 803630.46100590879 1.0000000180025095e-35 1702333.3333333337 1986250.0000000002 1.0000000180025095e-35 1.0000000180025095e-35
decision_type=2 2 2 2 2 2 2 2 2 2 2 2 2 2
left_child=1 3 12 4 5 -1 -5 8 9 -3 -11 -10 -2 -14
right_child=2 7 -4 6 -6 -7 -8 -9 11 10 -12 -13 13 -15
leaf_value=6585.6314961047892 5548.5153005526518 1108.857761865482 10910.705601501466 -20990.241339285716 -4535.0483002581632 -1517.1423703121573 -5202.2638241615095 -13636.464717511435 -7463.7397414434527 10464.453821004232 -9608.4822995580816 14737.83975001744 -2702.7118601777406 5639.3650878218923
leaf_weight=188 701 1553 240 35 612 463 724 41 21 30 198 84 309 222
leaf_count=188 701 1553 240 35 612 463 724 41 21 30 198 84 309 222
internal_value=154.888 -1540.95 4704.4 -3333.77 -1773.39 822.829 -5930.3 340.247 644.088 74.9636 -6967.31 10297.5 3495.38 784.936
internal_weight=5421 3949 1472 2022 1263 651 759 1927 1886 1781 228 105 1232 531
internal_count=5421 3949 1472 2022 1263 651 759 1927 1886 1781 228 105 1232 531
is_linear=0
shrinkage=0.05


Tree=45
num_leaves=15
num_cat=0
split_feature=2 5 2 0 0 9 13 2 12 6 2 3 12 4
split_gain=1.21684e+13 4.75685e+12 4.61453e+12 3.76774e+12 3.57576e+12 2.9549e+12 5.13629e+12 2.94802e+12 3.00827e+12 2.3726e+12 2.33556e+12 3.8072e+12 5.18084e+12 2.99937e+12
threshold=2308500.0000000005 745143.3847687674 1496500.0000000002 3509000.0000000005 3077000.0000000005 1.0000000180025095e-35 1.0000000180025095e-35 3452500.0000000005 12.500000000000002 7.5000000000000009 2068500.0000000002 1691666.6666666667 16.500000000000004 1777833.3333333337
decision_type=2 2 2 2 2 2 2 2 2 2 2 2 2 2
left_child=1 2 -1 10 7 -4 -7 9 -9 -2 11 13 -13 -3
right_child=4 3 5 -5 -6 6 -8 8 -10 -11 -12 12 -14 -15
leaf_value=-4894.4876104243922 15295.462563344596 9200.0996018629812 548.38492352303774 -12840.262687500001 7710.4213715686537 -6873.9807043778274 622.41545366845276 -14760.92314355469 2112.4761805943081 2462.2411132001107 -4560.5384338378908 10210.887408742597 38453.361985085234 -11598.964135742188
leaf_weight=1066 37 52 1379 25 365 456 458 50 56 1354 32 62 22 26
leaf_count=1066 37 52 1379 25 365 456 458 50 56 1354 32 62 22 26
internal_value=-5.04958 -1710.96 -2176.47 5428.94 3273.02 -912.885 -3117.58 2191.09 -5846.67 2803.6 7783.22 10221.5 17607.7 2267.08
internal_weight=5440 3578 3359 219 1862 2293 914 1497 106 1391 194 162 84 78
internal_count=5440 3578 3359 219 1862 2293 914 1497 106 1391 194 162 84 78
is_linear=0
shrinkage=0.05


Tree=46
num_leaves=15
num_cat=0
split_feature=4 9 13 1 2 4 0 1 14 10 4 10 10 6
split_gain=1.21151e+13 3.54498e+12 5.84649e+12 3.5797e+12 3.64155e+12 3.82585e+12 3.42473e+12 3.03551e+12 3.37112e+12 4.47259e+12 2.74876e+12 2.68317e+12 3.71544e+12 3.482e+12
threshold=1861000.0000000002 1.0000000180025095e-35 1.0000000180025095e-35 869500.00000000012 1012500.0000000001 2888583.3333333335 3195000.0000000005 3260000.0000000005 1.0000000180025095e-35 -0.6830127018922193 1039750.0000000001 0.68301270189221941 -0.24999999999999994 10.500000000000002
decision_type=2 2 2 2 2 2 2 2 2 2 2 2 2 2
left_child=10 3 11 -2 -5 6 7 8 -6 -10 -1 12 13 -3
right_child=1 2 -4 4 5 -7 -8 -9 9 -11 -12 -13 -14 -15
leaf_value=-8771.041652572887 22970.705506697948 -13859.661804199219 3707.6055296741297 24346.707500000004 217.86127517873592 7998.3123187633601 -11860.025006658381 17061.849746524585 -2847.9697223663334 7951.3875648218927 -2305.1530310056037 2611.2665932747977 -7158.694476122444 4171.1555556878811
leaf_weight=179 23 32 609 20 968 307 44 34 128 382 2011 175 405 164
leaf_count=179 23 32 609 20 968 307 44 34 128 382 2011 175 405 164
internal_value=48.0381 1965.66 40.5722 3364.52 3125.04 2897.22 1890.77 2290.93 1951.14 5240.96 -2833.64 -2837.29 -4423.81 1227.35
internal_weight=5481 3291 1385 1906 1883 1863 1556 1512 1478 510 2190 776 601 196
internal_count=5481 3291 1385 1906 1883 1863 1556 1512 1478 510 2190 776 601 196
is_linear=0
shrinkage=0.05


Tree=47
num_leaves=15
num_cat=0
split_feature=4 4 1 11 13 12 0 10 13 1 10 2 9 10
split_gain=1.24377e+13 3.81526e+12 3.74704e+12 2.59653e+12 3.28662e+12 2.97759e+12 3.3204e+12 2.98502e+12 2.78119e+12 2.87258e+12 2.73632e+12 2.4995e+12 2.97152e+12 2.3137e+12
threshold=2372416.6666666674 1333733.3333333337 4105500.0000000005 0.25000000000000017 1.0000000180025095e-35 11.500000000000002 1083500.0000000002 -0.5 1.0000000180025095e-35 2931000.0000000005 0.68301270189221941 2874500.0000000005 1.0000000180025095e-35 -0.6830127018922193
decision_type=2 2 2 2 2 2 2 2 2 2 2 2 2 2
left_child=1 -1 -2 4 5 -3 -7 -8 9 10 11 12 13 -5
right_child=2 3 -4 8 -6 6 7 -9 -10 -11 -12 -13 -14 -15
leaf_value=-5077.2382726614469 3399.6134087759892 -961.70206321633384 21850.873144531251 -7512.4548894328464 -1969.8772842090225 20463.574322509769 -1268.8787518293962 6609.1458398560635 8.1679094209775833 13228.329995329485 1054.3762908567867 9715.6501017252613 -10027.840299936775 1140.7396633891317
leaf_weight=626 1590 368 28 155 716 32 184 347 728 23 166 24 329 154
leaf_count=626 1590 368 28 155 716 32 184 347 728 23 166 24 329 154
internal_value=40.1715 -1505.05 3718.92 -811.879 577.047 2535.8 4821.91 3879.28 -2260.62 -4201.48 -4685.64 -6124.99 -6720.87 -3199.86
internal_weight=5470 3852 1618 3226 1647 931 563 531 1579 851 828 662 638 309
internal_count=5470 3852 1618 3226 1647 931 563 531 1579 851 828 662 638 309
is_linear=0
shrinkage=0.05


Tree=48
num_leaves=15
num_cat=0
split_feature=4 11 14 13 5 6 4 10 10 2 0 4 11 13
split_gain=9.51894e+12 3.5174e+12 5.03198e+12 3.94078e+12 4.19904e+12 4.22803e+12 3.74717e+12 2.89627e+12 3.25431e+12 2.69883e+12 3.88446e+12 2.65087e+12 2.51985e+12 4.39914e+12
threshold=1884633.3333333337 -0.24999999999999994 1.0000000180025095e-35 1.0000000180025095e-35 514784.41822678334 11.500000000000002 2865083.333333334 0.68301270189221941 0.25000000000000011 3504000.0000000005 2129500.0000000005 3210916.6666666674 -0.24999999999999994 1.0000000180025095e-35
decision_type=2 2 2 2 2 2 2 2 2 2 2 2 2 2
left_child=12 2 11 4 5 -3 -5 8 -7 -6 -11 -2 13 -1
right_child=1 3 -4 6 9 7 -8 -9 -10 10 -12 -13 -14 -15
leaf_value=3402.843350476558 1134.3227503190963 -15135.048621682561 9837.2356172349719 1728.136519106434 4931.4053221691429 -2012.6797188389621 10110.267549732065 3330.8410708535685 -11306.80654296875 -21498.018082031253 1378.235504828559 19223.158940197172 -3679.9667903380987 -4290.851962635129
leaf_weight=404 570 68 288 854 342 483 158 185 117 25 72 21 1521 344
leaf_count=404 570 68 288 854 342 483 158 185 117 25 72 21 1521 344
internal_value=-36.9743 1726.97 4417.95 700.337 -1129.78 -3174.68 3036.81 -2138.62 -3825.03 2843.56 -4517.71 1777.07 -2511.47 -135.434
internal_weight=5452 3183 879 2304 1292 853 1012 785 600 439 97 591 2269 748
internal_count=5452 3183 879 2304 1292 853 1012 785 600 439 97 591 2269 748
is_linear=0
shrinkage=0.05


Tree=49
num_leaves=15
num_cat=0
split_feature=2 5 11 13 13 10 10 10 6 0 1 5 6 0
split_gain=9.98803e+12 4.35527e+12 3.90934e+12 4.49774e+12 3.70815e+12 3.17866e+12 4.40015e+12 7.14149e+12 3.5191e+12 3.24588e+12 2.94283e+12 3.53939e+12 2.601e+12 2.5663e+12
threshold=1965500.0000000002 602245.02564116789 -0.24999999999999994 1.0000000180025095e-35 1.0000000180025095e-35 0.68301270189221941 -0.24999999999999994 -0.6830127018922193 14.500000000000002 3171500.0000000005 3458500.0000000005 926642.88910489483 9.5000000000000018 3095500.0000000005
decision_type=2 2 2 2 2 2 2 2 2 2 2 2 2 2
left_child=1 -1 3 10 5 6 7 8 -4 -10 11 -2 -9 -6
right_child=2 -3 4 -5 13 -7 -8 12 9 -11 -12 -13 -14 -15
leaf_value=-2924.922100261896 9552.6971110276445 4130.3169756424331 -11150.472678222657 1310.5758198397148 2445.7076248029894 3272.6598817922113 -7263.7695099818247 24119.474734933039 -3742.9737617619135 10537.943213848041 27158.950116257442 -6970.5418023003476 5580.675603257424 11084.365474192302
leaf_weight=2276 325 242 120 386 823 335 308 21 181 51 21 36 191 96
leaf_count=2276 325 242 120 386 823 335 308 21 181 51 21 36 191 96
internal_value=55.9231 -2246.86 2059.52 5117.07 955.002 -867.093 -2457.48 167.231 -4199.15 -603.634 8963.42 7904.95 7417.07 3348.11
internal_weight=5412 2518 2894 768 2126 1207 872 564 352 232 382 361 212 919
internal_count=5412 2518 2894 768 2126 1207 872 564 352 232 382 361 212 919
is_linear=0
shrinkage=0.05


Tree=50
num_leaves=15
num_cat=0
split_feature=4 1 11 13 14 3 9 10 0 1 10 1 3 4
split_gain=9.89351e+12 4.00535e+12 3.33258e+12 5.35648e+12 3.88268e+12 3.65765e+12 3.36352e+12 5.21905e+12 4.48824e+12 4.24442e+12 3.56249e+12 4.85808e+12 3.0863e+12 2.43595e+12
threshold=1828433.3333333337 4105500.0000000005 0.25000000000000017 1.0000000180025095e-35 1.0000000180025095e-35 1731500.0000000002 1.0000000180025095e-35 -0.6830127018922193 3289500.0000000005 3289500.0000000005 0.68301270189221941 3330000.0000000005 2002833.3333333337 2763458.3333333335
decision_type=2 2 2 2 2 2 2 2 2 2 2 2 2 2
left_child=12 2 4 6 5 -2 7 8 -4 -9 11 -8 -1 -7
right_child=1 -3 3 -5 -6 13 10 9 -10 -11 -12 -13 -14 -15
leaf_value=-2920.9927745427067 16932.72795542124 19044.682486979167 -7295.0067034432059 3191.5873913212827 6721.9118135762255 -336.56458377884542 -6069.6151929560401 3927.1518279000616 16176.033576766305 25201.898922164353 1105.3620966193382 -30222.390123956855 13234.608346354167 5474.7737114208603
leaf_weight=2024 37 33 178 760 523 822 388 178 23 27 178 22 30 231
leaf_count=2024 37 33 178 760 523 822 388 178 23 27 178 22 30 231
internal_value=54.8204 1710.01 1540.11 31.6303 3180.46 1481.22 -2384.43 1115.82 -4609.27 6729.19 -4801.27 -7365.62 -2685.03 938.287
internal_weight=5454 3400 3367 1754 1613 1090 994 406 201 205 588 410 2054 1053
internal_count=5454 3400 3367 1754 1613 1090 994 406 201 205 588 410 2054 1053
is_linear=0
shrinkage=0.05


Tree=51
num_leaves=15
num_cat=0
split_feature=3 5 1 6 12 3 6 5 1 5 3 4 6 3
split_gain=7.67555e+12 3.89317e+12 2.82442e+12 2.71497e+12 2.65233e+12 2.46222e+12 2.42985e+12 2.24884e+12 4.30723e+12 3.71838e+12 2.93274e+12 4.05849e+12 1.9243e+12 5.54321e+12
threshold=2201500.0000000005 587931.66348022944 3636000.0000000005 4.5000000000000009 4.5000000000000009 1474500.0000000002 14.500000000000002 900811.7069039304 3001500.0000000005 803630.46100590879 2739166.6666666674 2363833.3333333335 11.500000000000002 2323666.6666666674
decision_type=2 2 2 2 2 2 2 2 2 2 2 2 2 2
left_child=1 3 7 -1 -4 -5 -6 9 10 12 11 -9 13 -2
right_child=2 -3 4 5 6 -7 -8 8 -10 -11 -12 -13 -14 -15
leaf_value=-15152.710784755611 19823.203442382815 3379.563219460108 -4878.1747961956526 -4043.9169167101568 24646.78123851103 -901.03771715656171 7521.3356813826658 8240.0914528586654 -22798.578185096154 20469.638982282369 12625.303314012097 -21491.244169108075 2528.3662373690649 -9112.1665417989097
leaf_weight=39 20 372 23 902 34 2016 53 22 26 28 31 24 1735 96
leaf_count=39 20 372 23 902 34 2016 53 22 26 28 31 24 1735 96
internal_value=50.2186 -1441.23 2423.57 -2047.7 10222 -1872.55 14214 1990.75 -5202.78 2385.08 738.657 -7271.91 2111.51 -4123.31
internal_weight=5421 3329 2092 2957 110 2918 87 1982 103 1879 77 46 1851 116
internal_count=5421 3329 2092 2957 110 2918 87 1982 103 1879 77 46 1851 116
is_linear=0
shrinkage=0.05


Tree=52
num_leaves=15
num_cat=0
split_feature=4 4 3 1 6 5 4 10 3 4 12 12 5 1
split_gain=7.34585e+12 2.70181e+12 2.73296e+12 2.29896e+12 2.2739e+12 2.93328e+12 4.10714e+12 5.07266e+12 2.21563e+12 2.62829e+12 2.4808e+12 1.97075e+12 1.67288e+12 1.62021e+12
threshold=2372416.6666666674 1160316.6666666667 1068833.3333333337 2839500.0000000005 11.500000000000002 822834.46722409688 2027416.666666667 1.0000000180025095e-35 1659666.6666666667 1849000.0000000002 14.500000000000002 14.500000000000002 900811.7069039304 4105500.0000000005
decision_type=2 2 2 2 2 2 2 2 2 2 2 2 2 2
left_child=1 -1 -3 4 5 6 8 -8 -4 10 -10 -7 -5 -2
right_child=13 2 3 12 -6 11 7 -9 9 -11 -12 -13 -14 -15
leaf_value=-5497.8518723527359 2587.430828197324 16750.347165749288 -9916.8648511004722 17809.336107526509 -693.75780502637429 11167.151822916669 -2064.3171142578126 -35287.408286313665 17343.029958417341 -9159.8897677951391 -5243.7823742675791 -6604.3229454627408 -180.16458333333333 15415.542625
leaf_weight=338 1595 22 93 28 3142 39 20 27 31 36 20 26 24 25
leaf_count=338 1595 22 93 28 3142 39 20 27 31 36 20 26 24 25
internal_value=-38.8549 -1228.48 -817.117 -927.985 -1085.99 -5306.53 -7988.16 -21149.9 -4551.48 1183.93 8485.46 4058.56 9506.49 2785.4
internal_weight=5466 3846 3508 3486 3434 292 227 47 180 87 51 65 52 1620
internal_count=5466 3846 3508 3486 3434 292 227 47 180 87 51 65 52 1620
is_linear=0
shrinkage=0.05


Tree=53
num_leaves=15
num_cat=0
split_feature=0 1 1 5 1 11 8 14 1 0 2 2 1 10
split_gain=7.36854e+12 3.78759e+12 2.67861e+12 3.12918e+12 3.12743e+12 2.32389e+12 3.57967e+12 3.71223e+12 2.3719e+12 3.07456e+12 2.09665e+12 2.03563e+12 2.00821e+12 1.94999e+12
threshold=2208500.0000000005 3636000.0000000005 3160500.0000000005 822834.46722409688 1205500.0000000002 -0.68301270189221952 2.5000000000000004 1.0000000180025095e-35 3238500.0000000005 2951500.0000000005 1312500.0000000002 3452500.0000000005 1291500.0000000002 0.25000000000000011
decision_type=2 2 2 2 2 2 2 2 2 2 2 2 2 2
left_child=1 2 3 10 -5 6 7 8 9 -2 -1 -6 13 -7
right_child=5 -3 -4 4 11 12 -8 -9 -10 -11 -12 -13 -14 -15
leaf_value=-4208.122435593853 2011.044293050699 16618.317403017241 -18534.554127038045 18868.568239397322 5547.8495211087748 -14148.328338301812 19923.947777739028 13304.315983638058 16104.84520596591 -14348.67855902778 -1054.0500422695807 -10847.500828125001 2013.2870716505249 4556.7355557528417
leaf_weight=673 142 29 23 35 78 38 42 81 22 36 2427 25 1748 22
leaf_count=673 142 29 23 35 78 38 42 81 22 36 2427 25 1748 22
internal_value=111.963 -1371.63 -1531.61 -1410.84 5956.12 2402.45 6308.91 4273.92 616.612 -1297.66 -1738.79 1568.4 1704.56 -7289.8
internal_weight=5421 3290 3261 3238 138 2131 323 281 200 178 3100 103 1808 60
internal_count=5421 3290 3261 3238 138 2131 323 281 200 178 3100 103 1808 60
is_linear=0
shrinkage=0.05


Tree=54
num_leaves=15
num_cat=0
split_feature=1 0 5 0 1 10 3 5 6 11 13 1 10 15
split_gain=7.83861e+12 3.67858e+12 6.37125e+12 2.73061e+12 2.53204e+12 2.38168e+12 2.51529e+12 2.21091e+12 3.29315e+12 2.52889e+12 4.16407e+12 1.84185e+12 2.44358e+12 1.72958e+12
threshold=2445500.0000000005 3463500.0000000005 728576.20254835952 1559500.0000000002 4105500.0000000005 -0.6830127018922193 1783833.3333333337 877521.3196407893 13.500000000000002 -0.68301270189221952 1.0000000180025095e-35 3017500.0000000005 -0.5 1.0000000180025095e-35
decision_type=2 2 2 2 2 2 2 2 2 2 2 2 2 2
left_child=1 2 3 -1 7 6 -4 9 11 10 -2 -9 -13 -5
right_child=4 -3 5 13 -6 -7 -8 8 -10 -11 -12 12 -14 -15
leaf_value=-3243.6381329473056 16470.710252068631 -17327.339579503678 6854.3554427083336 154.67398745123486 17031.539534505209 9760.8403483729217 -15707.731161644346 10597.471244673296 -17624.349836189514 2692.2816589247445 1548.1163369686046 6008.1335937500007 -17888.61671875 -3820.0789369619579
leaf_weight=1230 93 34 30 2132 33 186 21 33 31 1130 94 23 20 314
leaf_count=1230 93 34 30 2132 33 186 21 33 31 1130 94 23 20 314
internal_value=205.058 -951.928 -809.642 -1321.93 3339.32 7136.22 -2435.92 3022.02 -3889.94 3583.58 8969.51 1712.25 -5106.63 -355.576
internal_weight=5404 3947 3913 3676 1457 237 51 1424 107 1317 187 76 43 2446
internal_count=5404 3947 3913 3676 1457 237 51 1424 107 1317 187 76 43 2446
is_linear=0
shrinkage=0.05


Tree=55
num_leaves=15
num_cat=0
split_feature=0 5 11 3 11 13 5 2 8 2 9 15 5 0
split_gain=5.2593e+12 2.54163e+12 4.02761e+12 3.44472e+12 2.3732e+12 3.90431e+12 4.48218e+12 3.66664e+12 1.90074e+12 1.85143e+12 1.59296e+12 3.27031e+12 1.57207e+12 1.54094e+12
threshold=1749500.0000000002 614287.22942864231 -0.5 2339500.0000000005 -0.68301270189221952 1.0000000180025095e-35 926642.88910489483 2795500.0000000005 2.5000000000000004 1496500.0000000002 1.0000000180025095e-35 1.0000000180025095e-35 926642.88910489483 1361500.0000000002
decision_type=2 2 2 2 2 2 2 2 2 2 2 2 2 2
left_child=1 10 12 8 5 6 7 9 13 -2 -1 -12 -3 -4
right_child=4 2 3 -5 -6 -7 -8 -9 -10 -11 11 -13 -14 -15
leaf_value=-1601.277993515457 -3842.1418759745939 26411.000761718751 1885.8324288108133 -17830.176585937501 539.7195085805987 -512.44961356170904 -11697.831370192309 23605.489992559524 -8571.8450447082523 9341.1262805434144 -3140.9884624356359 -12514.521915418762 8056.9387834821437 15175.536539432922
leaf_weight=1061 31 20 88 25 2999 242 26 42 32 189 550 112 28 29
leaf_count=1061 31 20 88 25 2999 242 26 42 32 189 550 112 28 29
internal_value=-65.7768 -2153.38 2882 -655.228 1084.8 4169.13 8102.96 10067.9 2226.47 7483.48 -2802.16 -4726.84 15704.5 5179.86
internal_weight=5474 1945 222 174 3529 530 288 262 149 220 1723 662 48 117
internal_count=5474 1945 222 174 3529 530 288 262 149 220 1723 662 48 117
is_linear=0
shrinkage=0.05


Tree=56
num_leaves=15
num_cat=0
split_feature=4 4 3 11 13 13 1 10 9 10 0 1 4 12
split_gain=6.12109e+12 2.74947e+12 3.28013e+12 2.41394e+12 3.44882e+12 2.51181e+12 2.74807e+12 2.80702e+12 3.23475e+12 4.18268e+12 2.33649e+12 1.74752e+12 1.66707e+12 1.6203e+12
threshold=2403416.6666666674 1124833.3333333337 1021166.6666666669 1.0000000180025095e-35 1.0000000180025095e-35 1.0000000180025095e-35 3017500.0000000005 0.68301270189221941 1.0000000180025095e-35 -0.6830127018922193 1757500.0000000002 2350500.0000000005 1751250.0000000002 11.500000000000002
decision_type=2 2 2 2 2 2 2 2 2 2 2 2 2 2
left_child=1 -1 -3 4 13 6 7 8 9 -5 -9 -11 -12 -4
right_child=-2 2 3 5 -6 -7 -8 10 -10 11 12 -13 -14 -15
leaf_value=-5738.9253422843094 2690.6134253288719 17031.41584660457 14.804212116550756 -7773.9957486049116 -1862.5499975929486 -104.51740178225012 14378.506275576639 -3367.1564445370532 -9152.3897572922233 5112.8341579589851 17402.521431107958 -10287.263785807292 2379.8663398012909 4660.3512284522403
leaf_weight=288 1530 26 296 175 684 1037 21 244 351 150 22 21 115 513
leaf_count=288 1530 26 296 175 684 1037 21 244 351 150 22 21 115 513
internal_value=6.26264 -1035.34 -664.72 -791.504 750.943 -1869.63 -3535.16 -3884.13 -5770.51 -2339.76 -433.192 3221.59 4792.26 2960.62
internal_weight=5473 3943 3655 3629 1493 2136 1099 1078 697 346 381 171 137 809
internal_count=5473 3943 3655 3629 1493 2136 1099 1078 697 346 381 171 137 809
is_linear=0
shrinkage=0.05


Tree=57
num_leaves=15
num_cat=0
split_feature=4 9 13 10 12 1 5 13 4 6 5 4 1 4
split_gain=5.02537e+12 2.60781e+12 2.7653e+12 3.29211e+12 3.39327e+12 2.55406e+12 2.35253e+12 2.33899e+12 2.27512e+12 2.22943e+12 1.94769e+12 1.69508e+12 1.68692e+12 2.12241e+12
threshold=2403416.6666666674 1.0000000180025095e-35 1.0000000180025095e-35 -0.6830127018922193 11.500000000000002 1083500.0000000002 706937.87831035431 1.0000000180025095e-35 3379833.333333334 10.500000000000002 531800.40043803153 2298000.0000000005 2308500.0000000005 2067166.6666666667
decision_type=2 2 2 2 2 2 2 2 2 2 2 2 2 2
left_child=1 2 3 5 6 -1 11 10 -2 -8 -3 -5 -6 -14
right_child=8 7 -4 4 12 -7 9 -9 -10 -11 -12 -13 13 -15
leaf_value=13828.040978422619 2016.4076290923692 -5881.6108099216372 -1636.7874480531573 170.83852381692654 4530.5534098789612 -4284.3641725009547 2053.3349609375 -538.73373784076273 10004.7181640625 -18355.099627685548 -17.896523333610372 11563.269098578559 23448.092011369979 6776.7143213907884
leaf_weight=21 1443 574 1128 351 464 266 23 779 95 32 188 36 28 60
leaf_count=21 1443 574 1128 351 464 266 23 779 95 32 188 36 28 60
internal_value=85.0811 -859.038 168.486 1758.14 3120.15 -2959.07 -144.558 -2465.34 2509.83 -9820.66 -4434.92 1230.6 5734.29 12081.2
internal_weight=5488 3950 2409 1281 994 287 442 1541 1538 55 762 387 552 88
internal_count=5488 3950 2409 1281 994 287 442 1541 1538 55 762 387 552 88
is_linear=0
shrinkage=0.05


Tree=58
num_leaves=15
num_cat=0
split_feature=4 4 2 2 11 13 0 2 2 12 1 0 0 1
split_gain=5.26077e+12 2.71546e+12 2.69197e+12 1.96896e+12 1.59511e+12 2.50678e+12 1.55846e+12 1.6458e+12 3.42829e+12 2.88582e+12 1.59462e+12 1.5314e+12 1.50301e+12 1.47848e+12
threshold=1767500.0000000002 2824583.333333334 3452500.0000000005 3238500.0000000005 -0.68301270189221952 1.0000000180025095e-35 3509000.0000000005 1291500.0000000002 628500.00000000012 14.500000000000002 3636000.0000000005 2603500.0000000005 2362500.0000000005 380000.00000000006
decision_type=2 2 2 2 2 2 2 2 2 2 2 2 2 2
left_child=4 2 3 6 5 -1 7 8 -2 -10 -9 12 -3 -6
right_child=1 11 -4 -5 13 -7 -8 10 9 -11 -12 -13 -14 -15
leaf_value=4948.2294392236599 -6961.6092322716349 4935.0366148337343 -11768.34399358576 15593.786093971947 9797.4906759510868 -3836.4090476049141 -10571.652387852824 395.99976084594732 5962.9622924804689 30174.173671875 14565.58791015625 4978.1558804135529 -8475.6830707465288 -2974.9171957574026
leaf_weight=183 26 39 44 22 23 146 31 2750 32 20 20 575 45 1521
leaf_count=183 26 39 44 22 23 146 31 2750 32 20 20 575 45 1521
internal_value=38.4419 1155.56 506.33 692.502 -2111.1 1049.88 578.634 700.003 7862.77 15275 498.307 4056.9 -2249.28 -2784.65
internal_weight=5477 3604 2945 2901 1873 329 2879 2848 78 52 2770 659 84 1544
internal_count=5477 3604 2945 2901 1873 329 2879 2848 78 52 2770 659 84 1544
is_linear=0
shrinkage=0.05


Tree=59
num_leaves=15
num_cat=0
split_feature=4 3 11 12 1 15 5 5 4 12 11 4 4 4
split_gain=5.47618e+12 2.75768e+12 2.77977e+12 1.80439e+12 2.89977e+12 2.10728e+12 2.67069e+12 1.7514e+12 1.93228e+12 1.82906e+12 1.92225e+12 1.60551e+12 4.25004e+12 2.57733e+12
threshold=1767500.0000000002 3554500.0000000005 1.0000000180025095e-35 7.5000000000000009 796000.00000000012 1.0000000180025095e-35 251657.16667679526 557617.45190327766 884500.00000000012 5.5000000000000009 -0.68301270189221952 2598116.6666666674 2482916.6666666674 2831916.6666666674
decision_type=2 2 2 2 2 2 2 2 2 2 2 2 2 2
left_child=7 3 -3 5 -5 -2 -7 8 -1 -9 -11 12 -8 -13
right_child=1 2 -4 4 -6 6 11 9 -10 10 -12 13 -14 -15
leaf_value=-11124.710442918347 594.69212029332243 25278.683528645837 2448.7338671875 18498.744672100362 1716.6760143887184 -22033.541945684527 -4112.5062021179201 13990.635240885418 -2130.6693076127849 10938.82926240809 -2567.3075285039395 -21372.662821903938 20630.344382440479 -1168.6495791786597
leaf_weight=62 718 24 30 26 2576 21 100 30 1622 34 117 27 21 38
leaf_count=62 718 24 30 26 2576 21 100 30 1622 34 117 27 21 38
internal_value=237.544 1381.76 12595.4 1210.07 1884.37 -686.702 -5131.34 -1959.47 -2461.8 2714.17 473.809 -3223.03 181.708 -9561.09
internal_weight=5446 3581 54 3527 2602 925 207 1865 1684 181 151 186 121 65
internal_count=5446 3581 54 3527 2602 925 207 1865 1684 181 151 186 121 65
is_linear=0
shrinkage=0.05


Tree=60
num_leaves=15
num_cat=0
split_feature=4 1 11 14 13 1 4 2 2 2 6 3 10 6
split_gain=4.47285e+12 2.35466e+12 1.81752e+12 3.23218e+12 2.6879e+12 2.61705e+12 2.21771e+12 2.18554e+12 2.14969e+12 3.70041e+12 2.02788e+12 1.769e+12 3.0005e+12 1.69986e+12
threshold=1828433.3333333337 4105500.0000000005 -0.24999999999999994 1.0000000180025095e-35 1.0000000180025095e-35 1725500.0000000002 2932250.0000000005 2504500.0000000005 3452500.0000000005 3259500.0000000005 13.500000000000002 2002833.3333333337 -0.6830127018922193 8.5000000000000018
decision_type=2 2 2 2 2 2 2 2 2 2 2 2 2 2
left_child=11 2 3 8 5 7 -6 10 9 13 -4 -1 -13 -2
right_child=1 -3 4 -5 6 -7 -8 -9 -10 -11 -12 12 -14 -15
leaf_value=-1871.5012877192758 -9552.0913897540122 14183.14908203125 -8253.4898878831136 7280.4720139208821 1442.2307792436316 -1904.2256671256762 8433.4486540092057 13540.797000976563 -14716.788238234749 22181.641015625002 5740.5217481737018 -4947.7327441406251 22440.677121582034 1503.2518407864629
leaf_weight=2030 37 35 39 301 940 1176 129 50 21 21 77 20 20 577
leaf_count=2030 37 35 39 301 940 1176 129 50 21 21 77 20 20 577
internal_value=166.393 1281.21 1147.13 2990.73 415.353 -1074.66 2285.89 4802.25 1022.43 1542.93 1035.64 -1666.32 8746.47 837.05
internal_weight=5473 3403 3368 957 2411 1342 1069 166 656 635 116 2070 40 614
internal_count=5473 3403 3368 957 2411 1342 1069 166 656 635 116 2070 40 614
is_linear=0
shrinkage=0.05


Tree=61
num_leaves=15
num_cat=0
split_feature=4 12 6 11 1 11 13 6 3 1 2 4 1 0
split_gain=4.2724e+12 2.40208e+12 2.37529e+12 3.06528e+12 4.14747e+12 2.07404e+12 3.12211e+12 1.88283e+12 5.91917e+12 3.77022e+12 2.78927e+12 2.28917e+12 1.65672e+12 1.54899e+12
threshold=2233083.333333334 7.5000000000000009 12.500000000000002 0.6830127018922193 2532500.0000000005 -0.5 1.0000000180025095e-35 9.5000000000000018 2462833.3333333335 3578500.0000000005 3076500.0000000005 3280833.3333333335 3502000.0000000005 1170500.0000000002
decision_type=2 2 2 2 2 2 2 2 2 2 2 2 2 2
left_child=5 2 3 -2 -5 6 13 8 -3 10 -10 12 -9 -1
right_child=1 7 -4 4 -6 -7 -8 11 9 -11 -12 -13 -14 -15
leaf_value=11983.258398437501 -21493.303786621094 26175.477756696429 455.89208115127059 -13444.175904060132 13554.880277343749 -1674.1621731346906 -2267.3724875326989 2132.8445563037944 -13823.118861607143 20407.941728515627 7797.0672269381021 9551.4450243903611 -7958.242010788691 3028.71202427356
leaf_weight=56 30 35 455 33 25 2623 333 1288 35 20 26 103 42 351
leaf_count=56 30 35 455 33 25 2623 333 1288 35 20 26 103 42 351
internal_value=89.0001 1863.15 -998.442 -8518.01 -1806.65 -1014.64 1323.12 2866.28 8993.23 1568.81 -4607.96 2370.31 1814.18 4260.79
internal_weight=5455 2092 543 88 58 3363 740 1549 116 81 61 1433 1330 407
internal_count=5455 2092 543 88 58 3363 740 1549 116 81 61 1433 1330 407
is_linear=0
shrinkage=0.05


Tree=62
num_leaves=15
num_cat=0
split_feature=0 1 0 6 6 10 0 1 1 1 11 6 5 1
split_gain=4.55167e+12 2.86303e+12 1.55366e+12 1.46444e+12 3.51159e+12 5.27613e+12 4.00019e+12 2.93121e+12 2.6216e+12 2.60329e+12 1.46222e+12 2.67944e+12 2.20804e+12 2.05134e+12
threshold=1704500.0000000002 2473500.0000000005 3260000.0000000005 13.500000000000002 9.5000000000000018 -0.24999999999999994 1850500.0000000002 1602500.0000000002 1923500.0000000002 1670500.0000000002 1.0000000180025095e-35 7.5000000000000009 614287.22942864231 1464500.0000000002
decision_type=2 2 2 2 2 2 2 2 2 2 2 2 2 2
left_child=10 3 -3 4 5 9 -6 -8 -9 -2 12 13 -1 -12
right_child=1 2 -4 -5 6 -7 7 8 -10 -11 11 -13 -14 -15
leaf_value=-1296.6863725671344 2707.6062116350449 2012.2873919217616 6659.1870518032347 356.31160019046132 10109.017427884617 -5523.7998165355011 -23352.521484375 4981.8496353149421 -11892.379621998858 23583.86697998047 -1785.16068359375 -2726.4555150311603 8005.8914090008811 -22197.875512695315
leaf_weight=628 28 1101 215 1980 26 85 37 32 82 32 20 1078 71 32
leaf_count=628 28 1101 215 1980 26 85 37 32 82 32 20 1078 71 32
internal_value=-116.449 911.21 2771.47 -152.256 -3279.48 2489.47 -8005.45 -11124.5 -7155.75 13841.6 -2149.29 -3261.2 -351.789 -14346.8
internal_weight=5447 3618 1316 2302 322 145 177 151 114 60 1829 1130 699 52
internal_count=5447 3618 1316 2302 322 145 177 151 114 60 1829 1130 699 52
is_linear=0
shrinkage=0.05


Tree=63
num_leaves=15
num_cat=0
split_feature=2 9 10 13 13 10 10 12 8 4 10 6 1 1
split_gain=3.00789e+12 1.80589e+12 4.27045e+12 6.0177e+12 3.44662e+12 2.48911e+12 2.65959e+12 2.45513e+12 2.32806e+12 2.6858e+12 2.22345e+12 3.90063e+12 3.48649e+12 1.68127e+12
threshold=1523500.0000000002 1.0000000180025095e-35 -0.6830127018922193 1.0000000180025095e-35 1.0000000180025095e-35 0.68301270189221941 -0.24999999999999994 11.500000000000002 1.5000000000000002 3087666.666666667 0.93301270189221952 13.500000000000002 3578500.0000000005 1894500.0000000002
decision_type=2 2 2 2 2 2 2 2 2 2 2 2 2 2
left_child=-1 2 -2 7 5 6 8 13 -3 -10 12 -12 -9 -4
right_child=1 4 3 -5 -6 -7 -8 10 9 -11 11 -13 -14 -15
leaf_value=-2188.0180848202872 -2059.9561201354604 -9942.3909604279906 -1174.3556521664495 -395.47638448783414 1779.5002752965863 1954.5545831269626 -6526.135060637338 8137.4199846867668 280.17204917231692 18231.991605631509 -12899.922465245865 6948.783904157367 29497.955468750002 5161.2808379247845
leaf_weight=1268 648 46 184 867 758 209 448 426 158 24 34 91 20 243
leaf_count=1268 648 46 184 867 758 209 448 426 158 24 34 91 20 243
internal_value=-56.3505 594.024 1436.78 2651.73 -694.985 -2814.37 -4288.79 5298.95 107.39 2647.44 7443.51 1549.94 9095.29 2431.17
internal_weight=5424 4156 2513 1865 1643 885 676 998 228 182 571 125 446 427
internal_count=5424 4156 2513 1865 1643 885 676 998 228 182 571 125 446 427
is_linear=0
shrinkage=0.05


Tree=64
num_leaves=15
num_cat=0
split_feature=4 0 11 13 3 5 6 13 1 2 1 0 5 3
split_gain=3.17568e+12 2.55834e+12 1.98762e+12 3.82802e+12 2.128e+12 2.1261e+12 3.73008e+12 2.74441e+12 2.51529e+12 2.42267e+12 2.19145e+12 1.91616e+12 2.01856e+12 4.14268e+12
threshold=2812583.3333333335 3398500.0000000005 -0.24999999999999994 1.0000000180025095e-35 2801166.6666666674 1183217.3570780067 8.5000000000000018 1.0000000180025095e-35 380000.00000000006 2784500.0000000005 635500.00000000012 622500.00000000012 843111.69620012271 2447833.3333333335
decision_type=2 2 2 2 2 2 2 2 2 2 2 2 2 2
left_child=1 2 3 4 -1 7 -7 8 -4 -8 -10 -12 -13 -14
right_child=-2 -3 5 -5 -6 6 9 -9 10 -11 11 12 13 -15
leaf_value=2918.856219352238 3104.7483449346369 -12459.984956258138 13998.946484375001 -1700.2396395095329 16720.494295528017 25121.231296502978 11463.131267755683 122.2658404510118 -19470.43130859375 -11745.432383661686 -14557.058144244025 -2976.0444436437906 12566.127799769811 -12637.69588569973
leaf_weight=756 660 45 22 678 29 21 22 1605 20 23 34 1470 56 23
leaf_count=756 660 45 22 678 29 21 22 1605 20 23 34 1470 56 23
internal_value=-147.341 -594.131 -481.931 1051.8 3428.73 -1162.71 7721.06 -1344.24 -2792.69 -399.023 -3023.14 -2815.34 -2557.62 5228.31
internal_weight=5464 4804 4759 1463 785 3296 66 3230 1625 45 1603 1583 1549 79
internal_count=5464 4804 4759 1463 785 3296 66 3230 1625 45 1603 1583 1549 79
is_linear=0
shrinkage=0.05


Tree=65
num_leaves=15
num_cat=0
split_feature=4 4 9 6 3 11 4 1 6 1 11 8 4 14
split_gain=3.68377e+12 1.80719e+12 1.77327e+12 2.12439e+12 1.75627e+12 2.14888e+12 1.95314e+12 1.6335e+12 1.53742e+12 1.818e+12 1.37214e+12 2.72174e+12 2.17208e+12 4.44325e+12
threshold=2211166.6666666674 884500.00000000012 1.0000000180025095e-35 11.500000000000002 1474500.0000000002 0.6830127018922193 1105583.3333333335 4105500.0000000005 17.500000000000004 515000.00000000006 -0.68301270189221952 1.5000000000000002 2565833.3333333335 1.0000000180025095e-35
decision_type=2 2 2 2 2 2 2 2 2 2 2 2 2 2
left_child=1 -1 8 4 6 -6 -4 10 9 -3 11 -2 13 -13
right_child=7 2 3 -5 5 -7 -8 -9 -10 -11 -12 12 -14 -15
leaf_value=-9060.8084874770229 895.29277035183372 13748.101757812501 -2991.5861206054688 -1582.2859848476267 4837.1705278445515 -11461.842159598214 -22793.290086410987 13253.35107421875 -984.49850970042155 1381.4546276532892 995.8429780622879 36707.937568359375 3918.703221348354 7165.0771728515629
leaf_weight=68 180 31 20 1118 39 42 33 30 1219 719 1827 20 56 35
leaf_count=68 180 31 20 1118 39 42 33 30 1219 719 1827 20 56 35
internal_value=57.3858 -994.386 -824.092 -2295.33 -8244.46 -3614.17 -15320.9 1667.85 111.403 1892.61 1503.75 4692.57 10850.3 17907.9
internal_weight=5437 3289 3221 1252 134 81 53 2148 1969 750 2118 291 111 55
internal_count=5437 3289 3221 1252 134 81 53 2148 1969 750 2118 291 111 55
is_linear=0
shrinkage=0.05


Tree=66
num_leaves=15
num_cat=0
split_feature=2 10 6 4 1 11 8 5 6 13 1 3 4 14
split_gain=3.29526e+12 1.84488e+12 4.59833e+12 4.93524e+12 2.39691e+12 1.61956e+12 3.8215e+12 2.63524e+12 1.85204e+12 2.28212e+12 2.63899e+12 3.67044e+12 2.1404e+12 1.74652e+12
threshold=2514500.0000000005 -0.6830127018922193 14.500000000000002 2546333.333333334 3636000.0000000005 0.25000000000000017 1.5000000000000002 1021296.3974243255 3.5000000000000004 1.0000000180025095e-35 2541500.0000000005 2153833.3333333335 2692066.6666666674 1.0000000180025095e-35
decision_type=2 2 2 2 2 2 2 2 2 2 2 2 2 2
left_child=5 2 3 -2 -3 6 -1 13 -7 10 -10 -12 -13 -8
right_child=1 4 -4 -5 -6 8 7 -9 9 -11 11 12 -14 -15
leaf_value=-1231.582502715823 4522.6061066658267 2812.2048350209425 2204.5619554513055 -20774.171746706495 14152.944233298789 12824.292258522728 7548.1145343981298 -8810.1575694949133 -4593.1139519790768 -84.263750744628908 22546.548273925782 4017.3877967379312 -9593.2327818404792 2250.8324033028739
leaf_weight=1327 31 948 289 51 49 22 228 43 826 1000 20 88 43 490
leaf_count=1327 31 948 289 51 49 22 228 43 826 1000 20 88 43 490
internal_value=125.379 2249.49 -760.549 -11210.8 3369.57 -585.603 388.281 3212.93 -1602.85 -1763.39 -3482.05 2595.71 -450.22 3932.98
internal_weight=5455 1368 371 82 997 4087 2088 761 1999 1977 977 151 131 718
internal_count=5455 1368 371 82 997 4087 2088 761 1999 1977 977 151 131 718
is_linear=0
shrinkage=0.05


Tree=67
num_leaves=15
num_cat=0
split_feature=4 1 11 6 13 6 2 14 8 11 4 2 10 9
split_gain=2.44242e+12 1.86273e+12 1.1917e+12 3.12349e+12 2.83735e+12 2.67979e+12 2.13511e+12 2.09092e+12 2.2057e+12 5.43366e+12 6.28142e+12 2.21698e+12 1.89139e+12 4.96153e+12
threshold=1672183.3333333337 4105500.0000000005 0.25000000000000017 3.5000000000000004 1.0000000180025095e-35 3.5000000000000004 1279500.0000000002 1.0000000180025095e-35 2.5000000000000004 -0.68301270189221952 2311100.0000000005 1204000.0000000002 -0.6830127018922193 1.0000000180025095e-35
decision_type=2 2 2 2 2 2 2 2 2 2 2 2 2 2
left_child=-1 2 3 -2 5 -4 -7 8 11 -10 -11 -5 -8 -14
right_child=1 -3 4 7 -6 6 12 -9 9 10 -12 -13 13 -15
leaf_value=-1787.4581710243351 -16547.184472656252 12408.674869791668 14117.006187500003 -13146.447686767578 1713.8889503462051 8476.4295512354656 -7169.9395646984458 3933.943094614649 27764.500359375001 13233.66701858108 -19209.547019531248 200.66371496168233 4650.2550783769802 -4132.2778907645197
leaf_weight=1507 24 33 25 32 900 43 207 637 25 37 25 1121 218 613
leaf_count=1507 24 33 25 32 900 43 207 637 25 37 25 1121 218 613
internal_value=-75.499 579.304 479.388 1376.42 -370.686 -2067 -2441.28 1605.59 409.498 8086.43 151.726 -169.768 -2893.55 -1828.32
internal_weight=5447 3940 3907 1901 2006 1106 1081 1877 1240 87 62 1153 1038 831
internal_count=5447 3940 3907 1901 2006 1106 1081 1877 1240 87 62 1153 1038 831
is_linear=0
shrinkage=0.05


Tree=68
num_leaves=15
num_cat=0
split_feature=0 6 10 6 12 0 1 2 15 5 8 5 10 6
split_gain=2.90255e+12 1.41718e+12 1.53448e+12 1.55489e+12 2.11707e+12 1.52392e+12 2.11518e+12 1.44424e+12 2.73162e+12 4.28543e+12 2.67445e+12 2.24806e+12 2.07837e+12 1.7592e+12
threshold=1757500.0000000002 2.5000000000000004 0.68301270189221941 17.500000000000004 8.5000000000000018 1942500.0000000002 1564500.0000000002 1051500.0000000002 1.0000000180025095e-35 351057.89566671627 2.5000000000000004 399452.46041293634 -0.24999999999999994 10.500000000000002
decision_type=2 2 2 2 2 2 2 2 2 2 2 2 2 2
left_child=-1 -2 7 4 -4 -6 -7 12 -9 10 -10 -11 -3 -13
right_child=1 2 3 -5 5 6 -8 8 9 11 -12 13 -14 -15
leaf_value=-1656.2247842916634 12864.72450358073 14518.594805438704 13803.614314848803 852.03090434936951 11527.253499781833 -11784.510843599761 3341.8177537771371 630.50016634359872 -15619.238504937355 14634.281498579545 4116.9282459077385 2396.1598299396574 -4991.7752790178574 -5225.9690416357989
leaf_weight=1953 24 39 58 586 47 26 208 1987 94 22 21 134 21 174
leaf_count=1953 24 39 58 586 47 26 208 1987 94 22 21 134 21 174
internal_value=-116.667 757.136 672.096 2411.22 5106.46 3311.32 1661.11 26.5529 -162.512 -3703.44 -12015.2 -806.906 7689.97 -1909.85
internal_weight=5394 3441 3417 925 339 281 234 2492 2432 445 115 330 60 308
internal_count=5394 3441 3417 925 339 281 234 2492 2432 445 115 330 60 308
is_linear=0
shrinkage=0.05


Tree=69
num_leaves=15
num_cat=0
split_feature=4 5 2 10 2 15 1 4 2 1 10 1 4 5
split_gain=2.10909e+12 1.54931e+12 1.9614e+12 1.69847e+12 1.4586e+12 6.39112e+12 5.51821e+12 2.50553e+12 1.72539e+12 1.85867e+12 1.33178e+12 1.21926e+12 1.42155e+12 1.62939e+12
threshold=1767500.0000000002 822834.46722409688 2265500.0000000005 -0.24999999999999994 3452500.0000000005 1.0000000180025095e-35 3238500.0000000005 2714750.0000000005 3361500.0000000005 4105500.0000000005 -0.24999999999999994 3759000.0000000005 2630416.666666667 803630.46100590879
decision_type=2 2 2 2 2 2 2 2 2 2 2 2 2 2
left_child=1 -1 3 -3 8 10 7 -7 9 11 -6 12 -2 -14
right_child=4 2 -4 -5 5 6 -8 -9 -10 -11 -12 -13 13 -15
leaf_value=-1679.0111610723959 209.14497611702615 21018.255395507815 -5693.4487187500008 2396.4521357421877 12196.364710582387 -15591.563972091675 -32258.716436298077 3397.4381771689968 11512.499211682771 13401.516433189656 -37.05598731994629 -9893.6875415943286 2137.160109198875 12631.398324819711
leaf_weight=1801 2544 24 25 25 44 32 26 38 38 29 45 27 717 39
leaf_count=1801 2544 24 25 25 44 32 26 38 38 29 45 27 717 39
internal_value=-29.2345 -1387.67 5702.88 11517.3 682.437 -3640.98 -12589.1 -5283.25 918.097 798.137 6010.93 688.279 774.859 2678.53
internal_weight=5454 1875 74 49 3579 185 96 70 3394 3356 89 3327 3300 756
internal_count=5454 1875 74 49 3579 185 96 70 3394 3356 89 3327 3300 756
is_linear=0
shrinkage=0.05


Tree=70
num_leaves=15
num_cat=0
split_feature=4 5 3 2 3 15 12 3 3 5 5 4 0 3
split_gain=2.22936e+12 2.89537e+12 1.83847e+12 1.72338e+12 2.71883e+12 1.63232e+12 1.55863e+12 2.87522e+12 4.21095e+12 2.18689e+12 1.99656e+12 1.52617e+12 1.891e+12 1.53601e+12
threshold=2490000.0000000005 1625865.5385346918 2303166.666666667 3330000.0000000005 2722166.6666666674 1.0000000180025095e-35 12.500000000000002 2638666.6666666674 2897333.3333333335 1075028.9061197604 566742.13418279507 2812583.3333333335 2529500.0000000005 3129500.0000000005
decision_type=2 2 2 2 2 2 2 2 2 2 2 2 2 2
left_child=1 3 -2 4 -1 -4 11 -8 -9 10 -10 12 -7 -13
right_child=2 -3 5 -5 -6 6 7 8 9 -11 -12 13 -14 -15
leaf_value=-573.39001078524598 14151.255182291667 18050.974362909226 2530.624429200835 -13921.315895589194 17906.451635360718 -517.01704101562507 17931.065574048913 -17363.080781249999 9102.4808451334648 17656.231591796877 -11292.365214029949 6089.8253088048987 -18444.281129857114 -9768.2072190504823
leaf_weight=4118 30 21 996 24 20 24 23 30 24 23 24 37 38 26
leaf_count=4118 30 21 996 24 20 24 23 30 24 23 24 37 38 26
internal_value=89.781 -468.117 1920.12 -561.558 -484.072 1625.4 -1995.51 1976.28 -1656.99 4979.38 -1094.94 -5935.53 -11504.7 -454.76
internal_weight=5458 4183 1275 4162 4138 1245 249 124 101 71 48 125 62 63
internal_count=5458 4183 1275 4162 4138 1245 249 124 101 71 48 125 62 63
is_linear=0
shrinkage=0.05


Tree=71
num_leaves=15
num_cat=0
split_feature=4 3 3 1 1 5 2 4 1 3 4 1 6 11
split_gain=1.89049e+12 3.0631e+12 2.28978e+12 1.41744e+12 1.40182e+12 1.83019e+12 2.08772e+12 1.30115e+12 1.47522e+12 1.16197e+12 1.17018e+12 3.73634e+12 1.67471e+12 1.61073e+12
threshold=1920333.3333333337 2172666.6666666674 2070500.0000000002 4105500.0000000005 869500.00000000012 1517799.4650754521 1073000.0000000002 884500.00000000012 380000.00000000006 1702333.3333333337 2824583.333333334 3458500.0000000005 3.5000000000000004 0.93301270189221952
decision_type=2 2 2 2 2 2 2 2 2 2 2 2 2 2
left_child=1 2 7 4 -2 6 -6 -1 -9 -8 11 12 -11 -12
right_child=3 -3 -4 -5 5 -7 9 8 -10 10 13 -13 -14 -15
leaf_value=-8179.4566358996981 10981.240655702533 17984.394309198291 -15952.507436899039 10713.482020399308 14097.543009159484 -11274.120724487306 11571.534368896486 10779.574421296296 -977.42871619465609 -13214.407158627717 3374.2871156251808 -20046.583784816579 346.99252295079259 -4899.5268092299948
leaf_weight=62 33 21 26 36 29 32 24 27 2259 23 541 23 2230 66
leaf_count=62 33 21 26 36 29 32 24 27 2259 23 541 23 2230 66
internal_value=22.7483 -1027.63 -1195.81 851.087 732.778 618.829 748.453 -1032.41 -838.566 615.283 524.076 3.86227 208.549 2474.66
internal_weight=5432 2395 2374 3037 3001 2968 2936 2348 2286 2907 2883 2276 2253 607
internal_count=5432 2395 2374 3037 3001 2968 2936 2348 2286 2907 2883 2276 2253 607
is_linear=0
shrinkage=0.05


Tree=72
num_leaves=15
num_cat=0
split_feature=11 8 14 14 4 1 5 5 3 5 3 5 6 2
split_gain=2.36052e+12 3.23601e+12 3.75209e+12 3.49285e+12 2.12063e+12 1.8703e+12 2.47156e+12 1.76085e+12 1.45262e+12 1.97905e+12 3.26628e+12 2.58208e+12 1.3854e+12 2.78424e+12
threshold=-0.68301270189221952 2.5000000000000004 1.0000000180025095e-35 1.0000000180025095e-35 2426000.0000000005 3238500.0000000005 982976.16818430065 1401470.998260116 2114333.3333333335 1334748.3847396513 2924833.3333333335 1021296.3974243255 11.500000000000002 1614500.0000000002
decision_type=2 2 2 2 2 2 2 2 2 2 2 2 2 2
left_child=1 2 5 -3 7 6 -1 12 -6 11 -11 -10 13 -2
right_child=4 3 -4 -5 8 -7 -8 -9 9 10 -12 -13 -14 -15
leaf_value=-906.56089410458594 458.20906473121897 24387.857705688479 7625.2205302159928 4491.4523657570426 13101.606408203126 11412.587256701241 -18437.215718005955 12280.392867024741 946.38811484675352 -21968.199023437501 5033.307217261905 15796.947541859945 -978.57878201617461 -8924.1104318503876
leaf_weight=472 151 32 170 71 25 29 21 24 1203 24 21 30 2988 166
leaf_count=472 151 32 170 71 25 29 21 24 1203 24 21 30 2988 166
internal_value=-112.692 2404.38 1173.66 10672.9 -544.702 -927.42 -1653.3 -1214.02 1165.32 931.828 -9367.5 1307.72 -1312.01 -4454.93
internal_weight=5427 795 692 103 4632 522 493 3329 1303 1278 45 1233 3305 317
internal_count=5427 795 692 103 4632 522 493 3329 1303 1278 45 1233 3305 317
is_linear=0
shrinkage=0.05


Tree=73
num_leaves=15
num_cat=0
split_feature=1 4 4 1 0 4 1 0 10 12 9 10 5 11
split_gain=2.74903e+12 1.91903e+12 1.58696e+12 1.39984e+12 2.57339e+12 1.83995e+12 2.98509e+12 1.65895e+12 1.64414e+12 1.93233e+12 1.5412e+12 1.70875e+12 1.8847e+12 1.25388e+12
threshold=2490500.0000000005 3339683.3333333335 1039750.0000000001 869500.00000000012 3359500.0000000005 2714750.0000000005 2296500.0000000005 2764500.0000000005 -0.6830127018922193 9.5000000000000018 1.0000000180025095e-35 1.0000000180025095e-35 877521.3196407893 -0.68301270189221952
decision_type=2 2 2 2 2 2 2 2 2 2 2 2 2 2
left_child=2 -2 -1 10 5 7 -7 13 -9 -10 11 -4 -13 -5
right_child=1 -3 3 4 -6 6 -8 8 9 -11 -12 12 -14 -15
leaf_value=-5165.9422132409136 1400.818749202864 8308.9251254020473 18578.724861653649 1751.1907605634417 -14069.108995535715 16983.022116570726 -4317.7463345231681 -18082.506372070315 9159.9146969881931 -8568.7509446543809 -3075.0696104307435 -7586.128627232144 13860.445605468751 -824.45552410207699
leaf_weight=184 1294 109 30 560 35 38 29 25 22 51 37 21 20 3025
leaf_count=184 1294 109 30 560 35 38 29 25 22 51 37 21 20 3025
internal_value=28.4932 1937.51 -628.45 -413.988 -574.145 -448.192 7763.29 -597.573 -7015.82 -3225.87 5198.93 9510.73 2875.61 -422.123
internal_weight=5480 1403 4077 3893 3785 3750 67 3683 98 73 108 71 41 3585
internal_count=5480 1403 4077 3893 3785 3750 67 3683 98 73 108 71 41 3585
is_linear=0
shrinkage=0.05


Tree=74
num_leaves=15
num_cat=0
split_feature=1 5 0 3 2 12 5 2 5 6 10 1 12 2
split_gain=2.0704e+12 1.89144e+12 2.51922e+12 3.63954e+12 4.00669e+12 2.27865e+12 2.13052e+12 1.58084e+12 5.02495e+12 3.06465e+12 2.26659e+12 1.99772e+12 2.1392e+12 1.33481e+12
threshold=2723500.0000000005 728576.20254835952 3463500.0000000005 2196500.0000000005 3452500.0000000005 14.500000000000002 687077.71408603026 3452500.0000000005 643867.73314775946 12.500000000000002 -0.6830127018922193 3578500.0000000005 11.500000000000002 3052000.0000000005
decision_type=2 2 2 2 2 2 2 2 2 2 2 2 2 2
left_child=1 6 3 13 -5 -4 -1 9 -9 10 -2 12 -12 -3
right_child=7 2 5 4 -6 -7 -8 8 -10 -11 11 -13 -14 -15
leaf_value=-585.38990860040201 -617.58097502055932 634.80596401448156 -18716.56159986413 29655.20887276786 4586.042732362489 4359.6410473632814 -14423.797865513392 2637.7484026778375 -20835.233245442709 1603.0112503943044 18356.792883300783 25651.155934495197 1454.6262504382012 14194.914628906252
leaf_weight=4173 38 196 23 28 37 20 28 95 30 642 36 26 39 20
leaf_count=4173 38 196 23 28 37 20 28 95 30 642 36 26 39 20
internal_value=43.0975 -393.732 3287.23 5011.92 15385.1 -7983.44 -677.624 2224.83 -2995.77 3060.4 9791.63 13708 9567.67 1890.37
internal_weight=5431 4525 324 281 65 43 4201 906 125 781 139 101 75 216
internal_count=5431 4525 324 281 65 43 4201 906 125 781 139 101 75 216
is_linear=0
shrinkage=0.05


Tree=75
num_leaves=15
num_cat=0
split_feature=4 1 4 3 10 15 4 2 1 5 1 5 1 8
split_gain=1.73628e+12 1.32522e+12 1.22437e+12 1.92738e+12 2.96397e+12 2.11027e+12 4.31103e+12 3.04869e+12 5.83624e+12 2.39987e+12 2.34359e+12 2.5191e+12 2.28711e+12 1.54896e+12
threshold=1039750.0000000001 4105500.0000000005 2490000.0000000005 2478833.3333333335 -0.24999999999999994 1.0000000180025095e-35 2641083.3333333335 3398000.0000000005 3330000.0000000005 430960.93669842818 3289500.0000000005 575897.36303408351 3703500.0000000005 2.5000000000000004
decision_type=2 2 2 2 2 2 2 2 2 2 2 2 2 2
left_child=-1 2 -2 4 -4 13 9 10 -9 -7 11 -8 -12 -5
right_child=1 -3 3 5 -6 6 7 8 -10 -11 12 -13 -14 -15
leaf_value=-4705.2785320575422 -233.3949069942968 9691.0589685388532 23217.426631673181 2516.6225763797761 3706.1984553957445 -30494.90365234375 8803.5445596018162 2546.2250212836266 -29515.80877130682 -6563.816870117188 24353.85839029948 -11520.796136067709 1459.9920458984377 -5070.8854639340752
leaf_weight=182 4002 37 24 856 103 20 31 40 22 22 24 30 20 73
leaf_count=182 4002 37 24 856 103 20 31 40 22 22 24 30 20 73
internal_value=96.6735 261.446 195.205 1551.14 7393.36 899.149 -3640.3 -39.044 -8830.63 -17959.6 5152.18 -1192.03 13947.6 1920.4
internal_weight=5486 5304 5267 1265 127 1138 209 167 62 42 105 61 44 929
internal_count=5486 5304 5267 1265 127 1138 209 167 62 42 105 61 44 929
is_linear=0
shrinkage=0.05


Tree=76
num_leaves=15
num_cat=0
split_feature=2 11 13 5 0 2 0 13 6 4 10 10 10 2
split_gain=1.48886e+12 1.45528e+12 2.84986e+12 3.69269e+12 4.39864e+12 2.62899e+12 2.77416e+12 2.27208e+12 2.16397e+12 1.65608e+12 1.42483e+12 3.90698e+12 4.07155e+12 2.94498e+12
threshold=1496500.0000000002 -0.24999999999999994 1.0000000180025095e-35 926642.88910489483 1929500.0000000002 3173000.0000000005 1170500.0000000002 1.0000000180025095e-35 8.5000000000000018 2932250.0000000005 0.68301270189221941 -0.24999999999999994 -0.6830127018922193 3052000.0000000005
decision_type=2 2 2 2 2 2 2 2 2 2 2 2 2 2
left_child=-1 2 3 5 -5 6 -2 10 -8 -9 11 12 -3 -14
right_child=1 7 -4 4 -6 -7 8 9 -10 -11 -12 -13 13 -15
leaf_value=-1676.5771017233533 22861.338251953126 -2811.1027801513674 -709.48494239452577 3988.3286786760605 -26283.494521949407 21175.606234375002 -9386.9826811691801 675.91596060810787 4670.4978030838602 6528.2083812201199 857.40401492365481 -5984.7057242219917 2192.1466266881284 15357.974998191552
leaf_weight=1200 20 489 581 28 21 25 29 1235 489 134 464 467 199 54
leaf_count=1200 20 489 581 28 21 25 29 1235 489 134 464 467 199 54
internal_value=-121.925 318.59 1798.64 4179.72 -8985.31 5325.52 4588.99 -261.85 3883.5 1248.75 -1497.96 -2401.92 -146.983 5002.24
internal_weight=5435 4235 1193 612 49 563 538 3042 518 1369 1673 1209 742 253
internal_count=5435 4235 1193 612 49 563 538 3042 518 1369 1673 1209 742 253
is_linear=0
shrinkage=0.05


Tree=77
num_leaves=15
num_cat=0
split_feature=11 13 5 14 2 2 14 4 10 12 2 5 6 12
split_gain=1.29054e+12 2.20553e+12 2.33292e+12 2.36833e+12 3.20169e+12 2.9649e+12 2.16087e+12 2.11874e+12 1.90436e+12 3.00351e+12 2.91565e+12 2.51082e+12 2.47284e+12 1.89451e+12
threshold=-0.24999999999999994 1.0000000180025095e-35 523959.87454891362 1.0000000180025095e-35 2741000.0000000005 2333500.0000000005 1.0000000180025095e-35 2339450.0000000005 -0.24999999999999994 16.500000000000004 3636000.0000000005 803630.46100590879 8.5000000000000018 19.500000000000004
decision_type=2 2 2 2 2 2 2 2 2 2 2 2 2 2
left_child=6 2 3 4 5 7 -1 13 9 10 -4 -11 -10 -2
right_child=1 -3 8 -5 -6 -7 -8 -9 12 11 -12 -13 -14 -15
leaf_value=-156.98813990286123 -7144.4464191940606 606.01975346987217 3801.876031494141 -1731.0585316397928 -19427.141901506697 7467.3455963844481 3819.5872918902114 -22334.931826171876 -11841.566981655946 2255.6024511718751 -12959.236257324221 25819.939685997597 103.45021404690213 5734.3820430871219
leaf_weight=1150 212 1825 192 1056 42 43 486 20 51 20 30 26 288 33
leaf_count=1150 212 1825 192 1056 42 43 486 20 51 20 30 26 288 33
internal_value=-151.566 -652.802 -1794.06 -2912.47 -6476.95 -4711.01 1024.32 -6687.12 796.52 3946.32 1536.86 15574.6 -1693.59 -5409.75
internal_weight=5474 3838 2013 1406 350 308 1636 265 607 268 222 46 339 245
internal_count=5474 3838 2013 1406 350 308 1636 265 607 268 222 46 339 245
is_linear=0
shrinkage=0.05


Tree=78
num_leaves=15
num_cat=0
split_feature=4 4 0 0 1 0 4 11 6 8 13 0 14 12
split_gain=1.33782e+12 1.15028e+12 1.83847e+12 1.5865e+12 1.54207e+12 2.71331e+12 1.86783e+12 1.54806e+12 1.94353e+12 2.01525e+12 1.75848e+12 1.51399e+12 1.46222e+12 2.96745e+12
threshold=950583.33333333337 2616416.6666666674 3463500.0000000005 3020000.0000000005 3836000.0000000005 2008500.0000000002 3339683.3333333335 1.0000000180025095e-35 7.5000000000000009 1.5000000000000002 1.0000000180025095e-35 2919500.0000000005 1.0000000180025095e-35 16.500000000000004
decision_type=2 2 2 2 2 2 2 2 2 2 2 2 2 2
left_child=-1 2 3 11 5 -3 -6 10 -9 -10 -7 -2 13 -11
right_child=1 4 -4 -5 6 7 -8 8 9 12 -12 -13 -14 -15
leaf_value=-5360.2276595801641 -190.02984696104136 -13482.654262514468 -14339.903057065218 8970.0316262103133 -12467.902710876466 8723.7610732256362 5414.0702084748646 15939.651511346727 2989.6219180505714 -20599.788363155243 1571.0011521390813 -11855.179997907368 -765.89144473805152 1651.636624461207
leaf_weight=114 4216 27 23 47 40 177 23 21 323 31 167 28 170 29
leaf_count=114 4216 27 23 47 40 177 23 21 323 31 167 28 170 29
internal_value=-0.861172 113.939 -241.386 -165.817 1634.64 2139.59 -5939.56 2599.07 1009.55 442.587 5251.35 -266.991 -3134.34 -9844.93
internal_weight=5436 5322 4314 4291 1008 945 63 918 574 553 344 4244 230 60
internal_count=5436 5322 4314 4291 1008 945 63 918 574 553 344 4244 230 60
is_linear=0
shrinkage=0.05


Tree=79
num_leaves=15
num_cat=0
split_feature=9 5 11 5 11 8 4 2 0 0 0 0 3 14
split_gain=1.81886e+12 2.07877e+12 3.0435e+12 4.70142e+12 1.87496e+12 2.59812e+12 2.18885e+12 2.20648e+12 1.75129e+12 2.91676e+12 1.71964e+12 1.69104e+12 2.9024e+12 1.61783e+12
threshold=1.0000000180025095e-35 172795.14194243224 0.6830127018922193 351057.89566671627 0.6830127018922193 1.5000000000000002 2904333.3333333335 3001500.0000000005 2352500.0000000005 2764500.0000000005 3818000.0000000005 2919500.0000000005 3456500.0000000005 1.0000000180025095e-35
decision_type=2 2 2 2 2 2 2 2 2 2 2 2 2 2
left_child=1 -1 10 -4 11 -6 7 -7 -5 -10 -3 -2 -13 -8
right_child=4 2 3 8 5 6 13 -9 9 -11 -12 12 -14 -15
leaf_value=-472.93321548644212 -146.30665963330861 955.46793139139811 589.51058318899857 8475.522808702257 -466.42545551237509 -5047.0221204137515 -25494.907707868304 10976.587398097827 33502.635224184785 10943.131900185033 15363.290834263393 9766.3264150390623 -9932.3629967730976 -8356.8313037109383
leaf_weight=1423 954 1500 159 90 671 326 21 23 23 38 21 100 23 40
leaf_count=1423 954 1500 159 90 671 326 21 23 23 38 21 100 23 40
internal_value=214.132 960.595 2074.69 6590.09 -911.443 -2382.52 -5518.38 -3991.02 12908.6 19449.2 1154.39 565.099 6082.83 -14256.8
internal_weight=5412 3254 1831 310 2158 1081 410 349 151 61 1521 1077 123 61
internal_count=5412 3254 1831 310 2158 1081 410 349 151 61 1521 1077 123 61
is_linear=0
shrinkage=0.05


Tree=80
num_leaves=15
num_cat=0
split_feature=0 1 1 4 6 4 1 1 11 0 4 0 6 4
split_gain=1.62406e+12 1.95791e+12 1.86175e+12 1.63087e+12 1.32862e+12 1.30897e+12 1.40324e+12 1.25902e+12 1.19551e+12 2.44301e+12 1.03545e+12 2.6156e+12 1.85772e+12 1.43611e+12
threshold=2638000.0000000005 869500.00000000012 3636000.0000000005 3030333.3333333335 20.500000000000004 884500.00000000012 380000.00000000006 3836000.0000000005 1.0000000180025095e-35 3509000.0000000005 2888583.3333333335 3359500.0000000005 10.500000000000002 2116166.6666666674
decision_type=2 2 2 2 2 2 2 2 2 2 2 2 2 2
left_child=2 -2 3 5 7 -1 -7 10 9 -6 11 12 -3 -14
right_child=1 4 -4 -5 8 6 -8 -9 -10 -11 -12 -13 13 -15
leaf_value=-7165.9982037444615 17102.674362909227 8976.6534888131282 10813.471164422286 -13580.954755434785 4932.8138878491463 11033.845445033483 -196.30661532951925 -9646.0448746744787 1392.8757372948432 23164.156761532737 3480.0097443409454 -13186.003551603619 12032.471186523439 -1823.2200046115454
leaf_weight=67 21 56 38 23 147 28 4243 30 186 21 234 38 20 288
leaf_count=67 21 56 38 23 147 28 4243 30 186 21 234 38 20 288
internal_value=214.407 1990.33 -205.854 -301.872 1679.19 -231.467 -122.684 363.555 4154.37 7211.73 835.706 -703.516 599.601 -923.5
internal_weight=5440 1041 4399 4361 1020 4338 4271 666 354 168 636 402 364 308
internal_count=5440 1041 4399 4361 1020 4338 4271 666 354 168 636 402 364 308
is_linear=0
shrinkage=0.05


Tree=81
num_leaves=15
num_cat=0
split_feature=4 1 0 15 10 5 10 0 3 1 1 1 1 12
split_gain=1.75548e+12 2.32651e+12 1.90742e+12 1.24094e+12 3.00351e+12 3.22686e+12 4.90248e+12 2.63333e+12 2.3591e+12 2.27649e+12 3.18863e+12 2.08936e+12 4.10741e+12 2.66107e+12
threshold=1828433.3333333337 983500.00000000012 2293500.0000000005 1.0000000180025095e-35 -0.24999999999999994 351057.89566671627 -0.6830127018922193 2278500.0000000005 1638166.6666666667 1972500.0000000002 2490500.0000000005 2367500.0000000005 2259500.0000000005 8.5000000000000018
decision_type=2 2 2 2 2 2 2 2 2 2 2 2 2 2
left_child=-1 2 -2 -3 5 -5 9 -8 -6 -7 -11 12 13 -10
right_child=1 3 -4 4 8 6 7 -9 11 10 -12 -13 -14 -15
leaf_value=-1260.7248722778977 23365.983588867188 916.05665512827898 2827.3953425480772 -8196.7408482142855 11207.42177522079 12905.229913937605 5861.1255920410158 24614.078500600965 5871.0013574218756 -19030.488136718752 1130.4258465777386 -1953.4086738698077 -27355.619936342591 -10168.804323508522
leaf_weight=2066 20 2670 26 56 23 27 36 39 35 25 91 205 27 99
leaf_count=2066 20 2670 26 56 23 27 36 39 35 25 91 205 27 99
internal_value=-112.577 589.428 11757.2 435.297 -1500.79 2509.05 5259.16 15612.7 -4325.21 -170.995 -3214.6 -5301.3 -9564.15 -5979.3
internal_weight=5445 3379 46 3333 663 274 218 75 389 143 116 366 161 134
internal_count=5445 3379 46 3333 663 274 218 75 389 143 116 366 161 134
is_linear=0
shrinkage=0.05


Tree=82
num_leaves=15
num_cat=0
split_feature=1 11 8 14 14 1 4 0 6 6 6 3 1 12
split_gain=2.24634e+12 1.27155e+12 2.76588e+12 2.35739e+12 2.29868e+12 1.22532e+12 1.21817e+12 2.6997e+12 1.43666e+12 1.29817e+12 1.362e+12 1.01923e+12 1.26997e+12 1.82744e+12
threshold=4105500.0000000005 -0.68301270189221952 2.5000000000000004 1.0000000180025095e-35 1.0000000180025095e-35 2767500.0000000005 2879416.6666666674 2936500.0000000005 7.5000000000000009 11.500000000000002 15.500000000000002 1319166.6666666667 1063500.0000000002 7.5000000000000009
decision_type=2 2 2 2 2 2 2 2 2 2 2 2 2 2
left_child=1 2 3 6 -4 -5 7 8 -1 -10 -11 -3 13 -13
right_child=-2 11 4 5 -6 -7 -8 -9 9 10 -12 12 -14 -15
leaf_value=9302.082928466798 13043.388313802083 -2422.6137350773724 18765.360387573244 3542.3532583443225 3575.2642213763611 14011.766088328643 7661.2942871093755 -18470.152479619566 -11368.147621154785 7974.090626721505 -1862.8660928259958 -6197.2827459161936 -223.15027060796621 10687.565946934588
leaf_weight=32 33 533 40 157 66 34 37 23 32 39 360 22 3942 59
leaf_count=32 33 533 40 157 66 34 37 23 32 39 360 22 3942 59
internal_value=38.0432 -41.7887 1770.77 651.887 9307.38 5406.02 -1084.32 -1750.14 -919.56 -1678.48 -901.359 -368.017 -95.8072 6101.56
internal_weight=5409 5376 820 714 106 191 523 486 463 431 399 4556 4023 81
internal_count=5409 5376 820 714 106 191 523 486 463 431 399 4556 4023 81
is_linear=0
shrinkage=0.05


Tree=83
num_leaves=15
num_cat=0
split_feature=2 12 5 5 9 3 0 6 5 3 4 4 3 12
split_gain=1.37086e+12 1.41445e+12 3.80026e+12 2.00844e+12 1.57237e+12 1.1411e+12 1.68333e+12 1.10923e+12 3.3073e+12 2.84398e+12 5.14924e+12 1.62452e+12 2.3447e+12 1.44372e+12
threshold=1496500.0000000002 7.5000000000000009 1625865.5385346918 952945.56974290218 1.0000000180025095e-35 2254833.3333333335 2558500.0000000005 8.5000000000000018 236620.6514452062 2812833.3333333335 2354333.3333333335 3280833.3333333335 3371500.0000000005 18.500000000000004
decision_type=2 2 2 2 2 2 2 2 2 2 2 2 2 2
left_child=5 3 7 -2 -5 6 -1 8 -3 10 -10 12 -9 -13
right_child=1 2 -4 4 -6 -7 -8 11 9 -11 -12 13 -14 -15
leaf_value=-1620.0264613874538 -706.56986109390641 14122.023859197443 22624.542402343752 -2380.8939592633928 -19456.601312725361 -11526.360825892858 10378.53853881836 864.46131873002912 -11601.759764340051 -21232.831673177086 13718.29815073321 11528.802905273438 -16314.86720703125 -1279.7389825994319
leaf_weight=1141 1015 22 20 28 26 28 30 2871 57 27 31 66 20 33
leaf_count=1141 1015 22 20 28 26 28 30 2871 57 27 31 66 20 33
internal_value=-59.3612 364.894 898.664 -1206.46 -10602.5 -1551.15 -1312.63 759.708 -3639.67 -7037.56 -2682.19 961.285 745.614 7259.29
internal_weight=5415 4216 3147 1069 54 1199 1171 3127 137 115 88 2990 2891 99
internal_count=5415 4216 3147 1069 54 1199 1171 3127 137 115 88 2990 2891 99
is_linear=0
shrinkage=0.05


Tree=84
num_leaves=15
num_cat=0
split_feature=1 11 13 5 0 1 1 1 0 4 2 6 10 13
split_gain=1.61002e+12 1.5528e+12 3.03221e+12 2.52378e+12 3.42974e+12 2.49247e+12 2.3661e+12 1.98952e+12 1.73432e+12 2.6664e+12 1.89069e+12 1.82463e+12 1.94752e+12 1.54325e+12
threshold=4105500.0000000005 -0.24999999999999994 1.0000000180025095e-35 900811.7069039304 1929500.0000000002 2915500.0000000005 1365500.0000000002 515000.00000000006 1170500.0000000002 1311183.3333333337 1550500.0000000002 8.5000000000000018 -0.5 1.0000000180025095e-35
decision_type=2 2 2 2 2 2 2 2 2 2 2 2 2 2
left_child=1 2 3 5 -5 8 -6 -3 9 -1 -10 -12 -13 -9
right_child=-2 7 -4 4 6 -7 -8 13 10 -11 11 12 -14 -15
leaf_value=4259.4695948401159 11702.92492513021 10767.606598682893 -916.16259430451601 8316.5818934122726 253.369228515625 12942.099172526043 -21948.831048177086 -1559.3330231284704 -1575.0257975896202 26357.523808593753 -9375.2909540591045 -2551.5528708757674 6563.1920544772674 471.42184328898458
leaf_weight=43 30 39 763 30 20 75 30 1948 192 20 23 70 360 1800
leaf_count=43 30 39 763 30 20 75 30 1948 192 20 23 70 360 1800
internal_value=151.78 87.7613 1380.16 3410.39 -5048.75 4274.67 -13068 -467.147 3356.51 11274.7 2583.11 4345.49 5079.4 -584.051
internal_weight=5443 5413 1626 863 80 783 50 3787 708 63 645 453 430 3748
internal_count=5443 5413 1626 863 80 783 50 3787 708 63 645 453 430 3748
is_linear=0
shrinkage=0.05


Tree=85
num_leaves=15
num_cat=0
split_feature=4 2 12 1 5 2 15 1 5 10 12 0 0 1
split_gain=1.1531e+12 9.34374e+11 1.55207e+12 2.2181e+12 1.26263e+12 1.11817e+12 3.80101e+12 2.59101e+12 1.24159e+12 2.10809e+12 3.31918e+12 2.34706e+12 7.75274e+12 3.11956e+12
threshold=884500.00000000012 3706000.0000000005 6.5000000000000009 2332500.0000000005 614287.22942864231 3452500.0000000005 1.0000000180025095e-35 2650500.0000000005 614287.22942864231 0.25000000000000011 8.5000000000000018 3599000.0000000005 3195000.0000000005 1313500.0000000002
decision_type=2 2 2 2 2 2 2 2 2 2 2 2 2 2
left_child=-1 5 -3 -4 -5 8 -7 -8 -2 11 -11 12 13 -10
right_child=1 2 3 4 -6 6 7 -9 9 10 -12 -13 -14 -15
leaf_value=-6497.5947640681616 -243.92094629108971 -6289.3857076009117 22119.572474888395 10732.486517107929 -4421.5676417759487 3882.9406030771688 -3590.3994981384276 -28456.215234375002 -2680.8560229157752 9567.8052964154413 -5102.7025999431371 16985.723293728301 -24368.856564198373 9644.5055920904088
leaf_weight=69 4663 24 21 27 28 49 20 22 73 51 158 36 23 173
leaf_count=69 4663 24 21 27 28 49 20 22 73 51 158 36 23 173
internal_value=-75.0871 7.46747 4795.39 8295.85 3017.7 -83.4194 -5577.81 -16615.4 13.1596 2345.39 -1522.82 4996.06 3391.5 5986.98
internal_weight=5437 5368 100 76 55 5268 91 42 5177 514 209 305 269 246
internal_count=5437 5368 100 76 55 5268 91 42 5177 514 209 305 269 246
is_linear=0
shrinkage=0.05


Tree=86
num_leaves=15
num_cat=0
split_feature=4 1 1 2 4 0 10 11 5 6 0 0 0 12
split_gain=1.0758e+12 1.31328e+12 1.15975e+12 3.33117e+12 3.53542e+12 2.02648e+12 1.48181e+12 1.44987e+12 1.08683e+12 2.34407e+12 2.56158e+12 4.59413e+12 2.90895e+12 4.29219e+12
threshold=3379833.333333334 3289500.0000000005 3363500.0000000005 3330000.0000000005 3240166.6666666674 2658500.0000000005 0.25000000000000011 1.0000000180025095e-35 602245.02564116789 21.500000000000004 2741000.0000000005 2875500.0000000005 3398500.0000000005 13.500000000000002
decision_type=2 2 2 2 2 2 2 2 2 2 2 2 2 2
left_child=2 -2 8 5 -5 6 -4 -7 -1 10 -10 -12 13 -13
right_child=1 -3 3 4 -6 7 -8 -9 9 -11 11 12 -14 -15
leaf_value=-380.19778419429213 -4043.3120723329739 8558.8024854871965 13858.275967407228 -31060.283100818455 -2047.0633277529764 2300.8336594154093 -2998.5620791348547 -12630.788871476458 3494.0070748274297 18000.199818004261 -24409.33721822103 -3975.452691650391 -8395.583806818182 24341.866682235057
leaf_weight=4665 29 72 32 21 21 29 22 37 365 22 24 32 55 23
leaf_count=4665 29 72 32 21 21 29 22 37 365 22 24 32 55 23
internal_value=-171.891 4940.37 -268.439 -4434.4 -16553.7 -192.655 6990.68 -6069.92 -138.303 2027.61 1323.41 -4589.05 -264.624 7866.34
internal_weight=5449 101 5348 162 42 120 54 66 5186 521 499 134 110 55
internal_count=5449 101 5348 162 42 120 54 66 5186 521 499 134 110 55
is_linear=0
shrinkage=0.05


Tree=87
num_leaves=15
num_cat=0
split_feature=2 4 10 6 3 1 1 4 1 10 4 15 1 4
split_gain=1.1956e+12 2.99071e+12 1.08831e+12 1.70971e+12 2.96972e+12 1.63829e+12 1.96582e+12 3.84089e+12 1.34722e+12 2.88819e+12 1.16833e+12 1.13077e+12 1.00691e+12 8.43064e+11
threshold=1757500.0000000002 1498166.6666666667 -0.6830127018922193 14.500000000000002 3258833.333333334 1675500.0000000002 2326500.0000000005 2067166.6666666667 3578500.0000000005 0.25000000000000011 1777833.3333333337 1.0000000180025095e-35 3458500.0000000005 2278583.3333333335
decision_type=2 2 2 2 2 2 2 2 2 2 2 2 2 2
left_child=-1 -2 3 4 5 -3 7 -7 12 -10 -5 -12 -4 -13
right_child=1 2 8 10 -6 6 -8 -9 9 -11 11 13 -14 -15
leaf_value=-842.79711676492957 13811.025997002182 9162.3315981657615 1000.3529386740911 -8588.1348504143807 -23632.17140625 148.95446188038792 481.76910513070919 -26316.634699894832 18017.704360351563 -2600.2794932972301 28.120339102463717 1238.4791503906251 -7422.5478274875222 15582.388137090775
leaf_weight=1932 43 23 2465 37 20 29 65 26 35 33 661 20 36 21
leaf_count=1932 43 23 2465 37 20 29 65 26 35 33 661 20 36 21
internal_value=156.331 705.652 543.298 -950.866 -5585.94 -3061.99 -5404.98 -12362.1 1067.91 8011.92 71.4835 527.902 879.112 8585.36
internal_weight=5446 3514 3471 902 163 143 120 55 2569 68 739 702 2501 41
internal_count=5446 3514 3471 902 163 143 120 55 2569 68 739 702 2501 41
is_linear=0
shrinkage=0.05


Tree=88
num_leaves=15
num_cat=0
split_feature=9 6 0 0 4 6 14 10 13 12 6 0 2 1
split_gain=9.50023e+11 2.37954e+12 2.27325e+12 2.12733e+12 3.06655e+12 1.85864e+12 1.78732e+12 1.67237e+12 3.3375e+12 2.82038e+12 2.48216e+12 2.04383e+12 1.81065e+12 2.18038e+12
threshold=1.0000000180025095e-35 8.5000000000000018 3933000.0000000005 1635500.0000000002 2052208.3333333337 6.5000000000000009 1.0000000180025095e-35 -0.6830127018922193 1.0000000180025095e-35 12.500000000000002 4.5000000000000009 2171500.0000000005 2007500.0000000002 2296500.0000000005
decision_type=2 2 2 2 2 2 2 2 2 2 2 2 2 2
left_child=7 3 6 -2 -5 -6 -3 -1 9 10 -9 -11 13 -13
right_child=1 2 -4 4 5 -7 -8 8 -10 11 -12 12 -14 -15
leaf_value=-1249.8654882502735 -15965.882697860055 617.80037439195382 16138.047079613096 13282.98826793324 696.59761962890627 -19856.208769642224 -2550.2312765283077 -14417.806656250001 -572.71708714922579 3400.1166016980369 1616.7132279617399 7741.4682702105974 7246.8951248080748 29758.919986239351
leaf_weight=798 46 1390 21 22 22 22 655 25 1149 349 698 23 173 22
leaf_count=798 46 1390 21 22 22 22 655 25 1149 349 698 23 173 22
internal_value=193.759 -613.625 -228.829 -7711.75 -1958.87 -9579.81 -396.899 737.003 1387.07 3132.65 1062.27 5772.67 9570.93 18505.6
internal_weight=5415 2178 2066 112 66 44 2045 3237 2439 1290 723 567 218 45
internal_count=5415 2178 2066 112 66 44 2045 3237 2439 1290 723 567 218 45
is_linear=0
shrinkage=0.05


Tree=89
num_leaves=15
num_cat=0
split_feature=9 13 11 1 6 5 1 4 5 5 11 5 12 5
split_gain=1.35338e+12 2.88697e+12 1.90124e+12 1.83487e+12 1.77003e+12 2.65621e+12 2.96871e+12 2.75417e+12 1.70042e+12 1.30669e+12 1.41795e+12 2.09185e+12 2.25511e+12 1.84131e+12
threshold=1.0000000180025095e-35 1.0000000180025095e-35 0.6830127018922193 3330000.0000000005 8.5000000000000018 523959.87454891362 2445500.0000000005 1738083.3333333337 763456.49977629853 172795.14194243224 0.6830127018922193 803630.46100590879 16.500000000000004 326819.01184619853
decision_type=2 2 2 2 2 2 2 2 2 2 2 2 2 2
left_child=9 2 4 -4 -2 -6 7 -7 -8 -1 13 -12 -13 -11
right_child=1 -3 3 -5 5 6 8 -9 -10 10 11 12 -14 -15
leaf_value=-535.64924173182908 -9221.5403573330968 899.35042643743645 -4188.1400789618074 -19239.422005208336 -1910.9046756399389 2469.4860596755457 7320.3436954273902 23174.336968315973 -8071.2471833881573 2584.1736875905553 2912.6255379141744 2532.1942382812504 25488.857048233695 -895.23857080721973
leaf_weight=1440 55 1043 566 21 387 29 34 36 38 765 262 20 23 756
leaf_count=1440 55 1043 566 21 387 29 34 36 38 765 262 20 23 756
internal_value=-55.9578 -1011.83 -2721.39 -4726.6 -688.479 207.167 6190.33 13936.8 -802.996 590.555 1478.69 4590.15 14811.3 854.762
internal_weight=5475 2209 1166 587 579 524 137 65 72 3266 1826 305 43 1521
internal_count=5475 2209 1166 587 579 524 137 65 72 3266 1826 305 43 1521
is_linear=0
shrinkage=0.05


Tree=90
num_leaves=15
num_cat=0
split_feature=5 4 11 13 13 5 1 3 11 4 0 3 1 6
split_gain=1.24376e+12 2.07206e+12 1.24255e+12 2.05856e+12 1.96041e+12 2.56199e+12 2.22643e+12 2.22234e+12 1.92028e+12 1.89025e+12 1.36927e+12 3.01288e+12 2.0972e+12 1.59312e+12
threshold=1625865.5385346918 2641083.3333333335 -0.24999999999999994 1.0000000180025095e-35 1.0000000180025095e-35 900811.7069039304 2931000.0000000005 1856833.3333333337 -0.68301270189221952 2932250.0000000005 2833000.0000000005 2573500.0000000005 2541500.0000000005 18.500000000000004
decision_type=2 2 2 2 2 2 2 2 2 2 2 2 2 2
left_child=2 -2 4 -4 5 6 10 -7 -9 -5 11 12 -1 -12
right_child=1 -3 3 9 -6 7 -8 8 -10 -11 13 -13 -14 -15
leaf_value=3179.6175458268008 19506.755524553573 -2980.5966735839847 -1830.0294698053358 71.647839716478245 -884.82989450438572 3331.4135340073535 11953.200990513395 -25077.264521484376 -3670.4967429421167 6445.1182326171875 -11232.891455078126 18738.595768229166 -10160.946569430445 5845.4679243607961
leaf_weight=593 21 20 1951 1678 768 34 70 20 22 125 36 30 31 22
leaf_count=593 21 20 1951 1678 768 34 70 20 22 125 36 30 31 22
internal_value=-138.249 8537.32 -204.364 -704.455 950.212 2592.77 3444.53 -6171.42 -13864.2 513.514 2608 3260.98 2516.87 -4754.89
internal_weight=5421 41 5380 3754 1626 858 782 76 42 1803 712 654 624 58
internal_count=5421 41 5380 3754 1626 858 782 76 42 1803 712 654 624 58
is_linear=0
shrinkage=0.05


Tree=91
num_leaves=15
num_cat=0
split_feature=4 1 4 1 2 9 1 1 6 5 12 5 10 3
split_gain=1.03231e+12 8.73574e+11 8.22022e+11 1.2479e+12 2.36675e+12 1.49607e+12 2.49406e+12 3.10683e+12 1.58583e+12 1.39027e+12 4.24936e+12 3.02709e+12 1.72132e+12 1.36738e+12
threshold=884500.00000000012 515000.00000000006 3379833.333333334 3363500.0000000005 3398000.0000000005 1.0000000180025095e-35 3836000.0000000005 3578500.0000000005 12.500000000000002 1183217.3570780067 6.5000000000000009 1075028.9061197604 1.0000000180025095e-35 3416666.6666666674
decision_type=2 2 2 2 2 2 2 2 2 2 2 2 2 2
left_child=-1 -2 3 9 5 6 7 -5 -7 11 -11 -3 -12 -6
right_child=1 2 -4 4 13 8 -8 -9 -10 10 12 -13 -14 -15
leaf_value=-6226.3452836470169 6168.1863482245089 48.503605115377596 4444.4509818282777 -1025.1137765066965 -24165.642890625 -17919.415745907736 -10179.251438210229 24083.555584161935 -1091.3327985491071 -13410.206696428571 20513.780936316289 -14707.761380789621 4596.6604743303569 -5676.5758691406254
leaf_weight=66 58 4957 102 28 20 21 22 22 42 21 33 35 35 20
leaf_count=66 58 4957 102 28 20 21 22 22 42 21 33 35 35 20
internal_value=-10.9015 64.8406 -1.22775 -87.5023 -4238.84 -1073.72 3849.88 10022.7 -6700.69 55.4781 6249.7 -54.9558 12321.1 -14921.1
internal_weight=5482 5416 5358 5256 175 135 72 50 63 5081 89 4992 68 40
internal_count=5482 5416 5358 5256 175 135 72 50 63 5081 89 4992 68 40
is_linear=0
shrinkage=0.05


Tree=92
num_leaves=15
num_cat=0
split_feature=4 4 6 3 0 2 0 3 0 14 2 2 5 5
split_gain=1.05664e+12 9.17713e+11 1.97788e+12 7.51325e+11 7.73463e+11 1.1093e+12 8.23533e+11 2.30826e+12 1.05234e+12 6.40016e+11 9.77224e+11 7.3957e+11 6.2403e+11 6.0754e+11
threshold=884500.00000000012 3280833.3333333335 12.500000000000002 3332666.6666666674 3599000.0000000005 2417500.0000000005 3359500.0000000005 2995833.333333334 3260000.0000000005 1.0000000180025095e-35 3361500.0000000005 3196500.0000000005 330820.63649587525 728576.20254835952
decision_type=2 2 2 2 2 2 2 2 2 2 2 2 2 2
left_child=-1 3 -3 4 6 -6 8 -8 13 10 -4 -11 -13 -2
right_child=1 2 9 -5 5 -7 7 -9 -10 11 -12 12 -14 -15
leaf_value=-6095.8483605278861 -272.20805919802712 -10228.905974786932 16979.620511568512 -6773.5528355189736 -2991.6254101562499 12210.482903645834 -18624.712446732956 3017.7570870535715 8345.0107890361069 -4806.686204993207 4700.4025390625002 12562.12039155506 1069.9516655815974 1824.2845652971446
leaf_weight=72 4698 22 26 42 20 30 22 28 37 23 43 21 27 373
leaf_count=72 4698 22 26 42 20 30 22 28 37 23 43 21 27 373
internal_value=-78.6057 1.44629 3707.97 -112.926 -59.2117 6129.64 -119.204 -6504.93 -56.6973 5898.05 9327.35 2565.34 6097.78 -117.999
internal_weight=5484 5412 162 5250 5208 50 5158 50 5108 140 69 71 48 5071
internal_count=5484 5412 162 5250 5208 50 5158 50 5108 140 69 71 48 5071
is_linear=0
shrinkage=0.05


Tree=93
num_leaves=15
num_cat=0
split_feature=1 2 10 6 3 0 9 0 4 2 1 10 11 2
split_gain=1.69367e+12 8.39043e+11 1.72725e+12 2.75862e+12 2.73161e+12 1.82297e+12 1.65936e+12 1.54064e+12 1.34416e+12 1.04511e+12 2.76415e+12 3.35225e+12 1.44196e+12 2.40605e+12
threshold=4105500.0000000005 2514500.0000000005 -0.6830127018922193 17.500000000000004 3292833.333333334 3818000.0000000005 1.0000000180025095e-35 3548000.0000000005 3424250.0000000005 3452500.0000000005 3363500.0000000005 1.0000000180025095e-35 0.6830127018922193 3238500.0000000005
decision_type=2 2 2 2 2 2 2 2 2 2 2 2 2 2
left_child=1 -1 3 4 6 7 -3 8 9 12 11 -11 13 -4
right_child=-2 2 5 -5 -6 -7 -8 -9 -10 10 -12 -13 -14 -15
leaf_value=-406.03438750383447 11312.532403379499 -8703.4857633023657 3306.2113404485663 1628.5464232246832 -22778.094508870447 15459.073828125001 3836.0512111756866 -8670.2774643841913 14989.109150390625 13208.570725446429 -18120.911863111414 -7230.5434549534584 10.249953976192991 17136.291251148898
leaf_weight=4055 33 74 419 212 24 25 41 34 20 35 23 47 333 34
leaf_count=4055 33 74 419 212 24 25 41 34 20 35 23 47 333 34
internal_value=19.8086 -49.5106 1044.89 -1960.69 -7434.92 2132.48 -4232.87 1779.92 2169.94 1882.19 -2803.01 1493.47 2508.08 4344.23
internal_weight=5409 5376 1321 351 139 970 115 945 911 891 105 82 786 453
internal_count=5409 5376 1321 351 139 970 115 945 911 891 105 82 786 453
is_linear=0
shrinkage=0.05


Tree=94
num_leaves=15
num_cat=0
split_feature=0 6 9 6 0 0 5 11 5 13 11 5 1 1
split_gain=1.37431e+12 1.80785e+12 1.37754e+12 2.05373e+12 2.30956e+12 2.44045e+12 1.48398e+12 1.4603e+12 2.95409e+12 1.29216e+12 2.13668e+12 2.12786e+12 2.13633e+12 1.84711e+12
threshold=3240500.0000000005 7.5000000000000009 1.0000000180025095e-35 8.5000000000000018 1635500.0000000002 2362500.0000000005 172795.14194243224 0.6830127018922193 803630.46100590879 1.0000000180025095e-35 0.6830127018922193 557617.45190327766 2464500.0000000005 3192500.0000000005
decision_type=2 2 2 2 2 2 2 2 2 2 2 2 2 2
left_child=2 -2 6 4 -4 -6 -1 -8 -9 10 11 -5 -13 -14
right_child=1 -3 3 9 5 -7 7 8 -10 -11 -12 12 13 -15
leaf_value=-652.8203716663096 -10374.787992720172 4528.7182532504039 -16869.157144803779 -1438.1384204118149 7911.5168559412814 -13085.036171875001 889.53987428283699 2665.2328892167411 16896.228082985104 518.63389382599803 -4455.3382128596559 13945.157094678694 -11414.222869318182 8270.9530799278855
leaf_weight=1397 22 271 43 368 31 25 1400 240 43 964 473 51 22 26
leaf_count=1397 22 271 43 368 31 25 1400 240 43 964 473 51 22 26
internal_value=79.9558 3409.68 -111.98 -1132.68 -8153.97 -1461.94 551.805 1551.72 4827.54 -767.601 -2086.68 312.42 6819.54 -751.419
internal_weight=5376 293 5083 2003 99 56 3080 1683 283 1904 940 467 99 48
internal_count=5376 293 5083 2003 99 56 3080 1683 283 1904 940 467 99 48
is_linear=0
shrinkage=0.05


Tree=95
num_leaves=15
num_cat=0
split_feature=15 10 2 4 0 3 5 5 6 6 0 8 6 0
split_gain=8.98103e+11 1.96682e+12 4.09648e+12 2.40312e+12 4.92198e+12 3.04003e+12 2.67602e+12 2.55489e+12 2.87848e+12 2.35431e+12 2.64927e+12 2.05185e+12 2.38907e+12 1.89827e+12
threshold=1.0000000180025095e-35 -0.24999999999999994 2108500.0000000005 3047675.0000000005 2647500.0000000005 2882666.6666666674 523959.87454891362 926642.88910489483 12.500000000000002 17.500000000000004 2184500.0000000005 2.5000000000000004 7.5000000000000009 2100500.0000000005
decision_type=2 2 2 2 2 2 2 2 2 2 2 2 2 2
left_child=-1 2 11 4 6 -6 -4 -8 -9 -3 -11 12 -2 -13
right_child=1 9 3 -5 5 -7 7 8 -10 10 -12 13 -14 -15
leaf_value=117.91737304088163 13922.939352913789 -1992.0418360194726 -11336.805977470931 7493.3754657451927 -27634.048169642858 -3197.4027441406251 12492.45437153903 7291.8509840745191 -16990.981700067936 -5408.1243752872251 -24442.997691406254 4337.3956713867183 730.77982974781708 25621.082467373937
leaf_weight=4239 43 618 43 39 35 20 44 26 23 68 25 20 170 22
leaf_count=4239 43 618 43 39 35 20 44 26 23 68 25 20 170 22
internal_value=-223.486 -1433.52 1021.47 -3817.03 -6126.49 -18748 -1022.2 3746.92 -4106.21 -3108.17 -10525 5385.61 3393.99 15486
internal_weight=5435 1196 485 230 191 55 136 93 49 711 93 255 213 42
internal_count=5435 1196 485 230 191 55 136 93 49 711 93 255 213 42
is_linear=0
shrinkage=0.05


Tree=96
num_leaves=15
num_cat=0
split_feature=4 3 15 8 2 4 3 0 5 5 11 0 2 0
split_gain=8.21394e+11 1.38469e+12 6.88026e+11 2.24763e+12 4.11868e+12 2.46986e+12 2.45072e+12 2.24557e+12 2.19092e+12 2.59267e+12 4.68097e+12 3.67037e+12 3.36716e+12 2.95316e+12
threshold=1039750.0000000001 998500.00000000012 1.0000000180025095e-35 2.5000000000000004 1920000.0000000002 3117458.3333333335 1600166.6666666667 3509000.0000000005 101625.12553249717 728576.20254835952 -0.68301270189221952 2711500.0000000005 1721500.0000000002 2519500.0000000005
decision_type=2 2 2 2 2 2 2 2 2 2 2 2 2 2
left_child=-1 -2 -3 5 6 8 -5 -7 -4 13 -11 -12 -13 -10
right_child=1 2 3 4 -6 7 -8 -9 9 10 11 12 -14 -15
leaf_value=-3307.3892915411307 10021.2822265625 342.46135455905682 13323.656892903648 2157.4138774671055 -1987.0430631801062 -23175.406636868993 18931.353056066178 -1470.6205544211648 -2210.8028541893295 -12964.121588264628 631.83387506338272 1678.7926285282258 23755.684145883413 -11507.245704468893
leaf_weight=182 35 4101 24 38 140 26 51 22 395 47 195 31 39 109
leaf_count=182 35 4101 24 38 140 26 51 22 395 47 195 31 39 109
internal_value=-5.10883 109.305 42.8198 -1057.3 3359.37 -2196.28 11769.4 -13227.4 -1565.93 -2003.86 1578.23 4157.44 13978.8 -4221.34
internal_weight=5435 5253 5218 1117 229 888 89 48 840 816 312 265 70 504
internal_count=5435 5253 5218 1117 229 888 89 48 840 816 312 265 70 504
is_linear=0
shrinkage=0.05


Tree=97
num_leaves=15
num_cat=0
split_feature=2 11 3 5 8 1 3 5 10 5 5 15 13 5
split_gain=1.02946e+12 1.0702e+12 1.65714e+12 1.49651e+12 1.62097e+12 2.22404e+12 1.01686e+12 1.84011e+12 1.69394e+12 9.15533e+11 9.03119e+11 8.27209e+11 1.18306e+12 7.9453e+11
threshold=1473500.0000000002 -0.68301270189221952 1448333.3333333337 926642.88910489483 1.5000000000000002 2473500.0000000005 2254833.3333333335 952945.56974290218 -0.24999999999999994 417625.82452110416 268511.32802519435 1.0000000180025095e-35 1.0000000180025095e-35 443187.65628229332
decision_type=2 2 2 2 2 2 2 2 2 2 2 2 2 2
left_child=6 2 -2 4 11 -6 7 13 -9 10 -7 12 -4 -1
right_child=1 -3 3 -5 5 9 -8 8 -10 -11 -12 -13 -14 -15
leaf_value=-1180.185926942476 16235.221826171875 -202.99464051534383 8806.3188107299811 -9896.8912688078708 1885.2437713390091 16589.10840692935 -11158.734167028357 16878.654048978366 -1542.2996622721355 21966.107688598633 3106.2569155092592 -8680.1851992187494 -388.35190499965438 -4879.6753250959982
leaf_weight=901 20 3669 40 27 131 23 27 26 24 20 27 25 279 173
leaf_count=901 20 3669 40 27 131 23 27 26 24 20 27 25 279 173
internal_value=-243.104 115.303 2088 1593.34 2162.58 5729.89 -1569.93 -1339.59 8036.6 12924.9 9308.37 78.1917 764.585 -1776.1
internal_weight=5412 4261 592 572 545 201 1151 1124 50 70 50 344 319 1074
internal_count=5412 4261 592 572 545 201 1151 1124 50 70 50 344 319 1074
is_linear=0
shrinkage=0.05


Tree=98
num_leaves=15
num_cat=0
split_feature=4 2 2 2 1 0 0 0 10 1 1 0 5 0
split_gain=9.07841e+11 1.68007e+12 1.36304e+12 1.47115e+12 2.78225e+12 1.37193e+12 9.67159e+11 1.07519e+12 7.58825e+11 2.53593e+12 2.19456e+12 1.24342e+12 1.87406e+12 2.1345e+12
threshold=1920333.3333333337 2686500.0000000005 2435500.0000000005 2251500.0000000005 1622500.0000000002 2418500.0000000005 2312500.0000000005 2231500.0000000005 -0.6830127018922193 1702500.0000000002 3952500.0000000005 3933000.0000000005 763456.49977629853 1950500.0000000002
decision_type=2 2 2 2 2 2 2 2 2 2 2 2 2 2
left_child=1 2 3 5 -5 6 7 -1 9 -2 -10 12 -11 -14
right_child=8 -3 -4 4 -6 -7 -8 -9 10 11 -12 -13 13 -15
leaf_value=-811.9184781324235 13378.522490234376 -15248.630610351562 10917.237449218752 -23034.552990141368 2137.6334500520129 9322.5029842601107 -11742.75408203125 9827.6105061848957 795.37906397433358 -1080.263901706169 17034.590327380953 9743.7858072916679 1994.538318452381 -18169.100675223217
leaf_weight=2238 30 20 25 21 23 34 20 24 2235 659 21 24 21 35
leaf_count=2238 30 20 25 21 23 34 20 24 2235 659 21 24 21 35
internal_value=-92.2697 -817.34 -696.323 -819.348 -9876.36 -647.28 -795.822 -699.032 484.191 -872.198 946.542 -1450.71 -1826.47 -10607.7
internal_weight=5430 2405 2385 2360 44 2316 2282 2262 3025 769 2256 739 715 56
internal_count=5430 2405 2385 2360 44 2316 2282 2262 3025 769 2256 739 715 56
is_linear=0
shrinkage=0.05


Tree=99
num_leaves=15
num_cat=0
split_feature=4 6 10 12 0 10 6 2 4 6 10 0 4 5
split_gain=1.00306e+12 1.24354e+12 2.17682e+12 2.79208e+12 1.44508e+12 1.28979e+12 2.7351e+12 1.28458e+12 3.61194e+12 1.28302e+12 1.22783e+12 1.02881e+12 1.01852e+12 9.94321e+11
threshold=2211166.6666666674 10.500000000000002 -0.93301270189221908 19.500000000000004 2293500.0000000005 -0.5 8.5000000000000018 3504000.0000000005 2763458.3333333335 18.500000000000004 -0.24999999999999994 1742500.0000000002 3117458.3333333335 671246.81783403049
decision_type=2 2 2 2 2 2 2 2 2 2 2 2 2 2
left_child=-1 2 -2 4 11 -6 -7 12 -9 -10 -11 -4 13 -3
right_child=1 7 3 -5 5 6 -8 8 9 10 -12 -13 -14 -15
leaf_value=-452.15886820874607 -10131.806976873224 218.96164177944917 9129.2275204613088 -7641.7310504781799 14532.906494140625 -6542.5693893041371 12859.428584603702 -23288.651869419642 -7134.183498418899 11368.899231770834 -3189.4975132533486 24601.378646573154 4801.1196566330755 5360.7814821166994
leaf_weight=3302 22 1573 21 29 32 39 34 21 42 30 28 22 152 100
leaf_count=3302 22 1573 21 29 32 39 34 21 42 30 28 22 152 100
internal_value=94.7049 936.544 4701.24 6544.9 9324.71 6162.98 2493.98 551.561 -4437.49 -478.747 4340.71 17045.2 882.342 526.303
internal_weight=5447 2145 199 177 148 105 73 1946 121 100 58 43 1825 1673
internal_count=5447 2145 199 177 148 105 73 1946 121 100 58 43 1825 1673
is_linear=0
shrinkage=0.05


Tree=100
num_leaves=15
num_cat=0
split_feature=5 11 10 13 0 5 3 3 3 3 6 10 5 6
split_gain=1.05661e+12 1.15536e+12 3.12557e+12 1.92003e+12 1.91392e+12 3.28739e+12 1.23342e+12 1.28735e+12 1.19054e+12 1.92112e+12 1.61769e+12 1.4638e+12 1.43574e+12 9.62675e+11
threshold=176418.0640560959 -0.68301270189221952 1.0000000180025095e-35 1.0000000180025095e-35 1027000.0000000001 566742.13418279507 2447833.3333333335 1835666.6666666667 1110500.0000000002 1341000.0000000002 12.500000000000002 0.25000000000000011 399452.46041293634 12.500000000000002
decision_type=2 2 2 2 2 2 2 2 2 2 2 2 2 2
left_child=-1 2 3 6 -4 -6 7 -2 10 12 11 -3 -10 -14
right_child=1 8 4 -5 5 -7 -8 -9 9 -11 -12 -13 13 -15
leaf_value=-671.36391698814703 15722.136072716348 21441.381152343751 13253.667398437501 829.86526831054698 1375.6244903705087 -13209.7900390625 21726.442368861608 2610.2365532769099 267.52556651722301 409.77159267240296 -2380.5823041130516 4461.2801969401044 -16954.925345982145 -3953.3452426910403
leaf_weight=2449 39 22 25 50 217 47 28 36 44 2327 34 30 35 24
leaf_count=2449 39 22 25 50 217 47 28 36 44 2327 34 30 35 24
internal_value=96.801 732.783 3090.4 8869.06 31.1144 -1221.02 12771.6 9428.42 318.607 113.995 6100.1 11645.2 -6568.27 -11666.1
internal_weight=5407 2958 442 153 289 264 103 75 2516 2430 86 52 103 59
internal_count=5407 2958 442 153 289 264 103 75 2516 2430 86 52 103 59
is_linear=0
shrinkage=0.05


Tree=101
num_leaves=15
num_cat=0
split_feature=1 4 1 5 12 2 2 1 4 14 1 8 4 2
split_gain=1.35599e+12 9.37661e+11 1.58717e+12 2.42178e+12 2.01849e+12 8.74601e+11 1.49724e+12 6.05767e+11 1.92672e+12 1.71347e+12 3.96255e+12 2.37354e+12 9.10934e+11 2.35525e+12
threshold=4105500.0000000005 1189833.3333333337 869500.00000000012 1517799.4650754521 7.5000000000000009 2302500.0000000005 1810500.0000000002 3402500.0000000005 2824583.333333334 1.0000000180025095e-35 3529500.0000000005 1.5000000000000002 2490000.0000000005 3216500.0000000005
decision_type=2 2 2 2 2 2 2 2 2 2 2 2 2 2
left_child=1 -1 4 7 -3 6 -6 12 -9 10 -10 -12 13 -4
right_child=-2 2 3 -5 5 -7 -8 8 9 -11 11 -13 -14 -15
leaf_value=-2603.3332639995374 9732.151176409041 -6669.2881491921162 -173.35581827527301 -13192.266512276787 14373.005398995538 18948.736328125 -3538.946044921875 -14202.689635836694 -11966.223200871395 -7305.6355938946763 3373.6871122472426 24450.819664417617 1373.2654960097782 -17378.294160156249
leaf_weight=361 35 22 3672 35 28 22 20 31 26 54 34 22 1099 20
leaf_count=361 35 22 3672 35 28 22 20 31 26 54 34 22 1099 20
internal_value=-77.9584 -141.005 33.8029 -86.1056 6541.45 10693.4 6909.69 6.41473 -2953.81 -389.726 4164.65 11654 109.599 -266.557
internal_weight=5481 5446 5085 4993 92 70 48 4958 167 136 82 56 4791 3692
internal_count=5481 5446 5085 4993 92 70 48 4958 167 136 82 56 4791 3692
is_linear=0
shrinkage=0.05


Tree=102
num_leaves=15
num_cat=0
split_feature=5 6 4 1 4 5 6 0 8 0 8 5 11 12
split_gain=1.48398e+12 1.41208e+12 1.21218e+12 1.66636e+12 1.9745e+12 1.89804e+12 2.2614e+12 1.19059e+12 2.382e+12 2.65921e+12 2.30983e+12 1.60421e+12 3.2821e+12 2.42709e+12
threshold=671246.81783403049 3.5000000000000004 1767500.0000000002 1464500.0000000002 1874416.6666666667 557617.45190327766 16.500000000000004 1950500.0000000002 2.5000000000000004 2875500.0000000005 2.5000000000000004 1128702.3868164581 0.25000000000000017 13.500000000000002
decision_type=2 2 2 2 2 2 2 2 2 2 2 2 2 2
left_child=2 -2 -1 4 -4 -5 -7 10 9 -9 -3 12 -11 -13
right_child=1 7 3 5 -6 6 -8 8 -10 11 -12 13 -14 -15
leaf_value=-1185.6955533714799 15407.00532110305 8033.937304998507 -2106.5291934204101 558.09063316848278 18621.140217194734 -11329.300814610311 3021.1068681196734 -7297.447492794875 8509.110356616975 21795.709331597223 -4213.8303232230392 -14748.494495738636 -4560.0160156250004 8481.2087635869575
leaf_weight=1739 21 157 20 3018 27 73 44 123 64 27 51 22 21 23
leaf_count=1739 21 157 20 3018 27 73 44 123 64 27 51 22 21 23
internal_value=141.66 2711.77 -124.177 455.955 9800.86 315.856 -5932.57 2165.46 36.8634 -2473.43 5030.88 3906.72 10265.1 -2875.54
internal_weight=5430 509 4921 3182 47 3135 117 488 280 216 208 93 48 45
internal_count=5430 509 4921 3182 47 3135 117 488 280 216 208 93 48 45
is_linear=0
shrinkage=0.05


Tree=103
num_leaves=15
num_cat=0
split_feature=1 1 1 3 0 4 4 5 12 3 0 15 5 3
split_gain=8.3275e+11 1.25039e+12 1.05868e+12 1.15686e+12 1.1726e+12 2.23955e+12 2.33518e+12 1.76938e+12 1.40587e+12 1.08669e+12 1.08391e+12 8.87781e+11 8.01254e+11 1.83994e+12
threshold=4105500.0000000005 3836000.0000000005 3636000.0000000005 3500666.6666666674 3260000.0000000005 2473450.0000000005 2751750.0000000005 877521.3196407893 12.500000000000002 3195000.0000000005 3548000.0000000005 1.0000000180025095e-35 1075028.9061197604 2070500.0000000002
decision_type=2 2 2 2 2 2 2 2 2 2 2 2 2 2
left_child=1 2 3 4 12 -6 -7 8 9 -8 -10 -4 -1 -14
right_child=-2 -3 11 -5 5 6 7 -9 10 -11 -12 -13 13 -15
leaf_value=-92.92685682918102 8251.9165820312501 -9388.8558119032132 973.85317046066814 -9170.3839676339285 18812.63299005682 -11621.923390480326 1714.9096772292564 18206.658320312501 2394.1451547017909 16098.144037882486 -10656.310949707033 13831.186862304688 1271.3857992682661 -10790.371143434759
leaf_weight=4933 30 36 29 35 22 27 29 20 41 24 26 25 71 57
leaf_count=4933 30 36 29 35 22 27 29 20 41 24 26 25 71 57
internal_value=-55.3509 -101.717 -39.0954 -110.265 -49.8644 3816.95 1841.47 4437.98 2143.2 8228.07 -2670.21 6926.32 -194.268 -4099.87
internal_weight=5405 5375 5339 5285 5250 189 167 140 120 53 67 54 5061 128
internal_count=5405 5375 5339 5285 5250 189 167 140 120 53 67 54 5061 128
is_linear=0
shrinkage=0.05


Tree=104
num_leaves=15
num_cat=0
split_feature=15 12 8 11 3 1 3 3 4 0 0 1 6 3
split_gain=7.92549e+11 1.85621e+12 2.25196e+12 3.09828e+12 2.2124e+12 1.94401e+12 2.99087e+12 4.59956e+12 3.31921e+12 2.46761e+12 2.61709e+12 1.84549e+12 3.17252e+12 3.20004e+12
threshold=1.0000000180025095e-35 11.500000000000002 2.5000000000000004 -0.68301270189221952 2134500.0000000005 3578500.0000000005 2638666.6666666674 2882666.6666666674 2967750.0000000005 2809500.0000000005 2592500.0000000005 2490500.0000000005 7.5000000000000009 1672166.6666666667
decision_type=2 2 2 2 2 2 2 2 2 2 2 2 2 2
left_child=-1 11 5 -4 -5 6 9 -8 -9 10 -3 12 -2 -14
right_child=1 2 3 4 -6 -7 7 8 -10 -11 -12 -13 13 -15
leaf_value=227.90287322765832 4447.7480078125 -251.87270121358748 23041.030200726054 10921.208181762697 -3377.0171705676667 10882.967768258761 -26922.556828962053 10560.337394831731 -16533.141289062503 13063.304379734849 -18787.657773437499 1316.7733336588544 -2144.3799160688354 -12103.665783252831
leaf_weight=4189 70 398 23 48 62 33 28 26 20 33 20 150 156 167
leaf_count=4189 70 398 23 48 62 33 28 26 20 33 20 150 156 167
internal_value=-100.166 -1213.85 505.195 6351.78 2862.21 -888.346 -1628.26 -10944.9 -1219.44 -99.5775 -1138.75 -3401.43 -5202.27 -7293.61
internal_weight=5423 1234 691 133 110 558 525 74 46 451 418 543 393 323
internal_count=5423 1234 691 133 110 558 525 74 46 451 418 543 393 323
is_linear=0
shrinkage=0.05


Tree=105
num_leaves=15
num_cat=0
split_feature=4 9 13 11 3 4 1 1 4 14 4 0 0 1
split_gain=8.59404e+11 8.40125e+11 2.2961e+12 1.82633e+12 1.79027e+12 1.32871e+12 1.42672e+12 1.8437e+12 1.32549e+12 1.36888e+12 1.28927e+12 1.22116e+12 1.21874e+12 1.68726e+12
threshold=884500.00000000012 1.0000000180025095e-35 1.0000000180025095e-35 0.6830127018922193 1341000.0000000002 3379833.333333334 3836000.0000000005 3578500.0000000005 2904333.3333333335 1.0000000180025095e-35 2670416.6666666674 3289500.0000000005 2246500.0000000005 1113500.0000000002
decision_type=2 2 2 2 2 2 2 2 2 2 2 2 2 2
left_child=-1 5 3 4 -3 6 7 -2 10 -10 12 -4 13 -5
right_child=1 2 11 8 -6 -7 -8 -9 9 -11 -12 -13 -14 -15
leaf_value=-5528.4140792410717 417.23973679872182 -10945.599706371411 746.959574523279 8312.6313201904304 425.36853131555313 8900.0794672539905 -11013.381148726854 13539.015071614585 -20149.907195312502 -5557.5331163194451 4964.3683785574785 12402.554887058424 -8473.3967745694245 -3800.2685324301565
leaf_weight=70 3139 37 979 32 537 47 27 27 25 45 42 23 121 283
leaf_count=70 3139 37 979 32 537 47 27 27 25 45 42 23 121 283
internal_value=-24.0883 47.743 -725.103 -2278.65 -307.603 554.386 431.54 529.144 -4343.22 -10769.1 -3402.2 1014.5 -4208.15 -2569.75
internal_weight=5434 5364 2124 1122 574 3240 3193 3166 548 70 478 1002 436 315
internal_count=5434 5364 2124 1122 574 3240 3193 3166 548 70 478 1002 436 315
is_linear=0
shrinkage=0.05


Tree=106
num_leaves=15
num_cat=0
split_feature=2 1 0 0 4 10 11 13 2 1 5 1 0 4
split_gain=8.13312e+11 8.97913e+11 2.13427e+12 4.15834e+12 2.76776e+12 6.23773e+11 1.23744e+12 1.75454e+12 1.148e+12 3.00169e+12 1.84745e+12 1.42031e+12 1.60136e+12 2.24167e+12
threshold=268000.00000000006 1291500.0000000002 2381500.0000000005 2833000.0000000005 1861000.0000000002 -0.6830127018922193 0.25000000000000017 1.0000000180025095e-35 2900500.0000000005 2229500.0000000005 803630.46100590879 2524500.0000000005 2109500.0000000005 2692066.6666666674
decision_type=2 2 2 2 2 2 2 2 2 2 2 2 2 2
left_child=-1 2 4 -4 -2 6 -3 -8 -7 10 -10 -11 -13 -14
right_child=1 5 3 -5 -6 8 7 -9 9 11 -12 12 13 -15
leaf_value=9685.7169735863099 -1799.2617630519519 450.11677990619319 -26773.872159830731 2087.8715745192308 12631.443150111607 73.49622289211645 -5577.4165508528404 428.58312313897272 3463.1398829460145 -7538.2073242187507 23676.250721153847 -8867.5055512526942 16663.352554216057 2105.5906599527998
leaf_weight=21 656 694 24 26 35 3041 266 224 20 40 26 29 29 300
leaf_count=21 656 694 24 26 35 3041 266 224 20 40 26 29 29 300
internal_value=-135.102 -173.223 -1790.15 -11765.8 -1068.33 83.394 -908.116 -2831.82 420.251 2795.21 14887.9 1397.56 2395.97 3388.8
internal_weight=5431 5410 741 50 691 4669 1184 490 3485 444 46 398 358 329
internal_count=5431 5410 741 50 691 4669 1184 490 3485 444 46 398 358 329
is_linear=0
shrinkage=0.05


Tree=107
num_leaves=15
num_cat=0
split_feature=2 5 5 10 1 6 0 3 1 5 6 10 10 1
split_gain=8.03624e+11 7.66319e+11 9.67861e+11 2.28791e+12 3.84181e+12 2.17402e+12 1.86043e+12 1.75204e+12 1.68794e+12 1.16098e+12 2.27672e+12 9.77042e+11 1.54007e+12 2.18729e+12
threshold=268000.00000000006 1823964.3971188597 926642.88910489483 -0.5 3067500.0000000005 13.500000000000002 2109500.0000000005 2027500.0000000002 2267000.0000000005 843111.69620012271 10.500000000000002 -0.6830127018922193 -0.24999999999999994 3458500.0000000005
decision_type=2 2 2 2 2 2 2 2 2 2 2 2 2 2
left_child=-1 2 9 5 6 7 8 -4 -5 11 -11 -2 13 -13
right_child=1 -3 3 4 -6 -7 -8 -9 -10 10 -12 12 -14 -15
leaf_value=9997.8821582031251 -1236.1448779729699 9726.1345410156264 -4513.377263849432 12873.869506835938 -23849.526841517858 -8969.225498383621 -8824.7603630065914 12418.7526328125 -5514.4255208333343 15663.787063419119 -2917.7796630859375 1950.5220874492145 -119.78620941757659 18707.947607421876
leaf_weight=20 1248 20 22 26 28 29 64 50 24 34 32 739 3113 20
leaf_count=20 1248 20 22 26 28 29 64 50 24 34 32 739 3113 20
internal_value=-6.3978 -43.1175 -79.1066 -3163.21 -7254.91 2589.46 -3179.04 7245.05 4047.49 65.4052 6654.54 -19.5329 372.598 2392.09
internal_weight=5469 5449 5429 243 142 101 114 72 50 5186 66 5120 3872 759
internal_count=5469 5449 5429 243 142 101 114 72 50 5186 66 5120 3872 759
is_linear=0
shrinkage=0.05


Tree=108
num_leaves=15
num_cat=0
split_feature=4 1 0 1 10 8 0 0 5 4 0 2 6 2
split_gain=5.96985e+11 1.05454e+12 1.77079e+12 1.91233e+12 1.32961e+12 2.16188e+12 7.90017e+11 7.79547e+11 1.23647e+12 7.69611e+11 7.5705e+11 9.20258e+11 1.47969e+12 8.71705e+11
threshold=3379833.333333334 3363500.0000000005 2270500.0000000005 3636000.0000000005 -0.6830127018922193 1.5000000000000002 3676000.0000000005 3548000.0000000005 330820.63649587525 2915083.3333333335 3548000.0000000005 3706000.0000000005 12.500000000000002 3504000.0000000005
decision_type=2 2 2 2 2 2 2 2 2 2 2 2 2 2
left_child=1 6 3 -3 -4 -6 10 8 -2 -8 11 13 -13 -1
right_child=7 2 4 -5 5 -7 9 -9 -10 -11 -12 12 -14 -15
leaf_value=175.89715580228125 18049.504287109376 -7405.5974218749998 -13795.185523522419 12993.145459888599 7909.4595528738837 -10026.752389090403 1040.3170043945313 -659.52054332386365 1771.9470110212053 12884.878620465597 -9563.3887237548824 17455.623582763674 -487.88594473379629 -7425.6125642475326
leaf_weight=5022 20 20 46 27 28 42 32 44 28 24 20 20 27 38
leaf_count=5022 20 20 46 27 28 42 32 44 28 24 20 20 27 38
internal_value=154.18 85.4558 -3874.44 4312.83 -7191.7 -2852.27 209.991 4147.67 8554.26 6116.56 145.476 183.498 7147.65 118.811
internal_weight=5438 5346 163 47 116 70 5183 92 48 56 5127 5107 47 5060
internal_count=5438 5346 163 47 116 70 5183 92 48 56 5127 5107 47 5060
is_linear=0
shrinkage=0.05


Tree=109
num_leaves=15
num_cat=0
split_feature=2 1 0 5 10 2 2 5 5 0 10 12 0 11
split_gain=9.38186e+11 8.38939e+11 2.21481e+12 2.44726e+12 1.42956e+12 2.55951e+12 7.35619e+11 9.397e+11 1.67819e+12 1.18727e+12 1.12074e+12 2.26451e+12 5.07302e+11 2.17224e+12
threshold=268000.00000000006 1291500.0000000002 2115500.0000000005 843111.69620012271 0.25000000000000011 2092500.0000000002 1941500.0000000002 363089.74006154737 411389.00232732639 870500.00000000012 -0.24999999999999994 17.500000000000004 1027000.0000000001 0.25000000000000017
decision_type=2 2 2 2 2 2 2 2 2 2 2 2 2 2
left_child=-1 2 3 6 5 -4 7 9 -9 -2 -10 -12 13 -3
right_child=1 12 4 -5 -6 -7 -8 8 10 -11 11 -13 -14 -15
leaf_value=10503.165913318453 -9031.5550322910531 11099.54208026961 -2673.2692000679349 12317.078903467516 71.41500651041666 -25571.181048114486 -9531.5529473198785 16343.906308593751 8380.6592529296886 -1115.8341097570856 -14086.437687767877 7805.6036551339294 78.111253252354544 -2882.8825021212219
leaf_weight=21 53 51 23 34 24 26 27 20 26 446 27 21 4576 61
leaf_count=21 53 51 23 34 24 26 27 20 26 446 27 21 4576 61
internal_value=-44.6917 -85.5975 -1665.98 -743.955 -9926.33 -14823.2 -1460.21 -1092.71 3493.18 -1956.58 20.0135 -4508.67 159.483 3484.11
internal_weight=5436 5415 727 654 73 49 620 593 94 499 74 48 4688 112
internal_count=5436 5415 727 654 73 49 620 593 94 499 74 48 4688 112
is_linear=0
shrinkage=0.05


Tree=110
num_leaves=15
num_cat=0
split_feature=4 1 4 0 0 12 0 15 0 4 6 9 13 5
split_gain=1.09943e+12 7.86553e+11 1.11079e+12 7.55299e+11 5.87657e+11 1.60526e+12 3.07663e+12 1.27914e+12 7.03182e+11 5.9196e+11 7.62454e+11 4.43996e+11 1.24044e+12 1.38982e+12
threshold=3379833.333333334 3260000.0000000005 3478166.6666666674 4060000.0000000005 3359500.0000000005 13.500000000000002 3548000.0000000005 1.0000000180025095e-35 3260000.0000000005 973500.00000000012 12.500000000000002 1.0000000180025095e-35 1.0000000180025095e-35 1334748.3847396513
decision_type=2 2 2 2 2 2 2 2 2 2 2 2 2 2
left_child=3 -2 -3 4 8 6 -6 -7 9 10 -1 -11 13 -13
right_child=1 2 -4 -5 5 7 -8 -9 -10 11 -12 12 -14 -15
leaf_value=4541.58489453125 -1551.6837858072918 16856.330135091146 3635.4546594498006 9434.6381417410721 -9212.329610392253 -1639.073183001894 12911.489500473486 -15360.266736537391 6620.6139648437502 434.00554873131841 -5148.3485916702839 -1989.0898600857047 773.16953953107202 10439.237831182065
leaf_weight=25 30 24 47 21 30 33 33 35 40 3035 108 1023 960 23
leaf_count=25 30 24 47 21 30 33 33 35 40 3035 108 1023 960 23
internal_value=68.0559 5236.31 8104.48 -29.2222 -66.4048 -3373.97 2376.34 -8701.45 16.6965 -34.3581 -3326.93 52.512 -524.673 -1715.81
internal_weight=5467 101 71 5366 5345 131 63 68 5214 5174 133 5041 2006 1046
internal_count=5467 101 71 5366 5345 131 63 68 5214 5174 133 5041 2006 1046
is_linear=0
shrinkage=0.05


Tree=111
num_leaves=15
num_cat=0
split_feature=11 13 10 1 3 3 3 0 6 0 6 1 15 5
split_gain=1.2234e+12 2.43016e+12 1.36016e+12 1.78385e+12 1.59527e+12 1.61542e+12 1.4059e+12 1.31899e+12 1.32407e+12 9.6926e+11 7.70747e+11 2.00291e+12 7.66774e+11 1.60733e+12
threshold=-0.68301270189221952 1.0000000180025095e-35 0.25000000000000011 3102500.0000000005 2303166.666666667 2036833.3333333337 1783833.3333333337 1142500.0000000002 11.500000000000002 1757500.0000000002 18.500000000000004 1450000.0000000002 1.0000000180025095e-35 163347.78760844763
decision_type=2 2 2 2 2 2 2 2 2 2 2 2 2 2
left_child=1 2 3 7 5 6 -4 -1 9 -9 11 -10 -2 -14
right_child=12 -3 4 -5 -6 -7 -8 8 10 -11 -12 -13 13 -15
leaf_value=15967.035659555288 85.003061551793607 -1070.216453972015 -3060.0431640625002 20088.934409679066 10125.828601074219 -14336.294427224864 12185.50235725403 -11887.0632421875 22091.008729137073 3163.2485818614132 2231.2575025921774 5261.2734542507606 -8667.9490003797746 -922.24334285100304
leaf_weight=26 3565 376 62 22 32 23 20 20 22 23 84 90 72 960
leaf_count=26 3565 376 62 22 32 23 20 20 22 23 84 90 72 960
internal_value=51.607 1856.17 4451.26 6407.86 352.402 -2626.17 658.383 5272.07 4108.6 -3836.9 5851.75 8567.11 -262.434 -1462.64
internal_weight=5397 800 424 287 137 105 82 265 239 43 196 112 4597 1032
internal_count=5397 800 424 287 137 105 82 265 239 43 196 112 4597 1032
is_linear=0
shrinkage=0.05


Tree=112
num_leaves=15
num_cat=0
split_feature=1 1 11 1 15 4 6 4 4 4 15 2 4 12
split_gain=1.93833e+12 1.88125e+12 1.35837e+12 1.43457e+12 1.8363e+12 1.01533e+12 3.39509e+12 3.90926e+12 2.22186e+12 2.36644e+12 2.00825e+12 2.17343e+12 2.52085e+12 3.03033e+12
threshold=4105500.0000000005 3458500.0000000005 -0.24999999999999994 3636000.0000000005 1.0000000180025095e-35 2372416.6666666674 9.5000000000000018 2529083.3333333335 2661250.0000000005 3016333.3333333335 1.0000000180025095e-35 1941500.0000000002 2714750.0000000005 13.500000000000002
decision_type=2 2 2 2 2 2 2 2 2 2 2 2 2 2
left_child=1 5 -3 4 -4 -1 7 -7 -9 -10 -8 -12 13 -13
right_child=-2 2 3 -5 -6 6 10 8 9 -11 11 12 -14 -15
leaf_value=-383.50835946557288 13073.983844866072 4082.3723655963768 -5783.5145117187503 -3078.4844523415636 -24338.996191406251 25055.590302734374 1218.76342276542 -10559.627962493898 16300.220127085093 -5046.8981542968759 8017.4774693080362 -5230.8325434027784 189.2971404044859 -25746.187070312502
leaf_weight=3823 28 29 30 67 24 30 1162 20 37 20 28 45 62 30
leaf_count=3823 28 29 30 67 24 30 1162 20 37 20 28 45 62 30
internal_value=-47.5236 -115.473 -5636.74 -7966.11 -14030.4 42.0675 1176.64 9744.35 3778.93 8810 485.799 -4676.04 -7270.34 -13437
internal_weight=5435 5407 150 121 54 5257 1434 107 77 57 1327 165 137 75
internal_count=5435 5407 150 121 54 5257 1434 107 77 57 1327 165 137 75
is_linear=0
shrinkage=0.05


Tree=113
num_leaves=15
num_cat=0
split_feature=11 8 5 2 0 12 14 0 4 12 2 14 13 5
split_gain=9.36605e+11 2.34553e+12 3.10906e+12 2.25979e+12 1.81776e+12 1.46836e+12 1.41111e+12 4.00951e+12 3.54221e+12 6.00888e+12 2.24887e+12 1.29362e+12 1.12981e+12 1.0379e+12
threshold=-0.24999999999999994 1.5000000000000002 900811.7069039304 3173000.0000000005 1929500.0000000002 12.500000000000002 1.0000000180025095e-35 2573500.0000000005 2217083.3333333335 11.500000000000002 1672500.0000000002 1.0000000180025095e-35 1.0000000180025095e-35 451092.18899538863
decision_type=2 2 2 2 2 2 2 2 2 2 2 2 2 2
left_child=1 11 3 6 -4 -6 7 8 9 -3 -11 13 -2 -1
right_child=12 2 4 -5 5 -7 -8 -9 -10 10 -12 -13 -14 -15
leaf_value=-500.83007469053865 -1149.3427819534127 -7934.5748276654413 5539.1691685267861 21254.942561035157 -22399.910947265627 -4379.5249098557697 2503.1116423456297 -5648.5117538060904 32031.754492187501 9910.1689424402575 29444.661677433895 4829.1541357878214 571.94755342551832 -6877.4675335428001
leaf_weight=849 2008 34 21 20 20 26 380 39 20 34 26 107 1815 69
leaf_count=849 2008 34 21 20 20 26 380 39 20 34 26 107 1815 69
internal_value=97.108 1094.7 3522.28 4754.71 -6649.9 -12214.5 4135.57 8190.03 12924.3 8858.84 18375.1 -373.688 -332.146 -980.12
internal_weight=5468 1645 620 553 67 46 533 153 114 94 60 1025 3823 918
internal_count=5468 1645 620 553 67 46 533 153 114 94 60 1025 3823 918
is_linear=0
shrinkage=0.05


Tree=114
num_leaves=15
num_cat=0
split_feature=0 4 1 10 3 2 0 4 1 6 11 2 4 3
split_gain=6.99397e+11 1.14125e+12 1.11433e+12 2.53179e+12 2.03669e+12 1.25443e+12 1.04375e+12 7.32285e+11 6.93528e+11 7.68353e+11 2.57941e+12 1.52087e+12 6.48166e+11 1.97885e+12
threshold=1696500.0000000002 1459166.6666666667 2524500.0000000005 1.0000000180025095e-35 2009500.0000000002 2526500.0000000005 1468500.0000000002 1529083.3333333337 1817500.0000000002 14.500000000000002 0.25000000000000017 1920000.0000000002 1466666.6666666667 1300333.3333333337
decision_type=2 2 2 2 2 2 2 2 2 2 2 2 2 2
left_child=2 -2 4 5 8 -4 -6 -3 12 10 -10 -12 -1 -14
right_child=1 7 3 -5 6 -7 -8 -9 9 -11 11 -13 13 -15
leaf_value=-1403.5199605111516 9119.9326219346785 -6824.8470228040551 10278.617666480655 -16302.344013935812 17713.962162642045 -6806.0606400923298 1931.8138964843752 245.97113815626949 3864.9601924773183 -1469.0971463430496 -6935.1417759486612 -24735.341666666667 14822.68885498047 157.77695244744368
leaf_weight=850 36 37 21 37 22 22 20 3536 31 168 28 21 24 554
leaf_count=850 36 37 21 37 22 22 20 3536 31 168 28 21 24 554
internal_value=-139.381 261.998 -945.042 -6713.36 -676.436 1537.62 10198.7 172.75 -948.962 -3389.6 -7422.65 -14563.8 -525.097 766.701
internal_weight=5407 3609 1798 80 1718 43 42 3573 1676 248 80 49 1428 578
internal_count=5407 3609 1798 80 1718 43 42 3573 1676 248 80 49 1428 578
is_linear=0
shrinkage=0.05


Tree=115
num_leaves=15
num_cat=0
split_feature=5 6 0 3 6 10 4 0 0 5 10 1 2 5
split_gain=4.78702e+11 1.11454e+12 1.91083e+12 1.03086e+12 2.491e+12 1.39043e+12 9.11371e+11 7.96627e+11 2.31214e+12 3.16476e+12 1.32955e+12 2.27094e+12 2.23149e+12 1.60071e+12
threshold=176418.0640560959 20.500000000000004 3509000.0000000005 1110500.0000000002 14.500000000000002 -0.5 1160316.6666666667 2741000.0000000005 2797500.0000000005 298395.12838759291 -0.6830127018922193 3529500.0000000005 3173000.0000000005 745143.3847687674
decision_type=2 2 2 2 2 2 2 2 2 2 2 2 2 2
left_child=-1 3 -3 4 5 -2 -7 -5 9 -9 11 13 -12 -10
right_child=1 2 -4 7 -6 6 -8 8 10 -11 12 -13 -14 -15
leaf_value=-482.37552374335701 20158.797114490328 1557.2188632882053 14214.872404233871 159.12961839064158 -9891.9245583274169 14.484708180147059 13465.653997802736 1718.5253736413044 -6137.9308468191966 -23117.350870487611 -1675.5365220153217 -18335.96774198092 8447.1796287742818 7085.8358226102937
leaf_weight=2450 21 781 31 1587 22 34 20 23 70 29 206 26 74 34
leaf_count=2450 21 781 31 1587 22 34 20 23 70 29 206 26 74 34
internal_value=34.5169 462.639 2040.45 -134.372 4902.25 9241.87 4996.4 -372.806 -2200.04 -12132.3 -940.344 -5119.01 999.753 -1814.78
internal_weight=5408 2958 812 2146 97 75 54 2049 462 52 410 130 280 104
internal_count=5408 2958 812 2146 97 75 54 2049 462 52 410 130 280 104
is_linear=0
shrinkage=0.05


Tree=116
num_leaves=15
num_cat=0
split_feature=2 1 6 1 5 0 1 6 10 0 10 5 2 1
split_gain=6.86039e+11 1.12815e+12 2.52183e+12 2.97263e+12 2.96681e+12 1.32296e+12 9.46664e+11 1.22105e+12 3.02085e+12 2.8972e+12 2.55224e+12 2.12838e+12 1.80864e+12 1.67827e+12
threshold=2514500.0000000005 2793500.0000000005 7.5000000000000009 3578500.0000000005 671246.81783403049 3463500.0000000005 1980500.0000000002 14.500000000000002 -0.6830127018922193 2582500.0000000005 0.93301270189221952 575897.36303408351 3504000.0000000005 2524500.0000000005
decision_type=2 2 2 2 2 2 2 2 2 2 2 2 2 2
left_child=1 5 -3 4 -4 -1 -2 8 9 -8 11 13 -13 -10
right_child=6 2 3 -5 -6 -7 7 -9 10 -11 -12 12 -14 -15
leaf_value=-425.1655483953914 4964.8227591898903 19477.911234907671 -708.17345402415208 -14371.103539062502 16347.964197107265 -12200.607592773438 -466.43131277901784 1278.6549194151357 -3503.6663671875003 -22333.366811671403 -13812.723474243165 3892.4187956779238 -14612.978744904893 13330.567304002194
leaf_weight=3879 134 22 82 25 37 24 28 992 20 33 25 31 23 57
leaf_count=3879 134 22 82 25 37 24 28 992 20 33 25 31 23 57
internal_value=-2.46169 -325.876 3711.09 1302.27 4595 -497.574 977.415 535.469 -2861.95 -12296.1 827.035 3620.88 -3989.51 8958.04
internal_weight=5412 4069 166 144 119 3903 1343 1209 217 61 156 131 54 77
internal_count=5412 4069 166 144 119 3903 1343 1209 217 61 156 131 54 77
is_linear=0
shrinkage=0.05


Tree=117
num_leaves=15
num_cat=0
split_feature=1 5 0 12 6 10 2 4 2 1 6 6 2 5
split_gain=6.23761e+11 1.13799e+12 3.03124e+12 1.66432e+12 1.1056e+12 1.30007e+12 6.86996e+11 1.50977e+12 7.9902e+11 1.65122e+12 1.1455e+12 9.33383e+11 4.39949e+12 2.82162e+12
threshold=1152500.0000000002 1183217.3570780067 2240500.0000000005 12.500000000000002 5.5000000000000009 1.0000000180025095e-35 515000.00000000006 1572416.666666667 1012500.0000000001 2308500.0000000005 11.500000000000002 8.5000000000000018 3330000.0000000005 469986.50333062111
decision_type=2 2 2 2 2 2 2 2 2 2 2 2 2 2
left_child=1 2 -1 -3 5 -2 7 -6 9 10 -8 12 13 -10
right_child=4 3 -4 -5 6 -7 8 -9 11 -11 -12 -13 -14 -15
leaf_value=-1639.107345421201 13489.755556048771 -4201.6164404296878 -20678.610205078126 15952.129148065476 3242.1466273716519 -75.687605365953956 10116.334235491071 -15500.825985440342 298.38082784016927 16991.812806919643 -4368.0695494040465 33.455221048412533 15511.011725118888 -16155.014600466009
leaf_weight=420 33 20 22 21 21 38 21 22 48 21 39 4617 23 57
leaf_count=420 33 20 22 21 21 38 21 22 48 21 39 4617 23 57
internal_value=-132.661 -1847.6 -2586.77 6121.03 35.0145 6229.38 -55.312 -6347.28 0.749865 4924.89 701.472 -83.3082 -4295 -8633.46
internal_weight=5423 483 442 41 4940 71 4869 43 4826 81 60 4745 128 105
internal_count=5423 483 442 41 4940 71 4869 43 4826 81 60 4745 128 105
is_linear=0
shrinkage=0.05


Tree=118
num_leaves=15
num_cat=0
split_feature=4 2 0 2 2 4 1 2 4 2 0 2 3 0
split_gain=6.8228e+11 6.30498e+11 1.83168e+12 2.14188e+12 6.92484e+11 1.05904e+12 1.08664e+12 5.75526e+11 4.92186e+11 1.18694e+12 1.82014e+12 1.31923e+12 6.90407e+11 7.33363e+11
threshold=927083.33333333349 3452500.0000000005 2444500.0000000005 3706000.0000000005 3535000.0000000005 2983416.6666666674 2950500.0000000005 3853500.0000000005 3146666.6666666674 3001500.0000000005 3599000.0000000005 3216500.0000000005 3174500.0000000005 3240500.0000000005
decision_type=2 2 2 2 2 2 2 2 2 2 2 2 2 2
left_child=-1 8 3 -3 -4 -6 -7 -8 12 -10 11 -11 -2 -14
right_child=1 2 4 -5 5 6 7 -9 9 10 -12 -13 13 -15
leaf_value=-4598.7745159770166 -22.099472706890744 -22362.608691406251 -6966.2376145426433 -1598.8168330439817 10697.413624511719 -8584.2646960842994 -335.09566650390627 9589.1319475446435 10907.54458984375 -2177.6341834435098 -12108.686200216544 11405.749875710229 671.06110174005687 -11732.661250187801
leaf_weight=86 4957 23 30 27 25 31 48 21 35 39 23 33 22 26
leaf_count=86 4957 23 30 27 25 31 48 21 35 39 23 33 22 26
internal_value=-180.701 -109.549 -2828.71 -11150.2 -144.367 1492.88 -808.25 2685.32 -0.994478 3036.36 136.445 4048.08 -79.8867 -6047.62
internal_weight=5426 5340 205 50 155 125 100 69 5135 130 95 72 5005 48
internal_count=5426 5340 205 50 155 125 100 69 5135 130 95 72 5005 48
is_linear=0
shrinkage=0.05


Tree=119
num_leaves=15
num_cat=0
split_feature=2 12 0 0 0 0 1 2 9 0 2 0 2 0
split_gain=8.91621e+11 5.23671e+11 1.31364e+12 1.18296e+12 1.08653e+12 9.39489e+11 1.04974e+12 1.52581e+12 1.09272e+12 8.57708e+11 8.01732e+11 2.4664e+12 2.12163e+12 1.46239e+12
threshold=268000.00000000006 15.500000000000002 3463500.0000000005 3818000.0000000005 3289500.0000000005 3463500.0000000005 2490500.0000000005 2726500.0000000005 1.0000000180025095e-35 714000.00000000012 3504000.0000000005 3036000.0000000005 3853500.0000000005 504000.00000000006
decision_type=2 2 2 2 2 2 2 2 2 2 2 2 2 2
left_child=-1 5 4 -4 9 10 -7 -8 -9 -3 13 12 -12 -2
right_child=1 2 3 -5 -6 6 7 8 -10 -11 11 -13 -14 -15
leaf_value=10173.296298363095 9558.7625863424164 -8604.693897920497 -13596.186730627111 1496.841552734375 9556.1770700308007 -4776.3866847826093 19360.437724609375 9625.6465494791682 -3072.8849212646487 -586.63689042540489 -21748.925943359376 8009.1065022786461 -936.29693603515625 57.823404074202074
leaf_weight=21 41 34 37 20 26 23 20 36 32 1754 25 24 24 3330
leaf_count=21 41 34 37 20 26 23 20 36 32 1754 25 24 24 3330
internal_value=-109.513 -149.31 -826.393 -8300.39 -591.544 207.04 4734.62 7220.45 3649.87 -739.106 61.1166 -5122.96 -11555 173.379
internal_weight=5447 5426 1871 57 1814 3555 111 88 68 1788 3444 73 49 3371
internal_count=5447 5426 1871 57 1814 3555 111 88 68 1788 3444 73 49 3371
is_linear=0
shrinkage=0.05


Tree=120
num_leaves=15
num_cat=0
split_feature=1 4 2 0 4 9 4 3 6 5 1 2 3 6
split_gain=8.54554e+11 2.89661e+12 2.92726e+12 2.11965e+12 9.95283e+11 1.28554e+12 8.63507e+11 2.92172e+12 1.68386e+12 1.47137e+12 1.13195e+12 1.06156e+12 1.27994e+12 8.04626e+11
threshold=3363500.0000000005 3280833.3333333335 3330000.0000000005 3240500.0000000005 2998250.0000000005 1.0000000180025095e-35 2426000.0000000005 2303166.666666667 12.500000000000002 1401470.998260116 1817500.0000000002 3001500.0000000005 2582500.0000000005 14.500000000000002
decision_type=2 2 2 2 2 2 2 2 2 2 2 2 2 2
left_child=6 2 3 4 5 -2 9 8 -8 11 -9 12 -1 -12
right_child=1 -3 -4 -5 -6 -7 7 10 -10 -11 13 -13 -14 -15
leaf_value=-361.1823209278175 10007.500022051412 3667.8480284988241 -23657.393701171877 -17046.1460390625 -9467.6786399147732 -4772.6416643415178 20347.611673177085 12482.756223144532 3730.8422473538303 11147.101750837055 -2642.34496862793 -9285.4842803030315 9839.4583480342753 1030.0254629969834
leaf_weight=3847 31 93 24 25 22 28 30 20 31 28 175 33 31 1010
leaf_count=3847 31 93 24 25 22 28 30 20 31 28 175 33 31 1010
internal_value=-38.6153 -3069.56 -7889.4 -4319.28 -391.239 2993.2 91.2407 1227.22 11903 -273.863 686.78 -355.629 -279.64 487.692
internal_weight=5428 223 130 106 81 59 5205 1266 61 3939 1205 3911 3878 1185
internal_count=5428 223 130 106 81 59 5205 1266 61 3939 1205 3911 3878 1185
is_linear=0
shrinkage=0.05


Tree=121
num_leaves=15
num_cat=0
split_feature=5 12 8 5 6 12 1 10 8 1 0 1 2 2
split_gain=7.28509e+11 6.58284e+11 1.31978e+12 9.44796e+11 7.75488e+11 7.31923e+11 1.95021e+12 1.16963e+12 1.68718e+12 1.32248e+12 8.26623e+11 9.00768e+11 1.964e+12 3.58054e+12
threshold=176418.0640560959 21.500000000000004 1.5000000000000002 243509.06046265364 18.500000000000004 18.500000000000004 3458500.0000000005 0.68301270189221941 1.5000000000000002 1783500.0000000002 504000.00000000006 1279500.0000000002 2092500.0000000002 2495500.0000000005
decision_type=2 2 2 2 2 2 2 2 2 2 2 2 2 2
left_child=-1 5 3 -3 -4 10 7 8 -7 -10 -2 12 -12 -14
right_child=1 2 4 -5 -6 6 -8 -9 9 -11 11 -13 13 -15
leaf_value=-395.67107805480589 7323.3758579101559 7199.1512133789065 12184.845047851564 -6354.8274983723968 1091.3083856997282 1625.590832701726 -14519.597134164664 1394.6284115925689 -1595.5065877914431 -15019.63920103561 580.70076214334244 1167.0074859423041 -26505.094233630953 -1219.0758637927827
leaf_weight=2479 50 20 50 36 23 67 26 291 32 43 184 2062 21 42
leaf_count=2479 50 20 50 36 23 67 26 291 32 43 184 2062 21 42
internal_value=236.012 767.381 4260.09 -1514.12 8689.62 607.495 -1219.3 -420.668 -4140.75 -9292.01 962.942 825.21 -2028.17 -9647.75
internal_weight=5426 2947 129 56 73 2818 459 433 142 75 2359 2309 247 63
internal_count=5426 2947 129 56 73 2818 459 433 142 75 2359 2309 247 63
is_linear=0
shrinkage=0.05


Tree=122
num_leaves=15
num_cat=0
split_feature=1 5 4 1 10 8 10 8 1 5 5 5 10 1
split_gain=8.24108e+11 1.18433e+12 2.67086e+12 6.27114e+11 1.09498e+12 1.83134e+12 1.5703e+12 1.43035e+12 1.18668e+12 9.52746e+11 1.87541e+12 1.46769e+12 2.54627e+12 2.57973e+12
threshold=4105500.0000000005 1517799.4650754521 2473450.0000000005 3363500.0000000005 -0.5 1.5000000000000002 -0.6830127018922193 1.5000000000000002 3529500.0000000005 1183217.3570780067 1075028.9061197604 843111.69620012271 -0.24999999999999994 1688500.0000000002
decision_type=2 2 2 2 2 2 2 2 2 2 2 2 2 2
left_child=1 3 -3 9 6 -6 7 -5 -7 10 11 -1 13 -13
right_child=-2 2 -4 4 5 8 -8 -9 -10 -11 -12 12 -14 -15
leaf_value=-5.6923857279800849 7643.0743303571435 6038.6468238467269 -17210.670813802084 -13102.795568847658 522.96118228310036 -23416.908828125001 11416.924875000001 1795.9335030691964 -6192.7912158203126 6229.3253110855348 -10879.725520833334 685.07137784090912 -887.29407066231352 23072.449143145161
leaf_weight=4949 35 21 30 24 38 20 25 49 20 63 39 22 67 31
leaf_count=4949 35 21 30 24 38 20 25 49 20 63 39 22 67 31
internal_value=-4.51505 -54.1011 -7637.42 18.229 -2916.84 -7337.45 601.6 -3102.28 -14804.9 118.127 42.7541 126.79 5590.57 13779.6
internal_weight=5433 5398 51 5347 176 78 98 73 40 5171 5108 5069 120 53
internal_count=5433 5398 51 5347 176 78 98 73 40 5171 5108 5069 120 53
is_linear=0
shrinkage=0.05


Tree=123
num_leaves=15
num_cat=0
split_feature=6 4 3 3 12 4 11 4 4 0 2 1 5 5
split_gain=6.93995e+11 2.00757e+12 2.43963e+12 3.23559e+12 2.32492e+12 2.31221e+12 2.25854e+12 2.56278e+12 2.1814e+12 1.90626e+12 1.72905e+12 1.57779e+12 1.03703e+12 8.65269e+11
threshold=9.5000000000000018 3117458.3333333335 2017166.6666666667 1913166.6666666667 14.500000000000002 2027416.666666667 -0.68301270189221952 2630416.666666667 2844500.0000000005 1850500.0000000002 1763500.0000000002 2184500.0000000005 366806.23093723098 477437.00658538128
decision_type=2 2 2 2 2 2 2 2 2 2 2 2 2 2
left_child=1 2 3 4 9 -4 -7 11 -9 12 -6 -8 -1 -14
right_child=-2 -3 5 -5 10 6 7 8 -10 -11 -12 -13 13 -15
leaf_value=-4053.9250840928821 -64.502530311751329 -11939.050178019206 22909.12437686012 -19797.986528320314 -733.09221660907451 -8208.1091477614191 12111.648046875001 25648.510825892859 6538.5767845153814 18660.500908627717 -17732.119363839287 -4287.8033386230472 15161.704235839845 2190.705000474718
leaf_weight=36 5030 24 21 20 52 26 22 28 32 23 21 44 20 36
leaf_count=36 5030 24 21 20 52 26 22 28 32 23 21 44 20 36
internal_value=95.819 2086.97 2970.5 -678.391 1355.61 7357.61 5209.04 7977.66 15456.5 5785.65 -5623.22 1178.68 2566.94 6823.2
internal_weight=5435 405 381 208 188 173 152 126 60 115 73 66 92 56
internal_count=5435 405 381 208 188 173 152 126 60 115 73 66 92 56
is_linear=0
shrinkage=0.05


Tree=124
num_leaves=15
num_cat=0
split_feature=3 4 0 1 0 1 1 0 1 1 1 2 6 0
split_gain=5.28211e+11 1.19433e+12 6.23234e+11 5.79283e+11 6.91595e+11 1.82753e+12 8.58269e+11 8.45855e+11 7.96355e+11 8.38454e+11 1.18425e+12 1.0829e+12 8.36691e+11 1.11023e+12
threshold=1659666.6666666667 1543983.3333333337 2115500.0000000005 635500.00000000012 3732000.0000000005 2815500.0000000005 1196500.0000000002 3933000.0000000005 1291500.0000000002 1464500.0000000002 1503500.0000000002 2259500.0000000005 12.500000000000002 1772500.0000000002
decision_type=2 2 2 2 2 2 2 2 2 2 2 2 2 2
left_child=2 -2 -1 -3 6 -6 -5 -7 -8 11 -11 -10 13 -12
right_child=1 3 -4 4 5 7 8 -9 9 10 12 -13 -14 -15
leaf_value=-608.37510745589464 9421.1331488715277 -6893.8314679827008 -8728.8388427734371 8213.8796819196432 -14291.98787042026 -5851.4040660511364 -9602.851743164063 7249.8434430803572 725.69600451239228 -11525.036488414946 -1986.5485444335936 15849.054315490725 120.88177467171472 4114.9829710039257
leaf_weight=1525 36 28 24 35 29 22 20 28 29 21 100 20 3275 293
leaf_count=1525 36 28 24 35 29 22 20 28 29 21 100 20 3275 293
internal_value=47.9524 355.763 -734.192 272.083 323.902 -4306.37 420.341 1485.29 347.756 400.996 314.692 6898.5 382.476 2562.43
internal_weight=5485 3936 1549 3900 3872 79 3793 50 3758 3738 3689 49 3668 393
internal_count=5485 3936 1549 3900 3872 79 3793 50 3758 3738 3689 49 3668 393
is_linear=0
shrinkage=0.05


Tree=125
num_leaves=15
num_cat=0
split_feature=3 1 2 2 1 12 4 4 4 5 5 1 12 3
split_gain=1.26574e+12 1.16938e+12 7.93144e+11 5.50383e+11 1.17746e+12 1.74374e+12 6.15063e+11 9.68245e+11 5.20645e+11 2.81191e+12 1.63823e+12 1.25892e+12 2.3779e+12 3.24289e+12
threshold=892666.66666666686 515000.00000000006 2014500.0000000002 1012500.0000000001 2238500.0000000005 12.500000000000002 1658416.666666667 1395633.3333333337 1767500.0000000002 952945.56974290218 728576.20254835952 1702500.0000000002 11.500000000000002 2092166.6666666667
decision_type=2 2 2 2 2 2 2 2 2 2 2 2 2 2
left_child=-1 2 -2 4 6 -6 7 -3 9 10 -5 12 -10 -14
right_child=1 3 -4 8 5 -7 -8 -9 11 -11 -12 -13 13 -15
leaf_value=-5800.5819948418202 1575.6175967261906 485.25632580953936 15160.608753828568 -593.59650080205574 -453.70054687499999 19945.324076704546 -6030.9403211805557 11853.591313032672 -1029.3221891515395 -17246.843093750002 10198.073461809423 203.29698604370043 4572.9416255556307 23812.407663755064
leaf_weight=86 21 126 22 1520 20 22 27 22 136 25 36 3231 116 27
leaf_count=86 21 126 22 1520 20 22 27 22 136 25 36 3231 116 27
internal_value=217.13 313.845 8526.08 247.318 2713.41 10231.5 909.062 2175.14 142.203 -611.2 -343.918 481.556 3703.97 8205.57
internal_weight=5437 5351 43 5308 217 42 175 148 5091 1581 1556 3510 279 143
internal_count=5437 5351 43 5308 217 42 175 148 5091 1581 1556 3510 279 143
is_linear=0
shrinkage=0.05


Tree=126
num_leaves=15
num_cat=0
split_feature=2 1 12 1 1 5 5 4 3 5 11 2 5 0
split_gain=7.52275e+11 1.36187e+12 2.00023e+12 1.71022e+12 1.7733e+12 2.35514e+12 1.02708e+12 1.05259e+12 1.22919e+12 9.89903e+11 2.07184e+12 1.44854e+12 1.32275e+12 1.31251e+12
threshold=3076500.0000000005 2229500.0000000005 12.500000000000002 2445500.0000000005 2683000.0000000005 877521.3196407893 1625865.5385346918 3311250.0000000005 3174500.0000000005 1075028.9061197604 0.6830127018922193 2296500.0000000005 952945.56974290218 2100500.0000000005
decision_type=2 2 2 2 2 2 2 2 2 2 2 2 2 2
left_child=6 2 -2 -3 -5 -6 7 8 9 12 11 -11 -1 -14
right_child=1 3 -4 4 5 -7 -8 -9 -10 10 -12 -13 13 -15
leaf_value=-316.65593625539839 -809.11619466145839 -12263.896864827475 16017.245262386925 12049.543394639757 1553.786319636667 -14719.618713378906 9438.8754484953715 9327.7517578125007 -12186.413636363637 -6674.4746284298781 -16813.757899693079 8078.8283952985503 -243.58344726562501 17870.709335937499
leaf_weight=4799 33 24 38 36 302 24 27 28 22 41 28 28 20 20
leaf_count=4799 33 24 38 36 302 24 27 28 22 41 28 28 20 20
internal_value=-109.693 1832.34 8196.54 661.717 1518.66 355.744 -286.734 -339.399 -393.994 -341.435 -5342.59 -687.627 -241.184 8813.56
internal_weight=5470 457 71 386 362 326 5013 4986 4958 4936 97 69 4839 40
internal_count=5470 457 71 386 362 326 5013 4986 4958 4936 97 69 4839 40
is_linear=0
shrinkage=0.05


Tree=127
num_leaves=15
num_cat=0
split_feature=0 12 6 0 1 2 2 4 0 6 4 3 2 1
split_gain=7.56653e+11 1.52783e+12 1.77781e+12 1.3425e+12 6.40575e+11 1.45913e+12 8.2781e+11 1.34211e+12 7.22751e+11 1.66144e+12 1.12469e+12 1.10318e+12 8.72946e+11 2.13976e+12
threshold=870500.00000000012 18.500000000000004 12.500000000000002 504000.00000000006 869500.00000000012 2487500.0000000005 1948500.0000000002 1070833.3333333335 3732000.0000000005 18.500000000000004 3379833.333333334 3500666.6666666674 3452500.0000000005 3102500.0000000005
decision_type=2 2 2 2 2 2 2 2 2 2 2 2 2 2
left_child=1 2 3 -1 5 6 7 -2 10 11 12 -10 -6 -14
right_child=4 -3 -4 -5 8 -7 -8 -9 9 -11 -12 -13 13 -15
leaf_value=13095.70206217448 -4275.0272766113285 -12742.638723575368 -5577.6725503855741 -1741.4732091103831 102.21213344771002 12828.734166240693 -8539.9074346923826 8810.518782930596 -4261.6739085477948 5447.808850549769 6565.6623964251894 -19060.789023437501 861.87228385828712 -12702.989410665761
leaf_weight=30 36 34 87 31 4821 32 20 43 34 27 66 20 79 46
leaf_count=30 36 34 87 31 4821 32 20 43 34 27 66 20 79 46
internal_value=-15.5609 -3184.74 -989.001 5555.5 94.8506 3547.12 547.002 2847.49 6.05281 -4679.28 81.7735 -9742.83 -4.74826 -4130
internal_weight=5406 182 148 61 5224 131 99 79 5093 81 5012 54 4946 125
internal_count=5406 182 148 61 5224 131 99 79 5093 81 5012 54 4946 125
is_linear=0
shrinkage=0.05


Tree=128
num_leaves=15
num_cat=0
split_feature=6 3 9 13 11 1 1 6 6 4 12 4 1 0
split_gain=6.11632e+11 1.17491e+12 6.62617e+11 1.9065e+12 1.69926e+12 1.46776e+12 1.28457e+12 8.61452e+11 1.77006e+12 2.30996e+12 1.76847e+12 2.6174e+12 2.43493e+12 2.20733e+12
threshold=2.5000000000000004 1861833.3333333337 1.0000000180025095e-35 1.0000000180025095e-35 0.6830127018922193 1113500.0000000002 3330000.0000000005 10.500000000000002 11.500000000000002 2147566.6666666674 10.500000000000002 2381083.3333333335 1324500.0000000002 1182500.0000000002
decision_type=2 2 2 2 2 2 2 2 2 2 2 2 2 2
left_child=1 -1 7 4 5 -4 -6 10 9 -9 11 12 -2 -12
right_child=2 -3 3 -5 6 -7 -8 8 -10 -11 13 -13 -14 -15
leaf_value=2425.5168359374998 15694.010016741071 -14712.964189453127 -10170.232714843751 941.353484675868 -3531.5464636286983 547.65035802306545 -16435.753500976563 -1224.1130759214745 438.86807800041106 -22124.336335449218 11688.982888614431 18855.974365876853 -5520.7481946443258 -2475.2491772121853
leaf_weight=20 21 20 34 1023 540 528 20 39 2908 20 34 38 38 144
leaf_count=20 21 20 34 1023 540 528 20 39 2908 20 34 38 38 144
internal_value=16.2485 -6143.72 61.988 -619.755 -2043.12 -100.762 -3992.41 513.049 264.914 -8308.93 3190.19 8621.78 2030.27 230.278
internal_weight=5427 40 5387 2145 1122 562 560 3242 2967 59 275 97 59 178
internal_count=5427 40 5387 2145 1122 562 560 3242 2967 59 275 97 59 178
is_linear=0
shrinkage=0.05


Tree=129
num_leaves=15
num_cat=0
split_feature=5 4 5 10 5 15 12 5 10 5 3 12 12 3
split_gain=8.26095e+11 3.68864e+12 7.30895e+11 6.18328e+11 3.87589e+11 1.63351e+12 1.30741e+12 1.56284e+12 1.63449e+12 6.52069e+11 6.41518e+11 1.61092e+12 1.43755e+12 7.67685e+11
threshold=1517799.4650754521 2452833.333333334 1334748.3847396513 -0.5 176418.0640560959 1.0000000180025095e-35 18.500000000000004 105034.91439845458 -0.24999999999999994 179378.55456281675 1110500.0000000002 6.5000000000000009 12.500000000000002 892666.66666666686
decision_type=2 2 2 2 2 2 2 2 2 2 2 2 2 2
left_child=2 -2 4 -4 5 -1 7 -7 -9 -6 11 -11 13 -13
right_child=1 -3 3 -5 9 6 -8 8 -10 10 -12 12 -14 -15
leaf_value=-333.37098713155325 10449.709570312501 -15155.258826622598 289.35189941406253 12573.543647693454 6616.2071179199229 -96.372545855978274 3908.9155078125 -7382.4513509114586 -26736.266440429692 16769.657158203128 34.25311677064601 -11389.707462565106 7349.2307313368065 1874.0679003906253
leaf_weight=2362 22 39 20 21 40 23 20 24 20 20 2687 24 45 20
leaf_count=2362 22 39 20 21 40 23 20 24 20 20 2687 24 45 20
internal_value=-135.098 -5920.68 -68.834 6581.25 -120.424 -581.202 -7309.68 -10658.5 -16179.6 277.476 186.794 3947.13 1065.66 -5360.72
internal_weight=5387 61 5326 41 5285 2449 87 67 44 2836 2796 109 89 44
internal_count=5387 61 5326 41 5285 2449 87 67 44 2836 2796 109 89 44
is_linear=0
shrinkage=0.05


Tree=130
num_leaves=15
num_cat=0
split_feature=5 12 4 1 3 9 11 15 2 4 4 0 3 5
split_gain=9.78709e+11 3.08395e+12 6.44317e+11 1.11828e+12 1.90769e+12 1.38417e+12 1.03993e+12 1.14356e+12 8.65061e+11 2.21462e+12 9.40933e+11 1.00998e+12 1.68208e+12 7.25417e+11
threshold=1517799.4650754521 12.500000000000002 3379833.333333334 3402500.0000000005 3159333.333333334 1.0000000180025095e-35 0.6830127018922193 1.0000000180025095e-35 3706000.0000000005 3030333.3333333335 2998250.0000000005 3359500.0000000005 2882666.6666666674 216955.81358065174
decision_type=2 2 2 2 2 2 2 2 2 2 2 2 2 2
left_child=2 -2 3 8 5 -5 7 -6 10 -10 11 -1 -13 -12
right_child=1 -3 -4 4 6 -7 -8 -9 9 -11 13 12 -14 -15
leaf_value=-244.54138466989514 -17508.244494628907 5384.061760602679 4025.9235747612847 11620.6064453125 -7661.7984197443184 -4568.2698084677422 -234.58926757812503 -22378.584414950285 18963.644736328126 -4566.2240942382814 -256.82795019815137 -17347.578354279893 758.82156519396551 5848.9092080252522
leaf_weight=4889 31 28 90 23 33 31 20 22 20 20 86 23 29 112
leaf_count=4889 31 28 90 23 33 31 20 22 20 20 86 23 29 112
internal_value=-239.231 -6644.1 -169.226 -240.357 -4838.78 2326.99 -9998.13 -13548.5 -125.818 7198.71 -182.829 -318.266 -7249.78 3196.92
internal_weight=5457 59 5398 5308 129 54 75 55 5179 40 5139 4941 52 198
internal_count=5457 59 5398 5308 129 54 75 55 5179 40 5139 4941 52 198
is_linear=0
shrinkage=0.05


Tree=131
num_leaves=15
num_cat=0
split_feature=2 2 5 5 11 3 11 5 6 12 12 5 4 6
split_gain=1.16871e+12 5.7951e+11 5.34398e+11 2.74788e+12 2.85745e+12 2.51923e+12 1.93534e+12 1.88636e+12 2.23437e+12 1.37255e+12 2.06389e+12 2.05349e+12 1.68098e+12 1.658e+12
threshold=3853500.0000000005 4087000.0000000005 843111.69620012271 900811.7069039304 -0.24999999999999994 1856833.3333333337 -0.68301270189221952 763456.49977629853 15.500000000000002 7.5000000000000009 18.500000000000004 1021296.3974243255 2002500.0000000002 9.5000000000000018
decision_type=2 2 2 2 2 2 2 2 2 2 2 2 2 2
left_child=2 -2 7 -4 5 -5 -7 -1 -9 11 12 -6 -11 -14
right_child=1 -3 3 4 9 6 -8 8 -10 10 -12 -13 13 -15
leaf_value=-80.305510987458632 11832.9674609375 2084.7749747983871 13998.502105564025 2851.9927511160713 9545.2392890624997 -24089.289287860578 -4399.4851318359379 -13756.650741634729 4138.5337590144236 -111.10611049107143 -3686.4521484375 -8553.9341767810638 27521.052938988098 9440.3179931640625
leaf_weight=5021 30 31 41 35 25 26 24 53 26 21 30 42 21 32
leaf_count=5021 30 31 41 35 25 26 24 53 26 21 30 42 21 32
internal_value=-3.07386 6878.97 -80.8587 1980.88 56.179 -7436.35 -14638.2 -200.924 -7867.1 3780.53 7376.01 -1800.51 11860.8 16604.4
internal_weight=5458 61 5397 297 256 85 50 5100 79 171 104 67 74 53
internal_count=5458 61 5397 297 256 85 50 5100 79 171 104 67 74 53
is_linear=0
shrinkage=0.05


Tree=132
num_leaves=15
num_cat=0
split_feature=11 13 5 2 0 6 2 2 6 4 1 5 6 10
split_gain=7.07385e+11 1.29556e+12 1.55238e+12 1.71804e+12 1.12976e+12 1.67928e+12 1.13397e+12 6.94385e+11 1.36456e+12 1.06253e+12 9.63232e+11 7.44521e+11 8.33676e+11 6.57357e+11
threshold=-0.68301270189221952 1.0000000180025095e-35 926642.88910489483 2795500.0000000005 1170500.0000000002 8.5000000000000018 2455000.0000000005 1558500.0000000002 14.500000000000002 2124416.6666666674 2350500.0000000005 165888.01426430419 17.500000000000004 0.25000000000000011
decision_type=2 2 2 2 2 2 2 2 2 2 2 2 2 2
left_child=1 2 3 4 -1 -6 7 8 -7 11 -11 -9 -13 -10
right_child=-2 -3 -4 -5 5 6 -8 9 13 10 -12 12 -14 -15
leaf_value=12693.438902545799 -145.42194207218623 -689.62913133354596 -5900.2614758003056 14577.298413250899 -10054.756062500001 -11895.169743546197 11503.514499383224 2506.0917995605469 6949.2349681181067 -7629.3639054361984 4501.6058790418838 16467.787387970955 4673.6952624090791 -3995.4857591711962
leaf_weight=29 4636 372 41 37 25 23 38 50 34 30 36 31 29 23
leaf_count=29 4636 372 41 37 25 23 38 50 34 30 36 31 29 23
internal_value=91.2614 1466.28 3348.9 4333.88 3244.78 2385.81 3443.68 2247.3 -1615.14 4002.95 -1012.47 7012.21 10767.3 2532.94
internal_weight=5434 798 426 385 348 319 294 256 80 176 66 110 60 57
internal_count=5434 798 426 385 348 319 294 256 80 176 66 110 60 57
is_linear=0
shrinkage=0.05


Tree=133
num_leaves=15
num_cat=0
split_feature=2 15 2 11 2 1 4 14 1 0 4 3 5 0
split_gain=7.66866e+11 1.39369e+12 1.36875e+12 1.44755e+12 1.02172e+12 9.35467e+11 7.73267e+11 1.05467e+12 5.96653e+11 5.21646e+11 1.94977e+12 3.42731e+12 1.48655e+12 7.1779e+11
threshold=3452500.0000000005 1.0000000180025095e-35 3706000.0000000005 0.6830127018922193 3361500.0000000005 2950500.0000000005 3280833.3333333335 1.0000000180025095e-35 2950500.0000000005 3359500.0000000005 2473450.0000000005 2995833.333333334 417625.82452110416 3289500.0000000005
decision_type=2 2 2 2 2 2 2 2 2 2 2 2 2 2
left_child=4 8 5 -4 6 -3 9 -8 -2 13 -11 -12 -13 -1
right_child=1 2 3 -5 -6 -7 7 -9 -10 10 11 12 -14 -15
leaf_value=-23.946992164660656 -5664.1290771484382 -6545.3233300781249 -9468.8665542602539 6414.3722677377555 8458.4781222873262 -21654.874739583334 11669.737044640744 -1400.0464978448276 3439.0799474080409 10267.185616629466 -21960.863296274038 -9951.1791289062512 5667.6293569711543 9467.2414428710945
leaf_weight=4999 24 20 32 26 36 21 33 29 72 21 26 25 39 20
leaf_count=4999 24 20 32 26 36 21 33 29 72 21 26 25 39 20
internal_value=-50.6525 -3129.3 -7291.81 -2348.79 64.1786 -14284.4 5.97464 5556.45 1163.28 -61.1071 -3451.47 -6652.49 -433.468 13.874
internal_weight=5423 195 99 58 5228 41 5192 62 96 5130 111 90 64 5019
internal_count=5423 195 99 58 5228 41 5192 62 96 5130 111 90 64 5019
is_linear=0
shrinkage=0.05


Tree=134
num_leaves=15
num_cat=0
split_feature=3 0 1 2 2 2 4 2 2 5 4 2 5 1
split_gain=5.15047e+11 9.52982e+11 1.70574e+12 5.72998e+11 6.74681e+11 8.11685e+11 7.74369e+11 6.16077e+11 5.32721e+11 2.31291e+12 6.63717e+11 5.22778e+11 6.31847e+11 4.31811e+11
threshold=1504166.6666666667 1726500.0000000002 1063500.0000000002 628500.00000000012 957500.00000000012 1104500.0000000002 1437416.666666667 1291500.0000000002 1473500.0000000002 443187.65628229332 1543983.3333333337 1948500.0000000002 671246.81783403049 1630500.0000000002
decision_type=2 2 2 2 2 2 2 2 2 2 2 2 2 2
left_child=1 11 -3 -2 -5 -6 -7 -8 9 10 -9 12 13 -1
right_child=3 2 -4 4 5 6 7 8 -10 -11 -12 -13 -14 -15
leaf_value=-542.44667467327338 -7094.9461046006945 1191.1851021902901 -16422.381944444445 8401.7872578125007 -9885.270253906252 8813.683706430289 6334.2324157714847 -6428.4109781901043 195.25216209473285 -15762.685986328126 3281.2768880208337 -8515.9364955357141 5780.7725303248362 -5179.9038274801005
leaf_weight=949 27 28 27 25 20 26 40 24 4083 28 66 21 38 53
leaf_count=949 27 28 27 25 20 26 40 24 4083 28 66 21 38 53
internal_value=-80.1266 -1038.11 -7455.48 166.269 211.736 163.975 211.077 158.338 99.5339 -3212.48 692.027 -705.45 -547.738 -787.741
internal_weight=5455 1116 55 4339 4312 4287 4267 4241 4201 118 90 1061 1040 1002
internal_count=5455 1116 55 4339 4312 4287 4267 4241 4201 118 90 1061 1040 1002
is_linear=0
shrinkage=0.05


Tree=135
num_leaves=15
num_cat=0
split_feature=2 0 6 2 1 4 6 10 11 10 13 2 6 0
split_gain=7.71127e+11 1.74604e+12 1.80669e+12 1.20263e+12 1.23629e+12 1.15619e+12 2.65898e+12 7.8056e+11 6.18861e+11 4.83491e+11 1.10632e+12 1.71236e+12 2.6187e+12 1.04812e+12
threshold=3452500.0000000005 2444500.0000000005 11.500000000000002 3361500.0000000005 3049500.0000000005 2967750.0000000005 13.500000000000002 -0.5 0.6830127018922193 -0.6830127018922193 1.0000000180025095e-35 2741000.0000000005 14.500000000000002 1128000.0000000002
decision_type=2 2 2 2 2 2 2 2 2 2 2 2 2 2
left_child=3 2 -2 9 -5 -3 -7 -8 -9 10 11 13 -13 -1
right_child=1 5 -4 4 -6 6 7 8 -10 -11 -12 12 -14 -15
leaf_value=6942.2133366765211 -2486.3654644305893 9148.9025653545668 -21954.944016335226 17502.985468750001 -77.455195159912122 -19107.631186523438 5263.5443188476565 1905.3693766276044 -9572.0908411440651 284.52128839108235 643.74624325210505 -20368.235461819557 -2912.2826923479352 -1773.6791819214588
leaf_weight=37 26 26 22 20 20 20 50 24 23 3943 639 31 70 509
leaf_count=37 26 26 22 20 20 20 50 24 23 3943 639 31 70 509
internal_value=-37.1193 -3158.05 -11409.5 76.0137 8712.77 -388.344 -2507.73 914.928 -3711.26 9.94557 -831.93 -2289.36 -8270.05 -1183.04
internal_weight=5460 191 48 5269 40 143 117 97 47 5229 1286 647 101 546
internal_count=5460 191 48 5269 40 143 117 97 47 5229 1286 647 101 546
is_linear=0
shrinkage=0.05


Tree=136
num_leaves=15
num_cat=0
split_feature=3 10 11 13 3 4 2 4 13 3 3 2 10 12
split_gain=5.42184e+11 7.2832e+11 4.92238e+11 1.33847e+12 1.82618e+12 1.78208e+12 1.33545e+12 2.2239e+12 1.10558e+12 1.34636e+12 1.22803e+12 1.31083e+12 1.49033e+12 2.06486e+12
threshold=892666.66666666686 1.0000000180025095e-35 -0.24999999999999994 1.0000000180025095e-35 1309833.3333333337 1459166.6666666667 1607500.0000000002 1483333.3333333337 1.0000000180025095e-35 3500666.6666666674 1341000.0000000002 1034500.0000000001 0.68301270189221941 18.500000000000004
decision_type=2 2 2 2 2 2 2 2 2 2 2 2 2 2
left_child=1 -1 3 4 5 -2 -6 -8 9 10 -4 -12 13 -13
right_child=2 -3 8 -5 6 -7 7 -9 -10 -11 11 12 -14 -15
leaf_value=2137.5487991333007 4772.9454219563804 -7288.1514506557542 -5558.4516460855502 -753.83388815166154 -1996.6096613156287 21409.105619673297 19053.152451171874 2064.9727255493631 635.72582635863307 -9537.2163913892673 7278.1263249323929 -1030.5480595990366 1478.4249511011781 -7780.8162166292714
leaf_weight=32 60 57 131 755 211 22 20 524 1764 46 52 1123 518 126
leaf_count=32 60 57 131 755 211 22 20 524 1764 46 52 1123 518 126
internal_value=-28.6375 -3899.14 35.7261 772.649 2149.58 9236.31 1379.9 2689.54 -276.29 -1082.3 -882.851 -546.125 -776.38 -1711.52
internal_weight=5441 89 5352 1592 837 82 755 544 3760 1996 1950 1819 1767 1249
internal_count=5441 89 5352 1592 837 82 755 544 3760 1996 1950 1819 1767 1249
is_linear=0
shrinkage=0.05


Tree=137
num_leaves=15
num_cat=0
split_feature=2 2 11 6 0 4 1 13 5 14 11 1 6 4
split_gain=4.52742e+11 4.55103e+11 5.55284e+11 1.41991e+12 1.48083e+12 1.59016e+12 1.51085e+12 1.24336e+12 1.3801e+12 1.93839e+12 2.5586e+12 2.55872e+12 1.84515e+12 3.04682e+12
threshold=268000.00000000006 1204000.0000000002 0.25000000000000017 3.5000000000000004 1027000.0000000001 1466666.6666666667 3836000.0000000005 1.0000000180025095e-35 351057.89566671627 1.0000000180025095e-35 0.6830127018922193 2014500.0000000002 12.500000000000002 2482916.6666666674
decision_type=2 2 2 2 2 2 2 2 2 2 2 2 2 2
left_child=-1 -2 3 -3 5 -5 -6 8 9 10 -4 -12 13 -10
right_child=1 2 7 4 6 -7 -8 -9 12 -11 11 -13 -14 -15
leaf_value=6741.5946914062506 -1366.058813837225 -10310.098626077586 707.39945312500004 -732.38792622884114 747.77840257831781 16410.560710685484 -13053.7155078125 804.39375282130698 -921.34258005777997 -1747.9833109937952 -5500.4261981670679 -23985.822819010416 -1712.1217991188919 11494.558985128857
leaf_weight=25 550 29 45 24 2324 31 20 1167 120 591 39 36 377 84
leaf_count=25 550 29 45 24 2324 31 20 1167 120 591 39 36 377 84
internal_value=28.4027 -2.4654 150.998 687.364 820.305 8930 630.018 -378.606 -1447.15 -2924.38 -8718.11 -14373.4 360.606 4191.09
internal_weight=5462 5437 4887 2428 2399 55 2344 2459 1292 711 120 75 581 204
internal_count=5462 5437 4887 2428 2399 55 2344 2459 1292 711 120 75 581 204
is_linear=0
shrinkage=0.05


Tree=138
num_leaves=15
num_cat=0
split_feature=5 15 5 1 1 4 10 6 0 0 4 6 1 3
split_gain=9.23653e+11 2.31804e+12 1.69695e+12 2.37395e+12 1.90221e+12 4.87858e+12 3.82487e+12 2.12103e+12 1.70286e+12 2.34082e+12 1.40907e+12 1.41747e+12 1.40234e+12 1.36866e+12
threshold=523959.87454891362 1.0000000180025095e-35 102570.28872598571 1464500.0000000002 2621500.0000000005 2395183.3333333335 1.0000000180025095e-35 11.500000000000002 2214500.0000000005 2506500.0000000005 1931833.3333333337 7.5000000000000009 1244500.0000000002 998500.00000000012
decision_type=2 2 2 2 2 2 2 2 2 2 2 2 2 2
left_child=1 -1 -3 12 5 8 -6 -7 10 -10 11 -5 -4 -2
right_child=13 2 3 4 6 7 -8 -9 9 -11 -12 -13 -14 -15
leaf_value=117.18668625028971 11380.195327579275 7432.9910386029414 -2101.1094364711221 -16155.17881610577 -8929.3998365752541 -13114.059384765626 12712.031197684153 -36141.372509765628 9772.6974714006701 -11670.34578125 -16930.567073567709 -3077.0793413947613 8189.4149136807064 1124.707653701337
leaf_weight=4142 34 34 112 26 49 20 35 20 35 20 36 102 47 754
leaf_count=4142 34 34 112 26 49 20 35 20 35 20 36 102 47 754
internal_value=-16.437 -283.198 -3377.22 -4109.38 -6450.4 -8570.92 87.8631 -24627.7 -5638.17 1975.23 -8191.45 -5733.57 940.744 1567.2
internal_weight=5466 4678 536 502 343 259 84 40 219 55 164 128 159 788
internal_count=5466 4678 536 502 343 259 84 40 219 55 164 128 159 788
is_linear=0
shrinkage=0.05


end of trees

feature_importances:
roll6_mean_income=328
lag2_income=217
roll3_std_income=190
lag1_income=178
lag3_income=155
roll3_mean_income=154
month_cos=139
workdays=126
month_sin=99
pattern_regular=95
months_since_start=78
is_holiday_season=55
n_platforms_active=48
pattern_irregular=48
pattern_seasonal=36

parameters:
[boosting: gbdt]
[objective: regression]
[metric: l1]
[tree_learner: serial]
[device_type: cpu]
[data_sample_strategy: bagging]
[data: ]
[valid: ]
[num_iterations: 500]
[learning_rate: 0.05]
[num_leaves: 15]
[num_threads: 0]
[seed: 20260723]
[deterministic: 0]
[force_col_wise: 0]
[force_row_wise: 0]
[histogram_pool_size: -1]
[max_depth: -1]
[min_data_in_leaf: 20]
[min_sum_hessian_in_leaf: 0.001]
[bagging_fraction: 0.85]
[pos_bagging_fraction: 1]
[neg_bagging_fraction: 1]
[bagging_freq: 1]
[bagging_seed: 320]
[bagging_by_query: 0]
[feature_fraction: 0.85]
[feature_fraction_bynode: 1]
[feature_fraction_seed: 6711]
[extra_trees: 0]
[extra_seed: 20591]
[early_stopping_round: 0]
[early_stopping_min_delta: 0]
[first_metric_only: 0]
[max_delta_step: 0]
[lambda_l1: 0]
[lambda_l2: 0]
[linear_lambda: 0]
[min_gain_to_split: 0]
[drop_rate: 0.1]
[max_drop: 50]
[skip_drop: 0.5]
[xgboost_dart_mode: 0]
[uniform_drop: 0]
[drop_seed: 9722]
[top_rate: 0.2]
[other_rate: 0.1]
[min_data_per_group: 100]
[max_cat_threshold: 32]
[cat_l2: 10]
[cat_smooth: 10]
[max_cat_to_onehot: 4]
[top_k: 20]
[monotone_constraints: ]
[monotone_constraints_method: basic]
[monotone_penalty: 0]
[feature_contri: ]
[forcedsplits_filename: ]
[refit_decay_rate: 0.9]
[cegb_tradeoff: 1]
[cegb_penalty_split: 0]
[cegb_penalty_feature_lazy: ]
[cegb_penalty_feature_coupled: ]
[path_smooth: 0]
[interaction_constraints: ]
[verbosity: -1]
[saved_feature_importance_type: 0]
[use_quantized_grad: 0]
[num_grad_quant_bins: 4]
[quant_train_renew_leaf: 0]
[stochastic_rounding: 1]
[linear_tree: 0]
[max_bin: 255]
[max_bin_by_feature: ]
[min_data_in_bin: 3]
[bin_construct_sample_cnt: 200000]
[data_random_seed: 4442]
[is_enable_sparse: 1]
[enable_bundle: 1]
[use_missing: 1]
[zero_as_missing: 0]
[feature_pre_filter: 1]
[pre_partition: 0]
[two_round: 0]
[header: 0]
[label_column: ]
[weight_column: ]
[group_column: ]
[ignore_column: ]
[categorical_feature: ]
[forcedbins_filename: ]
[precise_float_parser: 0]
[parser_config_file: ]
[objective_seed: 5935]
[num_class: 1]
[is_unbalance: 0]
[scale_pos_weight: 1]
[sigmoid: 1]
[boost_from_average: 1]
[reg_sqrt: 0]
[alpha: 0.9]
[fair_c: 1]
[poisson_max_delta_step: 0.7]
[tweedie_variance_power: 1.5]
[lambdarank_truncation_level: 30]
[lambdarank_norm: 1]
[label_gain: ]
[lambdarank_position_bias_regularization: 0]
[eval_at: ]
[multi_error_top_k: 1]
[auc_mu_weights: ]
[num_machines: 1]
[local_listen_port: 12400]
[time_out: 120]
[machine_list_filename: ]
[machines: ]
[gpu_platform_id: -1]
[gpu_device_id: -1]
[gpu_device_id_list: ]
[gpu_use_dp: 0]
[num_gpu: 1]

end of parameters

pandas_categorical:[]
